Year of Timestamp,Month of Timestamp,Day of Timestamp,Hour of Timestamp,elec_consumption
2016,December,1,0,16
2016,December,1,1,15
2016,December,1,2,14
2016,December,1,3,15
2016,December,1,4,14
2016,December,1,5,15.5
2016,December,1,6,17.5
2016,December,1,7,23
2016,December,1,8,30
2016,December,1,9,41
2016,December,1,10,46
2016,December,1,11,48.5
2016,December,1,12,53
2016,December,1,13,53.5
2016,December,1,14,55
2016,December,1,15,52.5
2016,December,1,16,53.5
2016,December,1,17,49
2016,December,1,18,46
2016,December,1,19,42.5
2016,December,1,20,36.5
2016,December,1,21,32.5
2016,December,1,22,30
2016,December,1,23,23
2016,December,2,0,16
2016,December,2,1,14
2016,December,2,2,14
2016,December,2,3,13.5
2016,December,2,4,14.5
2016,December,2,5,15
2016,December,2,6,18
2016,December,2,7,23
2016,December,2,8,31.5
2016,December,2,9,38
2016,December,2,10,45
2016,December,2,11,49
2016,December,2,12,50
2016,December,2,13,47
2016,December,2,14,48
2016,December,2,15,48.5
2016,December,2,16,50.5
2016,December,2,17,46
2016,December,2,18,41
2016,December,2,19,35.5
2016,December,2,20,30
2016,December,2,21,26.5
2016,December,2,22,25
2016,December,2,23,24.5
2016,December,3,0,16
2016,December,3,1,15
2016,December,3,2,14.5
2016,December,3,3,13.5
2016,December,3,4,13.5
2016,December,3,5,13.5
2016,December,3,6,19
2016,December,3,7,22
2016,December,3,8,22.5
2016,December,3,9,21
2016,December,3,10,21.5
2016,December,3,11,22
2016,December,3,12,23.5
2016,December,3,13,25
2016,December,3,14,24
2016,December,3,15,24
2016,December,3,16,25
2016,December,3,17,23
2016,December,3,18,26
2016,December,3,19,26
2016,December,3,20,25
2016,December,3,21,25
2016,December,3,22,24.5
2016,December,3,23,22.5
2016,December,4,0,15.5
2016,December,4,1,14
2016,December,4,2,14
2016,December,4,3,13.5
2016,December,4,4,14
2016,December,4,5,13.5
2016,December,4,6,15.5
2016,December,4,7,22.5
2016,December,4,8,21.5
2016,December,4,9,22
2016,December,4,10,22.5
2016,December,4,11,24.5
2016,December,4,12,25
2016,December,4,13,28
2016,December,4,14,27.5
2016,December,4,15,27.5
2016,December,4,16,29
2016,December,4,17,31
2016,December,4,18,32.5
2016,December,4,19,31.5
2016,December,4,20,30.5
2016,December,4,21,29
2016,December,4,22,29.5
2016,December,4,23,23.5
2016,December,5,0,15
2016,December,5,1,14.5
2016,December,5,2,13
2016,December,5,3,14
2016,December,5,4,13.5
2016,December,5,5,14.5
2016,December,5,6,19.5
2016,December,5,7,23.5
2016,December,5,8,31.5
2016,December,5,9,38
2016,December,5,10,42.5
2016,December,5,11,48
2016,December,5,12,50.5
2016,December,5,13,50.5
2016,December,5,14,51
2016,December,5,15,52.5
2016,December,5,16,53
2016,December,5,17,52
2016,December,5,18,45.5
2016,December,5,19,39
2016,December,5,20,33.5
2016,December,5,21,31
2016,December,5,22,28
2016,December,5,23,23.5
2016,December,6,0,15
2016,December,6,1,16.5
2016,December,6,2,14.5
2016,December,6,3,15
2016,December,6,4,14.5
2016,December,6,5,15
2016,December,6,6,20
2016,December,6,7,23
2016,December,6,8,32
2016,December,6,9,41
2016,December,6,10,50
2016,December,6,11,52.5
2016,December,6,12,52.5
2016,December,6,13,55.5
2016,December,6,14,54.5
2016,December,6,15,52.5
2016,December,6,16,57
2016,December,6,17,53
2016,December,6,18,49
2016,December,6,19,43.5
2016,December,6,20,37.5
2016,December,6,21,34
2016,December,6,22,29
2016,December,6,23,22.5
2016,December,7,0,13.5
2016,December,7,1,13
2016,December,7,2,13
2016,December,7,3,12
2016,December,7,4,12.5
2016,December,7,5,13
2016,December,7,6,15.5
2016,December,7,7,21
2016,December,7,8,30.5
2016,December,7,9,39
2016,December,7,10,45
2016,December,7,11,48.5
2016,December,7,12,50
2016,December,7,13,51
2016,December,7,14,53
2016,December,7,15,50
2016,December,7,16,50
2016,December,7,17,46.5
2016,December,7,18,42.5
2016,December,7,19,41
2016,December,7,20,33.5
2016,December,7,21,28.5
2016,December,7,22,27
2016,December,7,23,21.5
2016,December,8,0,14
2016,December,8,1,13.5
2016,December,8,2,12.5
2016,December,8,3,13
2016,December,8,4,12.5
2016,December,8,5,13
2016,December,8,6,16.5
2016,December,8,7,20.5
2016,December,10,7,21.5
2016,December,10,8,22
2016,December,10,9,22.5
2016,December,10,10,25.5
2016,December,10,11,25.5
2016,December,10,12,25.5
2016,December,10,13,24
2016,December,10,14,24.5
2016,December,10,15,25.5
2016,December,10,16,26.5
2016,December,10,17,27.5
2016,December,10,18,27
2016,December,10,19,28
2016,December,10,20,27.5
2016,December,10,21,28
2016,December,10,22,27
2016,December,10,23,26
2016,December,11,0,18.5
2016,December,11,1,17.5
2016,December,11,2,18
2016,December,11,3,16.5
2016,December,11,4,16.5
2016,December,11,5,16.5
2016,December,11,6,18.5
2016,December,11,7,23.5
2016,December,11,8,25
2016,December,11,9,23.5
2016,December,11,10,23
2016,December,11,11,24
2016,December,11,12,24.5
2016,December,11,13,23.5
2016,December,11,14,23.5
2016,December,11,15,24
2016,December,11,16,26.5
2016,December,11,17,27.5
2016,December,11,18,27
2016,December,11,19,27
2016,December,11,20,25
2016,December,11,21,25
2016,December,11,22,24
2016,December,11,23,22.5
2016,December,12,0,17.5
2016,December,12,1,15
2016,December,12,2,15
2016,December,12,3,15
2016,December,12,4,14.5
2016,December,12,5,15
2016,December,12,6,17.5
2016,December,12,7,23
2016,December,12,8,31
2016,December,12,9,38
2016,December,12,10,44.5
2016,December,12,11,50.5
2016,December,12,12,50
2016,December,12,13,50
2016,December,12,14,52.5
2016,December,12,15,54
2016,December,12,16,56
2016,December,12,17,53.5
2016,December,12,18,46
2016,December,12,19,38
2016,December,12,20,33.5
2016,December,12,21,31
2016,December,12,22,28
2016,December,12,23,25
2016,December,13,0,18.5
2016,December,13,1,15.5
2016,December,13,2,15
2016,December,13,3,14.5
2016,December,13,4,15
2016,December,13,5,14
2016,December,13,6,18
2016,December,13,7,23.5
2016,December,13,8,32
2016,December,13,9,39.5
2016,December,13,10,46.5
2016,December,13,11,49
2016,December,13,12,50.5
2016,December,13,13,52.5
2016,December,13,14,52
2016,December,13,15,52
2016,December,13,16,52
2016,December,13,17,51.5
2016,December,13,18,46
2016,December,13,19,39.5
2016,December,13,20,36.5
2016,December,13,21,34
2016,December,13,22,29
2016,December,13,23,23
2016,December,14,0,17
2016,December,14,1,15.5
2016,December,14,2,14.5
2016,December,14,3,14.5
2016,December,14,4,14.5
2016,December,14,5,14
2016,December,14,6,17
2016,December,18,7,21.5
2016,December,18,8,21.5
2016,December,18,9,22
2016,December,18,10,23
2016,December,18,11,22.5
2016,December,18,12,24
2016,December,18,13,26.5
2016,December,18,14,26
2016,December,18,15,27.5
2016,December,18,16,26.5
2016,December,18,17,27.5
2016,December,18,18,28.5
2016,December,18,19,29.5
2016,December,18,20,27
2016,December,18,21,26
2016,December,18,22,24.5
2016,December,18,23,22
2016,December,19,0,15
2016,December,19,1,14.5
2016,December,19,2,14.5
2016,December,19,3,14
2016,December,19,4,14.5
2016,December,19,5,13.5
2016,December,19,6,17
2016,December,19,7,23
2016,December,19,8,31
2016,December,19,9,31.5
2016,December,19,10,35.5
2016,December,19,11,34.5
2016,December,19,12,34.5
2016,December,19,13,33.5
2016,December,19,14,34
2016,December,19,15,33
2016,December,19,16,34
2016,December,19,17,33
2016,December,19,18,30
2016,December,19,19,25
2016,December,19,20,23.5
2016,December,19,21,22.5
2016,December,19,22,22.5
2016,December,19,23,22
2016,December,20,0,13.5
2016,December,20,1,14.5
2016,December,20,2,13
2016,December,20,3,14
2016,December,20,4,14
2016,December,20,5,14
2016,December,20,6,15.5
2016,December,20,7,22.5
2016,December,20,8,27
2016,December,20,9,31
2016,December,20,10,33
2016,December,20,11,33
2016,December,20,12,36
2016,December,20,13,33.5
2016,December,20,14,31.5
2016,December,20,15,32.5
2016,December,20,16,33
2016,December,20,17,32
2016,December,20,18,30
2016,December,20,19,28
2016,December,20,20,23
2016,December,20,21,24
2016,December,20,22,23.5
2016,December,20,23,22
2016,December,21,0,14.5
2016,December,21,1,14.5
2016,December,21,2,13.5
2016,December,21,3,13.5
2016,December,21,4,13.5
2016,December,21,5,13.5
2016,December,21,6,16.5
2016,December,21,7,22
2016,December,21,8,28.5
2016,December,21,9,33
2016,December,21,10,36
2016,December,21,11,34.5
2016,December,21,12,33.5
2016,December,21,13,33.5
2016,December,21,14,33
2017,January,1,0,13.5
2017,January,1,1,12.5
2017,January,1,2,13
2017,January,1,3,12.5
2017,January,1,4,12.5
2017,January,1,5,12.5
2017,January,1,6,13.5
2017,January,1,7,17.5
2017,January,1,8,17.5
2017,January,1,9,16.5
2017,January,1,10,17
2017,January,1,11,18.5
2017,January,1,12,18.5
2017,January,1,13,20
2017,January,1,14,18.5
2017,January,1,15,19
2017,January,1,16,20.5
2017,January,1,17,19
2017,January,1,18,21
2017,January,1,19,19.5
2017,January,1,20,20.5
2017,January,1,21,20
2017,January,1,22,17.5
2017,January,1,23,17
2017,January,2,0,13
2017,January,2,1,14.5
2017,January,2,2,13
2017,January,2,3,12.5
2017,January,2,4,13
2017,January,2,5,13
2017,January,2,6,14.5
2017,January,2,7,18.5
2017,January,2,8,17.5
2017,January,2,9,20
2017,January,2,10,19.5
2017,January,2,11,20.5
2017,January,2,12,21
2017,January,2,13,20
2017,January,2,14,21.5
2017,January,2,15,20
2017,January,2,16,21
2017,January,2,17,23
2017,January,2,18,23
2017,January,2,19,20
2017,January,2,20,22
2017,January,2,21,20
2017,January,2,22,19
2017,January,2,23,17.5
2017,January,3,0,14
2017,January,3,1,15
2017,January,3,2,13
2017,January,3,3,13
2017,January,3,4,12.5
2017,January,3,5,13.5
2017,January,3,6,17
2017,January,3,7,20.5
2017,January,3,8,21
2017,January,3,9,24
2017,January,3,10,28
2017,January,3,11,29
2017,January,3,12,31
2017,January,3,13,28.5
2017,January,3,14,28.5
2017,January,3,15,29
2017,January,3,16,28.5
2017,January,3,17,28
2017,January,3,18,25.5
2017,January,3,19,25
2017,January,3,20,23
2017,January,3,21,19.5
2017,January,3,22,20
2017,January,3,23,22
2017,January,4,0,16
2017,January,4,1,16
2017,January,4,2,15.5
2017,January,4,3,15
2017,January,4,4,14.5
2017,January,4,5,15
2017,January,4,6,18
2017,January,6,7,20.5
2017,January,6,8,23
2017,January,6,9,25.5
2017,January,6,10,29
2017,January,6,11,30.5
2017,January,6,12,31.5
2017,January,6,13,31.5
2017,January,6,14,31
2017,January,6,15,31.5
2017,January,6,16,33
2017,January,6,17,30
2017,January,6,18,27
2017,January,6,19,25
2017,January,6,20,21.5
2017,January,6,21,22
2017,January,6,22,21
2017,January,6,23,19
2017,January,7,0,15.5
2017,January,7,1,13
2017,January,7,2,13
2017,January,7,3,13
2017,January,7,4,13
2017,January,7,5,13.5
2017,January,7,6,14.5
2017,January,7,7,18
2017,January,7,8,18
2017,January,7,9,19
2017,January,7,10,18
2017,January,7,11,19.5
2017,January,7,12,20.5
2017,January,7,13,19
2017,January,7,14,20.5
2017,January,7,15,20.5
2017,January,7,16,21
2017,January,7,17,22
2017,January,7,18,22.5
2017,January,7,19,21.5
2017,January,7,20,21.5
2017,January,7,21,20.5
2017,January,7,22,20
2017,January,7,23,18.5
2017,January,8,0,13
2017,January,8,1,15
2017,January,8,2,14
2017,January,8,3,13.5
2017,January,8,4,13.5
2017,January,8,5,13
2017,January,8,6,16
2017,January,8,7,18
2017,January,8,8,18.5
2017,January,8,9,19.5
2017,January,8,10,20
2017,January,8,11,20.5
2017,January,8,12,21
2017,January,8,13,20.5
2017,January,8,14,20.5
2017,January,8,15,20
2017,January,8,16,19.5
2017,January,8,17,21.5
2017,January,8,18,22
2017,January,8,19,21
2017,January,8,20,24.5
2017,January,8,21,24
2017,January,8,22,21
2017,January,8,23,20
2017,January,9,0,15.5
2017,January,9,1,15.5
2017,January,9,2,15
2017,January,9,3,14.5
2017,January,9,4,14.5
2017,January,9,5,14
2017,January,9,6,17
2017,January,9,7,20
2017,January,9,8,23
2017,January,9,9,28.5
2017,January,9,10,33.5
2017,January,9,11,36.5
2017,January,9,12,36.5
2017,January,9,13,35.5
2017,January,9,14,35
2017,January,9,15,34.5
2017,January,9,16,33
2017,January,9,17,34
2017,January,9,18,29
2017,January,9,19,23
2017,January,9,20,23
2017,January,9,21,21
2017,January,9,22,19.5
2017,January,9,23,19.5
2017,January,10,0,14
2017,January,10,1,14
2017,January,10,2,14.5
2017,January,10,3,13.5
2017,January,10,4,13
2017,January,10,5,14
2017,January,10,6,18.5
2017,January,10,7,21.5
2017,January,10,8,24
2017,January,10,9,29.5
2017,January,10,10,34.5
2017,January,10,11,35
2017,January,10,12,35.5
2017,January,10,13,36.5
2017,January,10,14,35.5
2017,January,10,15,36.5
2017,January,10,16,36
2017,January,10,17,34.5
2017,January,10,18,30
2017,January,10,19,26.5
2017,January,10,20,23
2017,January,10,21,22
2017,January,10,22,20.5
2017,January,10,23,18.5
2017,January,11,0,14
2017,January,11,1,14.5
2017,January,11,2,13.5
2017,January,11,3,14
2017,January,11,4,13.5
2017,January,11,5,14.5
2017,January,11,6,19
2017,January,11,7,20.5
2017,January,11,8,23.5
2017,January,11,9,30.5
2017,January,11,10,35
2017,January,11,11,37
2017,January,11,12,40.5
2017,January,11,13,37.5
2017,January,11,14,37
2017,January,11,15,35.5
2017,January,11,16,36
2017,January,11,17,36
2017,January,11,18,30
2017,January,11,19,27
2017,January,11,20,24
2017,January,11,21,21
2017,January,11,22,22
2017,January,11,23,20
2017,January,12,0,14.5
2017,January,12,1,14
2017,January,12,2,14.5
2017,January,12,3,14
2017,January,12,4,14.5
2017,January,12,5,15
2017,January,12,6,18.5
2017,January,12,7,22
2017,January,12,8,24
2017,January,12,9,31.5
2017,January,12,10,36
2017,January,12,11,38
2017,January,12,12,36
2017,January,12,13,36.5
2017,January,12,14,36.5
2017,January,12,15,38.5
2017,January,12,16,38
2017,January,12,17,39
2017,January,12,18,35.5
2017,January,12,19,30
2017,January,12,20,23.5
2017,January,12,21,22
2017,January,12,22,21
2017,January,12,23,18.5
2017,January,13,0,14.5
2017,January,13,1,14.5
2017,January,13,2,14
2017,January,13,3,14
2017,January,13,4,14
2017,January,13,5,14.5
2017,January,13,6,18
2017,January,13,7,21
2017,January,13,8,24.5
2017,January,13,9,29
2017,January,13,10,35
2017,January,13,11,36.5
2017,January,13,12,36.5
2017,January,13,13,37
2017,January,13,14,35
2017,January,13,15,36
2017,January,13,16,36
2017,January,13,17,36
2017,January,13,18,30.5
2017,January,13,19,26.5
2017,January,13,20,24.5
2017,January,13,21,20.5
2017,January,13,22,21
2017,January,13,23,18
2017,January,14,0,16
2017,January,14,1,14.5
2017,January,14,2,14
2017,January,14,3,14
2017,January,14,4,13.5
2017,January,14,5,14
2017,January,14,6,16
2017,January,20,16,46
2017,January,20,17,41
2017,January,20,18,37.5
2017,January,20,19,33.5
2017,January,20,20,28.5
2017,January,20,21,26
2017,January,20,22,23.5
2017,January,20,23,20
2017,January,21,0,15
2017,January,21,1,14
2017,January,21,2,14
2017,January,21,3,14
2017,January,21,4,13.5
2017,January,21,5,14
2017,January,21,6,15
2017,January,21,7,18.5
2017,January,21,8,21
2017,January,21,9,19.5
2017,January,21,10,20
2017,January,21,11,21
2017,January,21,12,21.5
2017,January,21,13,21
2017,January,21,14,23
2017,January,21,15,22.5
2017,January,21,16,22
2017,January,21,17,24
2017,January,21,18,25
2017,January,21,19,23
2017,January,21,20,23
2017,January,21,21,23
2017,January,21,22,22.5
2017,January,21,23,20.5
2017,January,22,0,16
2017,January,22,1,14.5
2017,January,22,2,14.5
2017,January,22,3,14.5
2017,January,22,4,13.5
2017,January,22,5,14.5
2017,January,22,6,17
2017,January,22,7,18.5
2017,January,22,8,18
2017,January,22,9,22
2017,January,22,10,19.5
2017,January,22,11,20.5
2017,January,22,12,22
2017,January,22,13,24.5
2017,January,22,14,25
2017,January,22,15,24.5
2017,January,22,16,25.5
2017,January,22,17,27
2017,January,22,18,26
2017,January,22,19,25.5
2017,January,22,20,23.5
2017,January,22,21,23
2017,January,22,22,23.5
2017,January,22,23,19
2017,January,23,0,15
2017,January,23,1,14.5
2017,January,23,2,13.5
2017,January,23,3,14
2017,January,23,4,13.5
2017,January,23,5,14.5
2017,January,23,6,17
2017,January,23,7,22.5
2017,January,23,8,24.5
2017,January,23,9,35.5
2017,January,23,10,42.5
2017,January,23,11,49
2017,January,23,12,50.5
2017,January,23,13,55
2017,January,23,14,54.5
2017,January,23,15,56.5
2017,January,23,16,54.5
2017,January,23,17,52
2017,January,23,18,45
2017,January,23,19,39.5
2017,January,23,20,34.5
2017,January,23,21,32
2017,January,23,22,27.5
2017,January,23,23,23
2017,January,24,0,17
2017,January,24,1,16
2017,January,24,2,15
2017,January,24,3,14.5
2017,January,24,4,14.5
2017,January,24,5,16
2017,January,24,6,18.5
2017,January,24,7,22
2017,January,24,8,27.5
2017,January,24,9,37
2017,January,24,10,50.5
2017,January,24,11,53.5
2017,January,24,12,54.5
2017,January,24,13,53.5
2017,January,24,14,53
2017,January,24,15,49.5
2017,January,24,16,53.5
2017,January,24,17,51
2017,January,24,18,45.5
2017,January,24,19,42
2017,January,24,20,38
2017,January,24,21,34
2017,January,27,7,22
2017,January,27,8,27.5
2017,January,27,9,33.5
2017,January,27,10,39.5
2017,January,27,11,41.5
2017,January,27,12,42
2017,January,27,13,44.5
2017,January,27,14,43
2017,January,27,15,45.5
2017,January,27,16,47
2017,January,27,17,44.5
2017,January,27,18,40
2017,January,27,19,35.5
2017,January,27,20,31.5
2017,January,27,21,27
2017,January,27,22,24.5
2017,January,27,23,21.5
2017,January,28,0,16.5
2017,January,28,1,16
2017,January,28,2,14.5
2017,January,28,3,14
2017,January,28,4,15
2017,January,28,5,14
2017,January,28,6,17
2017,January,28,7,19.5
2017,January,28,8,19.5
2017,January,28,9,20
2017,January,28,10,23
2017,January,28,11,23
2017,January,28,12,25
2017,January,28,13,24.5
2017,January,28,14,26.5
2017,January,28,15,28
2017,January,28,16,27
2017,January,28,17,24.5
2017,January,28,18,21.5
2017,January,28,19,23
2017,January,28,20,22
2017,January,28,21,21.5
2017,January,28,22,20.5
2017,January,28,23,18.5
2017,January,29,0,15
2017,January,29,1,14.5
2017,January,29,2,14
2017,January,29,3,14
2017,January,29,4,13.5
2017,January,29,5,13.5
2017,January,29,6,14.5
2017,February,2,7,20.5
2017,February,2,8,26
2017,February,2,9,33.5
2017,February,2,10,47
2017,February,2,11,47
2017,February,2,12,50
2017,February,2,13,52.5
2017,February,2,14,50
2017,February,2,15,48.5
2017,February,2,16,47.5
2017,February,2,17,47.5
2017,February,2,18,44
2017,February,2,19,40
2017,February,2,20,34
2017,February,2,21,30
2017,February,2,22,26
2017,February,2,23,20.5
2017,February,3,0,14.5
2017,February,3,1,12.5
2017,February,3,2,13
2017,February,3,3,13
2017,February,3,4,12
2017,February,3,5,13.5
2017,February,3,6,17.5
2017,February,3,7,20.5
2017,February,3,8,24.5
2017,February,3,9,33
2017,February,3,10,38.5
2017,February,3,11,42
2017,February,3,12,42
2017,February,3,13,45
2017,February,3,14,46
2017,February,3,15,47.5
2017,February,3,16,49
2017,February,3,17,44.5
2017,February,3,18,39.5
2017,February,3,19,34.5
2017,February,3,20,27
2017,February,3,21,25.5
2017,February,3,22,24
2017,February,3,23,21.5
2017,February,4,0,15.5
2017,February,4,1,16
2017,February,4,2,14.5
2017,February,4,3,16
2017,February,4,4,15.5
2017,February,4,5,15.5
2017,February,4,6,18
2017,February,4,7,20.5
2017,February,4,8,24
2017,February,4,9,22.5
2017,February,4,10,26.5
2017,February,4,11,24
2017,February,4,12,25.5
2017,February,4,13,26
2017,February,4,14,29
2017,February,4,15,28
2017,February,4,16,29
2017,February,4,17,31
2017,February,4,18,29
2017,February,4,19,28
2017,February,4,20,28
2017,February,4,21,26.5
2017,February,4,22,24
2017,February,4,23,23.5
2017,February,5,0,19
2017,February,5,1,17.5
2017,February,5,2,17
2017,February,5,3,17.5
2017,February,5,4,16.5
2017,February,5,5,17
2017,February,5,6,18
2017,February,5,7,21.5
2017,February,5,8,21
2017,February,5,9,20.5
2017,February,5,10,21
2017,February,5,11,22
2017,February,5,12,21.5
2017,February,5,13,22.5
2017,February,5,14,24.5
2017,February,5,15,26.5
2017,February,5,16,24.5
2017,February,5,17,27
2017,February,5,18,28
2017,February,5,19,25
2017,February,5,20,24.5
2017,February,5,21,23
2017,February,5,22,23.5
2017,February,5,23,21.5
2017,February,6,0,15.5
2017,February,6,1,15.5
2017,February,6,2,14.5
2017,February,6,3,13.5
2017,February,6,4,14
2017,February,6,5,15.5
2017,February,6,6,16.5
2017,February,6,7,22
2017,February,6,8,23
2017,February,6,9,33
2017,February,6,10,43.5
2017,February,6,11,42
2017,February,6,12,44.5
2017,February,6,13,47.5
2017,February,6,14,47
2017,February,6,15,47.5
2017,February,6,16,49.5
2017,February,6,17,49
2017,February,6,18,44.5
2017,February,6,19,37.5
2017,February,6,20,31.5
2017,February,6,21,29
2017,February,6,22,27.5
2017,February,6,23,20
2017,February,7,0,16
2017,February,7,1,14
2017,February,7,2,14.5
2017,February,7,3,14
2017,February,7,4,14.5
2017,February,7,5,14
2017,February,7,6,17.5
2017,February,7,7,23
2017,February,7,8,24
2017,February,7,9,33.5
2017,February,7,10,44
2017,February,7,11,45
2017,February,7,12,46
2017,February,7,13,47.5
2017,February,7,14,47.5
2017,February,7,15,46.5
2017,February,7,16,48.5
2017,February,7,17,46.5
2017,February,7,18,46.5
2017,February,7,19,39.5
2017,February,7,20,33.5
2017,February,7,21,27.5
2017,February,7,22,23.5
2017,February,7,23,18.5
2017,February,8,0,17
2017,February,8,1,16.5
2017,February,8,2,15
2017,February,8,3,15
2017,February,8,4,14.5
2017,February,8,5,15.5
2017,February,8,6,19
2017,February,8,7,24.5
2017,February,8,8,28
2017,February,8,9,38.5
2017,February,8,10,45.5
2017,February,8,11,46.5
2017,February,8,12,48.5
2017,February,8,13,49
2017,February,8,14,49.5
2017,February,8,15,46
2017,February,8,16,46.5
2017,February,8,17,47
2017,February,8,18,42.5
2017,February,8,19,35
2017,February,8,20,30
2017,February,8,21,28.5
2017,February,8,22,27
2017,February,8,23,23.5
2017,February,9,0,17.5
2017,February,9,1,18
2017,February,9,2,21.5
2017,February,9,3,21
2017,February,9,4,20.5
2017,February,9,5,21.5
2017,February,9,6,23.5
2017,February,9,7,24.5
2017,February,9,8,28
2017,February,9,9,36
2017,February,9,10,47
2017,February,9,11,48.5
2017,February,9,12,51.5
2017,February,9,13,51.5
2017,February,9,14,53
2017,February,9,15,54.5
2017,February,9,16,51
2017,February,9,17,48
2017,February,9,18,42.5
2017,February,9,19,35
2017,February,9,20,29.5
2017,February,9,21,28
2017,February,9,22,29
2017,February,9,23,21
2017,February,10,0,16
2017,February,10,1,15
2017,February,10,2,14
2017,February,10,3,15
2017,February,10,4,13.5
2017,February,10,5,14.5
2017,February,10,6,18
2017,February,10,7,23.5
2017,February,10,8,27
2017,February,10,9,36
2017,February,10,10,43.5
2017,February,10,11,44.5
2017,February,10,12,47
2017,February,10,13,50
2017,February,10,14,49
2017,February,10,15,50
2017,February,10,16,50.5
2017,February,10,17,48
2017,February,10,18,41.5
2017,February,10,19,36
2017,February,10,20,31
2017,February,10,21,29.5
2017,February,10,22,26
2017,February,10,23,22.5
2017,February,11,0,16.5
2017,February,11,1,14.5
2017,February,11,2,14
2017,February,11,3,14
2017,February,11,4,13.5
2017,February,11,5,19.5
2017,February,11,6,21.5
2017,February,11,7,20
2017,February,11,8,23
2017,February,11,9,25
2017,February,11,10,28.5
2017,February,11,11,27.5
2017,February,11,12,27.5
2017,February,11,13,26.5
2017,February,11,14,30
2017,February,11,15,30.5
2017,February,11,16,29
2017,February,11,17,28.5
2017,February,11,18,29
2017,February,11,19,28.5
2017,February,11,20,29
2017,February,11,21,27.5
2017,February,11,22,24
2017,February,11,23,21.5
2017,February,12,0,16
2017,February,12,1,17.5
2017,February,12,2,15.5
2017,February,12,3,14.5
2017,February,12,4,15
2017,February,12,5,14
2017,February,12,6,16.5
2017,February,12,7,21.5
2017,February,12,8,22.5
2017,February,12,9,22
2017,February,12,10,24
2017,February,12,11,24.5
2017,February,12,12,27
2017,February,12,13,28.5
2017,February,12,14,30
2017,February,12,15,32
2017,February,12,16,30.5
2017,February,12,17,30
2017,February,12,18,34
2017,February,12,19,29
2017,February,12,20,26.5
2017,February,12,21,23.5
2017,February,12,22,23
2017,February,12,23,21.5
2017,February,13,0,14.5
2017,February,13,1,13.5
2017,February,13,2,13.5
2017,February,13,3,13.5
2017,February,13,4,13
2017,February,13,5,15
2017,February,13,6,19
2017,February,13,7,28
2017,February,13,8,31
2017,February,13,9,37.5
2017,February,13,10,45
2017,February,13,11,48.5
2017,February,13,12,46.5
2017,February,13,13,47.5
2017,February,13,14,50.5
2017,February,13,15,50.5
2017,February,13,16,48.5
2017,February,13,17,49.5
2017,February,13,18,45.5
2017,February,13,19,42.5
2017,February,13,20,35
2017,February,13,21,32
2017,February,13,22,27.5
2017,February,13,23,24
2017,February,14,0,16
2017,February,14,1,15.5
2017,February,14,2,14.5
2017,February,14,3,14.5
2017,February,14,4,14
2017,February,14,5,15
2017,February,14,6,19
2017,February,14,7,27
2017,February,14,8,31.5
2017,February,14,9,41.5
2017,February,14,10,46
2017,February,14,11,47.5
2017,February,14,12,50
2017,February,14,13,50
2017,February,14,14,50.5
2017,February,14,15,49.5
2017,February,14,16,49.5
2017,February,14,17,49.5
2017,February,14,18,46.5
2017,February,14,19,45.5
2017,February,14,20,37
2017,February,14,21,34.5
2017,February,14,22,30
2017,February,14,23,25.5
2017,February,15,0,17.5
2017,February,15,1,15
2017,February,15,2,14.5
2017,February,15,3,14
2017,February,15,4,14
2017,February,15,5,14
2017,February,15,6,19
2017,February,15,7,29
2017,February,15,8,32
2017,February,15,9,38.5
2017,February,15,10,44.5
2017,February,15,11,48.5
2017,February,15,12,49.5
2017,February,15,13,52
2017,February,15,14,50
2017,February,15,15,48.5
2017,February,15,16,51
2017,February,15,17,47.5
2017,February,15,18,42.5
2017,February,15,19,39.5
2017,February,15,20,33
2017,February,15,21,29
2017,February,15,22,30
2017,February,15,23,22.5
2017,February,16,0,15.5
2017,February,16,1,15
2017,February,16,2,15
2017,February,16,3,15
2017,February,16,4,14.5
2017,February,16,5,14
2017,February,16,6,19.5
2017,February,16,7,27
2017,February,16,8,32.5
2017,February,16,9,38
2017,February,16,10,45
2017,February,16,11,46
2017,February,16,12,47.5
2017,February,16,13,49.5
2017,February,16,14,50
2017,February,16,15,50
2017,February,16,16,48
2017,February,16,17,48.5
2017,February,16,18,45
2017,February,16,19,41
2017,February,16,20,36.5
2017,February,16,21,32.5
2017,February,16,22,29
2017,February,16,23,22.5
2017,February,17,0,15
2017,February,17,1,15.5
2017,February,17,2,15
2017,February,17,3,14
2017,February,17,4,13.5
2017,February,17,5,14.5
2017,February,17,6,19
2017,February,17,7,28.5
2017,February,17,8,30
2017,February,17,9,39
2017,February,17,10,47
2017,February,17,11,49.5
2017,February,17,12,48
2017,February,17,13,49.5
2017,February,17,14,49
2017,February,17,15,50
2017,February,17,16,49
2017,February,17,17,45.5
2017,February,17,18,42.5
2017,February,17,19,36.5
2017,February,17,20,28.5
2017,February,17,21,27
2017,February,17,22,24.5
2017,February,17,23,21
2017,February,18,0,13.5
2017,February,18,1,14.5
2017,February,18,2,13.5
2017,February,18,3,13.5
2017,February,18,4,13.5
2017,February,18,5,12.5
2017,February,18,6,16
2017,February,18,7,20.5
2017,February,18,8,20
2017,February,18,9,21
2017,February,18,10,24.5
2017,February,18,11,25
2017,February,18,12,25.5
2017,February,18,13,28
2017,February,18,14,28
2017,February,18,15,31.5
2017,February,18,16,30.5
2017,February,18,17,27
2017,February,18,18,28.5
2017,February,18,19,29
2017,February,18,20,27
2017,February,18,21,27.5
2017,February,18,22,24.5
2017,February,18,23,23
2017,February,19,0,15.5
2017,February,19,1,16.5
2017,February,19,2,15
2017,February,19,3,14.5
2017,February,19,4,14
2017,February,19,5,13.5
2017,February,19,6,15.5
2017,February,19,7,20
2017,February,19,8,20
2017,February,19,9,20
2017,February,19,10,22
2017,February,19,11,24.5
2017,February,19,12,23.5
2017,February,19,13,26.5
2017,February,19,14,27.5
2017,February,19,15,27.5
2017,February,19,16,24.5
2017,February,19,17,24.5
2017,February,19,18,28.5
2017,February,19,19,25.5
2017,February,19,20,22.5
2017,February,19,21,22
2017,February,19,22,21.5
2017,February,19,23,19.5
2017,February,20,0,13
2017,February,20,1,12.5
2017,February,20,2,13
2017,February,20,3,11.5
2017,February,20,4,12
2017,February,20,5,12.5
2017,February,20,6,16
2017,February,20,7,26
2017,February,20,8,27.5
2017,February,20,9,38
2017,February,20,10,43
2017,February,20,11,50.5
2017,February,20,12,50.5
2017,February,20,13,51.5
2017,February,20,14,54.5
2017,February,20,15,52.5
2017,February,20,16,52.5
2017,February,20,17,50
2017,February,20,18,43
2017,February,20,19,40.5
2017,February,20,20,34.5
2017,February,20,21,30
2017,February,20,22,26
2017,February,20,23,21
2017,February,21,0,13.5
2017,February,21,1,13.5
2017,February,21,2,12.5
2017,February,21,3,12.5
2017,February,21,4,13
2017,February,21,5,13
2017,February,21,6,17
2017,February,21,7,26.5
2017,February,21,8,27.5
2017,February,21,9,35
2017,February,21,10,42
2017,February,21,11,46.5
2017,February,21,12,49.5
2017,February,21,13,52.5
2017,February,21,14,51.5
2017,February,21,15,52.5
2017,February,21,16,50.5
2017,February,21,17,47.5
2017,February,21,18,44
2017,February,21,19,41
2017,February,21,20,35
2017,February,21,21,32.5
2017,February,21,22,26.5
2017,February,21,23,22
2017,February,22,0,15.5
2017,February,22,1,14.5
2017,February,22,2,13
2017,February,22,3,12.5
2017,February,22,4,13
2017,February,22,5,13
2017,February,22,6,19
2017,February,22,7,27.5
2017,February,22,8,31.5
2017,February,22,9,39
2017,February,22,10,46.5
2017,February,22,11,48.5
2017,February,22,12,49.5
2017,February,22,13,51
2017,February,22,14,50
2017,February,22,15,49
2017,February,22,16,48.5
2017,February,22,17,46
2017,February,22,18,43
2017,February,22,19,38.5
2017,February,22,20,34.5
2017,February,22,21,31
2017,February,22,22,27.5
2017,February,22,23,23.5
2017,February,23,0,14.5
2017,February,23,1,14.5
2017,February,23,2,13
2017,February,23,3,14
2017,February,23,4,13
2017,February,23,5,14.5
2017,February,23,6,19.5
2017,February,23,7,29
2017,February,23,8,29.5
2017,February,23,9,38
2017,February,23,10,46.5
2017,February,23,11,48
2017,February,23,12,51
2017,February,23,13,52
2017,February,23,14,50.5
2017,February,23,15,49
2017,February,23,16,50
2017,February,23,17,49
2017,February,23,18,44.5
2017,February,23,19,39
2017,February,23,20,33
2017,February,23,21,27
2017,February,23,22,24.5
2017,February,23,23,22
2017,February,24,0,14.5
2017,February,24,1,14
2017,February,24,2,13.5
2017,February,24,3,14
2017,February,24,4,13.5
2017,February,24,5,15
2017,February,24,6,18.5
2017,February,24,7,30.5
2017,February,24,8,29.5
2017,February,24,9,35.5
2017,February,24,10,40.5
2017,February,24,11,45.5
2017,February,24,12,45.5
2017,February,24,13,48
2017,February,24,14,46
2017,February,24,15,46
2017,February,24,16,46
2017,February,24,17,45
2017,February,24,18,40
2017,February,24,19,33
2017,February,24,20,30.5
2017,February,24,21,28
2017,February,24,22,28
2017,February,24,23,24
2017,February,25,0,16.5
2017,February,25,1,14.5
2017,February,25,2,14
2017,February,25,3,14
2017,February,25,4,13.5
2017,February,25,5,13
2017,February,25,6,17.5
2017,February,25,7,26.5
2017,February,25,8,26
2017,February,25,9,25
2017,February,25,10,28.5
2017,February,25,11,28.5
2017,February,25,12,29.5
2017,February,25,13,32
2017,February,25,14,33.5
2017,February,25,15,33
2017,February,25,16,31
2017,February,25,17,29
2017,February,25,18,26.5
2017,February,25,19,18.5
2017,February,25,20,16.5
2017,February,25,21,16
2017,February,25,22,17.5
2017,February,25,23,18
2017,February,26,0,15
2017,February,26,1,15
2017,February,26,2,14
2017,February,26,3,14.5
2017,February,26,4,14.5
2017,February,26,5,13.5
2017,February,26,6,16.5
2017,March,1,0,14
2017,March,1,1,14.5
2017,March,1,2,13.5
2017,March,1,3,13
2017,March,1,4,13
2017,March,1,5,14.5
2017,March,1,6,17
2017,March,1,7,24
2017,March,1,8,27
2017,March,1,9,36.5
2017,March,1,10,40.5
2017,March,1,11,45.5
2017,March,1,12,45
2017,March,1,13,46
2017,March,1,14,44
2017,March,1,15,42
2017,March,1,16,42
2017,March,1,17,37.5
2017,March,1,18,38
2017,March,1,19,34.5
2017,March,1,20,34
2017,March,1,21,26
2017,March,1,22,23
2017,March,1,23,20.5
2017,March,2,0,15.5
2017,March,2,1,14
2017,March,2,2,14
2017,March,2,3,16
2017,March,2,4,14
2017,March,2,5,14
2017,March,2,6,19.5
2017,March,2,7,26
2017,March,2,8,27
2017,March,2,9,32.5
2017,March,2,10,39.5
2017,March,2,11,42
2017,March,2,12,43
2017,March,2,13,44.5
2017,March,2,14,45.5
2017,March,2,15,45
2017,March,2,16,46
2017,March,2,17,43.5
2017,March,2,18,39
2017,March,2,19,33.5
2017,March,2,20,34.5
2017,March,2,21,27.5
2017,March,2,22,25
2017,March,2,23,20
2017,March,3,0,15.5
2017,March,3,1,15
2017,March,3,2,14.5
2017,March,3,3,15
2017,March,3,4,14.5
2017,March,3,5,15
2017,March,3,6,18.5
2017,March,5,7,17.5
2017,March,5,8,17.5
2017,March,5,9,18.5
2017,March,5,10,24
2017,March,5,11,22
2017,March,5,12,25
2017,March,5,13,27
2017,March,5,14,25
2017,March,5,15,25.5
2017,March,5,16,25.5
2017,March,5,17,28
2017,March,5,18,27
2017,March,5,19,25
2017,March,5,20,24
2017,March,5,21,26
2017,March,5,22,23.5
2017,March,5,23,21.5
2017,March,6,0,15.5
2017,March,6,1,14.5
2017,March,6,2,13.5
2017,March,6,3,14
2017,March,6,4,14
2017,March,6,5,13.5
2017,March,6,6,16.5
2017,March,6,7,24
2017,March,6,8,28.5
2017,March,6,9,38.5
2017,March,6,10,42
2017,March,6,11,43
2017,March,6,12,46.5
2017,March,6,13,46
2017,March,6,14,47
2017,March,6,15,45.5
2017,March,6,16,44.5
2017,March,6,17,44.5
2017,March,6,18,43
2017,March,6,19,37
2017,March,6,20,32
2017,March,6,21,29.5
2017,March,6,22,25
2017,March,6,23,20
2017,March,7,0,15.5
2017,March,7,1,14.5
2017,March,7,2,15
2017,March,7,3,14
2017,March,7,4,14.5
2017,March,7,5,14
2017,March,7,6,18
2017,March,7,7,23.5
2017,March,7,8,26.5
2017,March,7,9,34.5
2017,March,7,10,41.5
2017,March,7,11,44
2017,March,7,12,46.5
2017,March,7,13,46
2017,March,7,14,47
2017,March,7,15,49
2017,March,7,16,49
2017,March,7,17,46.5
2017,March,7,18,46.5
2017,March,7,19,42.5
2017,March,7,20,36
2017,March,7,21,30.5
2017,March,7,22,27.5
2017,March,7,23,21.5
2017,March,8,0,16
2017,March,8,1,16
2017,March,8,2,15
2017,March,8,3,15.5
2017,March,8,4,16
2017,March,8,5,14.5
2017,March,8,6,18.5
2017,March,8,7,24.5
2017,March,8,8,27.5
2017,March,8,9,36.5
2017,March,8,10,43.5
2017,March,8,11,43.5
2017,March,8,12,44
2017,March,8,13,48.5
2017,March,8,14,46.5
2017,March,8,15,44
2017,March,8,16,43.5
2017,March,8,17,40
2017,March,8,18,40
2017,March,8,19,37
2017,March,8,20,33.5
2017,March,8,21,29
2017,March,8,22,25
2017,March,8,23,21
2017,March,9,0,16.5
2017,March,9,1,15
2017,March,9,2,14.5
2017,March,9,3,15
2017,March,9,4,15
2017,March,9,5,15.5
2017,March,9,6,19
2017,March,11,7,22
2017,March,11,8,22.5
2017,March,11,9,25
2017,March,11,10,26.5
2017,March,11,11,26.5
2017,March,11,12,28
2017,March,11,13,30
2017,March,11,14,32
2017,March,11,15,29
2017,March,11,16,29
2017,March,11,17,27
2017,March,11,18,26
2017,March,11,19,26.5
2017,March,11,20,25
2017,March,11,21,23
2017,March,11,22,23.5
2017,March,11,23,20.5
2017,March,12,0,16
2017,March,12,1,14
2017,March,12,2,14
2017,March,12,3,14
2017,March,12,4,14
2017,March,12,5,14.5
2017,March,12,6,14.5
2017,March,12,7,17
2017,March,12,8,18
2017,March,12,9,18
2017,March,12,10,19
2017,March,12,11,22
2017,March,12,12,23.5
2017,March,12,13,22.5
2017,March,12,14,22.5
2017,March,12,15,23.5
2017,March,12,16,23
2017,March,12,17,23
2017,March,12,18,20.5
2017,March,12,19,22.5
2017,March,12,20,23
2017,March,12,21,22
2017,March,12,22,20
2017,March,12,23,20.5
2017,March,13,0,16.5
2017,March,13,1,16
2017,March,13,2,14
2017,March,13,3,14
2017,March,13,4,14
2017,March,13,5,15
2017,March,13,6,17.5
2017,March,13,7,23.5
2017,March,13,8,28
2017,March,13,9,33.5
2017,March,13,10,40.5
2017,March,13,11,47
2017,March,13,12,46
2017,March,13,13,44
2017,March,13,14,47.5
2017,March,13,15,48.5
2017,March,13,16,46.5
2017,March,13,17,46.5
2017,March,13,18,45.5
2017,March,13,19,38
2017,March,13,20,34.5
2017,March,13,21,29
2017,March,13,22,26
2017,March,13,23,21
2017,March,14,0,17
2017,March,14,1,15.5
2017,March,14,2,14
2017,March,14,3,14.5
2017,March,14,4,14.5
2017,March,14,5,14
2017,March,14,6,17.5
2017,March,14,7,24.5
2017,March,14,8,29
2017,March,14,9,36.5
2017,March,14,10,44.5
2017,March,14,11,46.5
2017,March,14,12,45.5
2017,March,14,13,45.5
2017,March,14,14,45.5
2017,March,14,15,44
2017,March,14,16,45.5
2017,March,14,17,45.5
2017,March,14,18,43.5
2017,March,14,19,42.5
2017,March,14,20,34
2017,March,14,21,29.5
2017,March,14,22,27
2017,March,14,23,22.5
2017,March,15,0,16
2017,March,15,1,14.5
2017,March,15,2,14.5
2017,March,15,3,15
2017,March,15,4,14.5
2017,March,15,5,15
2017,March,15,6,20
2017,March,15,7,26
2017,March,15,8,28.5
2017,March,15,9,36.5
2017,March,15,10,41.5
2017,March,15,11,43.5
2017,March,15,12,44.5
2017,March,15,13,45
2017,March,15,14,47
2017,March,15,15,44.5
2017,March,15,16,44.5
2017,March,15,17,42.5
2017,March,15,18,38.5
2017,March,15,19,37.5
2017,March,15,20,34
2017,March,15,21,30
2017,March,15,22,24.5
2017,March,15,23,21.5
2017,March,16,0,17
2017,March,16,1,16
2017,March,16,2,15
2017,March,16,3,15.5
2017,March,16,4,15
2017,March,16,5,15
2017,March,16,6,19
2017,March,16,7,25
2017,March,16,8,28
2017,March,16,9,35
2017,March,16,10,44
2017,March,16,11,45.5
2017,March,16,12,47
2017,March,16,13,48
2017,March,16,14,48
2017,March,16,15,47.5
2017,March,16,16,43.5
2017,March,16,17,44
2017,March,16,18,40
2017,March,16,19,39
2017,March,16,20,35
2017,March,16,21,29.5
2017,March,16,22,26.5
2017,March,16,23,20
2017,March,17,0,16.5
2017,March,17,1,15.5
2017,March,17,2,15
2017,March,17,3,14.5
2017,March,17,4,15
2017,March,17,5,14.5
2017,March,17,6,18.5
2017,March,17,7,25
2017,March,17,8,25.5
2017,March,17,9,36.5
2017,March,17,10,41
2017,March,17,11,45
2017,March,17,12,46.5
2017,March,17,13,48.5
2017,March,17,14,48.5
2017,March,17,15,48.5
2017,March,17,16,48.5
2017,March,17,17,47.5
2017,March,17,18,40
2017,March,17,19,33.5
2017,March,17,20,30
2017,March,17,21,27.5
2017,March,17,22,23
2017,March,17,23,20
2017,March,18,0,16
2017,March,18,1,15
2017,March,18,2,14.5
2017,March,18,3,14
2017,March,18,4,14.5
2017,March,18,5,14.5
2017,March,18,6,16
2017,March,18,7,24.5
2017,March,18,8,22
2017,March,18,9,23
2017,March,18,10,23
2017,March,18,11,25.5
2017,March,18,12,28.5
2017,March,18,13,32.5
2017,March,18,14,32.5
2017,March,18,15,29
2017,March,18,16,29
2017,March,18,17,31
2017,March,18,18,30.5
2017,March,18,19,31.5
2017,March,18,20,30
2017,March,18,21,29
2017,March,18,22,26.5
2017,March,18,23,24.5
2017,March,19,0,18.5
2017,March,19,1,16.5
2017,March,19,2,16.5
2017,March,19,3,15.5
2017,March,19,4,16.5
2017,March,19,5,16
2017,March,19,6,15.5
2017,March,19,7,18.5
2017,March,19,8,18.5
2017,March,19,9,19
2017,March,19,10,17.5
2017,March,19,11,20.5
2017,March,19,12,20.5
2017,March,19,13,19
2017,March,19,14,21
2017,March,19,15,23
2017,March,19,16,24.5
2017,March,19,17,25
2017,March,19,18,24
2017,March,19,19,24.5
2017,March,19,20,24.5
2017,March,19,21,22.5
2017,March,19,22,20.5
2017,March,19,23,19
2017,March,20,0,15.5
2017,March,20,1,14.5
2017,March,20,2,12.5
2017,March,20,3,13
2017,March,20,4,13
2017,March,20,5,14.5
2017,March,20,6,14.5
2017,March,20,7,19
2017,March,20,8,25
2017,March,20,9,36
2017,March,20,10,45.5
2017,March,20,11,47
2017,March,20,12,47.5
2017,March,20,13,47
2017,March,20,14,47.5
2017,March,20,15,46
2017,March,20,16,45.5
2017,March,20,17,43.5
2017,March,20,18,40
2017,March,20,19,35
2017,March,20,20,31
2017,March,20,21,26.5
2017,March,20,22,23
2017,March,20,23,20
2017,March,21,0,14.5
2017,March,21,1,14
2017,March,21,2,14
2017,March,21,3,13.5
2017,March,21,4,13.5
2017,March,21,5,14
2017,March,21,6,16
2017,March,21,7,23.5
2017,March,21,8,25.5
2017,March,21,9,32
2017,March,21,10,41.5
2017,March,21,11,44
2017,March,21,12,42.5
2017,March,21,13,46
2017,March,21,14,48.5
2017,March,21,15,45
2017,March,21,16,46.5
2017,March,21,17,45.5
2017,March,21,18,41
2017,March,21,19,39.5
2017,March,21,20,36.5
2017,March,21,21,29.5
2017,March,21,22,25.5
2017,March,21,23,20.5
2017,March,22,0,16
2017,March,22,1,14.5
2017,March,22,2,14.5
2017,March,22,3,14
2017,March,22,4,14
2017,March,22,5,15
2017,March,22,6,18.5
2017,March,22,7,23.5
2017,March,22,8,28.5
2017,March,22,9,36
2017,March,22,10,43
2017,March,22,11,48
2017,March,22,12,51
2017,March,22,13,50
2017,March,22,14,49
2017,March,22,15,50.5
2017,March,22,16,49
2017,March,22,17,43.5
2017,March,22,18,39
2017,March,22,19,36.5
2017,March,22,20,30
2017,March,22,21,26.5
2017,March,22,22,24.5
2017,March,22,23,21.5
2017,March,23,0,16.5
2017,March,23,1,16
2017,March,23,2,15.5
2017,March,23,3,15.5
2017,March,23,4,15
2017,March,23,5,16
2017,March,23,6,19.5
2017,March,23,7,25
2017,March,23,8,25.5
2017,March,23,9,34.5
2017,March,23,10,41.5
2017,March,23,11,43.5
2017,March,23,12,44.5
2017,March,23,13,45
2017,March,23,14,46.5
2017,March,23,15,45.5
2017,March,23,16,44.5
2017,March,23,17,41.5
2017,March,23,18,39.5
2017,March,23,19,38
2017,March,23,20,32.5
2017,March,23,21,28.5
2017,March,23,22,28
2017,March,23,23,21
2017,March,24,0,16
2017,March,24,1,15
2017,March,24,2,14.5
2017,March,24,3,15
2017,March,24,4,14
2017,March,24,5,15
2017,March,24,6,18.5
2017,March,24,7,24
2017,March,24,8,26
2017,March,24,9,31.5
2017,March,24,10,36
2017,March,24,11,38.5
2017,March,24,12,42.5
2017,March,24,13,43.5
2017,March,24,14,40
2017,March,24,15,40
2017,March,24,16,38
2017,March,24,17,35
2017,March,24,18,33.5
2017,March,24,19,30.5
2017,March,24,20,28
2017,March,24,21,25
2017,March,24,22,23.5
2017,March,24,23,22
2017,March,25,0,17
2017,March,25,1,17
2017,March,25,2,16
2017,March,25,3,15
2017,March,25,4,15.5
2017,March,25,5,15.5
2017,March,25,6,17
2017,April,2,16,19.5
2017,April,2,17,19
2017,April,2,18,20
2017,April,2,19,19
2017,April,2,20,19.5
2017,April,2,21,20
2017,April,2,22,19
2017,April,2,23,14.5
2017,April,3,0,13.5
2017,April,3,1,13.5
2017,April,3,2,13
2017,April,3,3,13.5
2017,April,3,4,13
2017,April,3,5,17.5
2017,April,3,6,23.5
2017,April,3,7,25.5
2017,April,3,8,29
2017,April,3,9,32.5
2017,April,3,10,31.5
2017,April,3,11,33
2017,April,3,12,31
2017,April,3,13,32
2017,April,3,14,31
2017,April,3,15,31
2017,April,3,16,28.5
2017,April,3,17,27
2017,April,3,18,22.5
2017,April,3,19,22
2017,April,3,20,19.5
2017,April,3,21,20
2017,April,3,22,20
2017,April,3,23,14.5
2017,April,4,0,12.5
2017,April,4,1,13
2017,April,4,2,12.5
2017,April,4,3,12.5
2017,April,4,4,12
2017,April,4,5,18
2017,April,4,6,22.5
2017,April,4,7,24.5
2017,April,4,8,30
2017,April,4,9,33.5
2017,April,4,10,33
2017,April,4,11,35.5
2017,April,4,12,35.5
2017,April,4,13,34
2017,April,4,14,33.5
2017,April,4,15,32
2017,April,4,16,30.5
2017,April,4,17,29
2017,April,4,18,23.5
2017,April,4,19,21.5
2017,April,4,20,21.5
2017,April,4,21,20.5
2017,April,4,22,19
2017,April,4,23,15
2017,April,5,0,13.5
2017,April,5,1,13
2017,April,5,2,13.5
2017,April,5,3,13.5
2017,April,5,4,14
2017,April,5,5,16.5
2017,April,25,6,22.5
2017,April,25,7,26
2017,April,25,8,31.5
2017,April,25,9,37
2017,April,25,10,39.5
2017,April,25,11,40
2017,April,25,12,41
2017,April,25,13,43
2017,April,25,14,42
2017,April,25,15,40
2017,April,25,16,38.5
2017,April,25,17,35.5
2017,April,25,18,36.5
2017,April,25,19,30.5
2017,April,25,20,29
2017,April,25,21,27
2017,April,25,22,20
2017,April,25,23,16
2017,April,26,0,14
2017,April,26,1,13
2017,April,26,2,13
2017,April,26,3,13
2017,April,26,4,14
2017,April,26,5,16.5
2017,April,26,6,22.5
2017,April,26,7,26.5
2017,April,26,8,31.5
2017,April,26,9,39
2017,April,26,10,38.5
2017,April,26,11,40
2017,April,26,12,39.5
2017,April,26,13,42
2017,April,26,14,41.5
2017,April,26,15,42
2017,April,26,16,36
2017,April,26,17,34
2017,April,26,18,31
2017,April,26,19,30.5
2017,April,26,20,28
2017,April,26,21,23.5
2017,April,26,22,18.5
2017,April,26,23,13
2017,April,27,0,12.5
2017,April,27,1,12
2017,April,27,2,12.5
2017,April,27,3,11.5
2017,April,27,4,13
2017,April,27,5,18.5
2017,April,27,6,23.5
2017,April,27,7,27.5
2017,April,27,8,32
2017,April,27,9,36
2017,April,27,10,37
2017,April,27,11,39.5
2017,April,27,12,39
2017,April,27,13,39
2017,April,27,14,39
2017,April,27,15,38.5
2017,April,27,16,37
2017,April,27,17,33.5
2017,April,27,18,29
2017,April,27,19,26.5
2017,April,27,20,26.5
2017,April,27,21,23.5
2017,April,27,22,19
2017,April,27,23,14.5
2017,April,28,0,14.5
2017,April,28,1,13.5
2017,April,28,2,13.5
2017,April,28,3,14
2017,April,28,4,13
2017,April,28,5,17.5
2017,May,1,0,12
2017,May,1,1,13
2017,May,1,2,12.5
2017,May,1,3,13
2017,May,1,4,12.5
2017,May,1,5,15
2017,May,1,6,19.5
2017,May,1,7,19.5
2017,May,1,8,21
2017,May,1,9,23.5
2017,May,1,10,24.5
2017,May,1,11,25.5
2017,May,1,12,26
2017,May,1,13,27
2017,May,1,14,27
2017,May,1,15,27
2017,May,1,16,26
2017,May,1,17,26
2017,May,1,18,23.5
2017,May,1,19,25
2017,May,1,20,24
2017,May,1,21,20.5
2017,May,1,22,19.5
2017,May,1,23,14
2017,May,2,0,12.5
2017,May,2,1,12.5
2017,May,2,2,12.5
2017,May,2,3,12
2017,May,2,4,13.5
2017,May,2,5,16
2017,May,2,6,22
2017,May,2,7,23.5
2017,May,2,8,31.5
2017,May,2,9,34.5
2017,May,2,10,37
2017,May,2,11,40.5
2017,May,2,12,41
2017,May,2,13,41.5
2017,May,2,14,43
2017,May,2,15,41.5
2017,May,2,16,40
2017,May,6,4,13.5
2017,May,6,5,14.5
2017,May,6,6,21
2017,May,6,7,23.5
2017,May,6,8,25.5
2017,May,6,9,29
2017,May,6,10,29.5
2017,May,6,11,30.5
2017,May,6,12,31
2017,May,6,13,32.5
2017,May,6,14,31
2017,May,6,15,29
2017,May,6,16,19.5
2017,May,6,17,18.5
2017,May,6,18,19.5
2017,May,6,19,16.5
2017,May,6,20,16
2017,May,6,21,18
2017,May,6,22,15
2017,May,6,23,15
2017,May,7,0,14.5
2017,May,7,1,13
2017,May,7,2,13.5
2017,May,7,3,12
2017,May,7,4,13
2017,May,7,5,14
2017,May,7,6,17
2017,May,7,7,18
2017,May,7,8,20.5
2017,May,7,9,21.5
2017,May,7,10,21
2017,May,7,11,23
2017,May,7,12,23
2017,May,7,13,24
2017,May,7,14,25.5
2017,May,7,15,24
2017,May,7,16,25.5
2017,May,7,17,24
2017,May,7,18,23
2017,May,7,19,21.5
2017,May,7,20,19
2017,May,7,21,19
2017,May,7,22,19
2017,May,7,23,14
2017,May,8,0,12.5
2017,May,8,1,13
2017,May,8,2,12.5
2017,May,8,3,13
2017,May,8,4,14
2017,May,8,5,14.5
2017,May,10,6,21
2017,May,10,7,24.5
2017,May,10,8,29
2017,May,10,9,36
2017,May,10,10,37.5
2017,May,10,11,37.5
2017,May,10,12,38
2017,May,10,13,41
2017,May,10,14,40
2017,May,10,15,37.5
2017,May,10,16,35
2017,May,10,17,33.5
2017,May,10,18,31
2017,May,10,19,29.5
2017,May,10,20,26.5
2017,May,10,21,23
2017,May,10,22,21.5
2017,May,10,23,14
2017,May,11,0,13
2017,May,11,1,13
2017,May,11,2,13
2017,May,11,3,13
2017,May,11,4,14.5
2017,May,11,5,16
2017,May,11,6,23
2017,May,11,7,24.5
2017,May,11,8,30.5
2017,May,11,9,32.5
2017,May,11,10,35.5
2017,May,11,11,38
2017,May,11,12,38
2017,May,11,13,35
2017,May,11,14,31.5
2017,May,11,15,33
2017,May,11,16,31
2017,May,11,17,28.5
2017,May,11,18,25.5
2017,May,11,19,25
2017,May,11,20,24.5
2017,May,11,21,24.5
2017,May,11,22,18.5
2017,May,11,23,15.5
2017,May,12,0,13
2017,May,12,1,12
2017,May,12,2,12.5
2017,May,12,3,12
2017,May,12,4,13
2017,May,12,5,15.5
2017,May,12,6,22
2017,May,12,7,24
2017,May,12,8,29.5
2017,May,12,9,35
2017,May,12,10,33.5
2017,May,12,11,38.5
2017,May,12,12,39.5
2017,May,12,13,40
2017,May,12,14,40.5
2017,May,12,15,37.5
2017,May,12,16,37
2017,May,12,17,32
2017,May,12,18,29.5
2017,May,12,19,30
2017,May,12,20,24.5
2017,May,12,21,23.5
2017,May,12,22,17
2017,May,12,23,13
2017,May,13,0,14
2017,May,13,1,14
2017,May,13,2,12.5
2017,May,13,3,13
2017,May,13,4,13.5
2017,May,13,5,13.5
2017,May,13,6,17
2017,May,13,7,18
2017,May,13,8,20.5
2017,May,13,9,22.5
2017,May,13,10,23.5
2017,May,13,11,25
2017,May,13,12,25
2017,May,13,13,26.5
2017,May,13,14,23
2017,May,13,15,22.5
2017,May,13,16,22.5
2017,May,13,17,21.5
2017,May,13,18,20
2017,May,13,19,21
2017,May,13,20,20
2017,May,13,21,19
2017,May,13,22,20
2017,May,13,23,13.5
2017,May,14,0,13.5
2017,May,14,1,14
2017,May,14,2,13.5
2017,May,14,3,13
2017,May,14,4,13.5
2017,May,14,5,13
2017,May,14,6,16
2017,May,14,7,17
2017,May,14,8,17
2017,May,14,9,18.5
2017,May,14,10,20
2017,May,14,11,24
2017,May,14,12,24
2017,May,14,13,22.5
2017,May,14,14,24
2017,May,14,15,24.5
2017,May,14,16,23.5
2017,May,14,17,23.5
2017,May,14,18,21
2017,May,14,19,19.5
2017,May,14,20,21
2017,May,14,21,20
2017,May,14,22,18
2017,May,14,23,13
2017,May,15,0,14.5
2017,May,15,1,14
2017,May,15,2,13.5
2017,May,15,3,12.5
2017,May,15,4,13.5
2017,May,15,5,15
2017,May,15,6,23
2017,May,15,7,26.5
2017,May,15,8,33
2017,May,15,9,38.5
2017,May,15,10,38.5
2017,May,15,11,39.5
2017,May,15,12,42
2017,May,15,13,41.5
2017,May,15,14,42.5
2017,May,15,15,40.5
2017,May,15,16,35.5
2017,May,15,17,33
2017,May,15,18,28
2017,May,15,19,26
2017,May,15,20,20
2017,May,15,21,20.5
2017,May,15,22,15
2017,May,15,23,13.5
2017,May,16,0,13.5
2017,May,16,1,13
2017,May,16,2,13.5
2017,May,16,3,12.5
2017,May,16,4,13.5
2017,May,16,5,16.5
2017,May,16,6,19.5
2017,May,16,7,21
2017,May,16,8,28.5
2017,May,16,9,37
2017,May,16,10,40
2017,May,16,11,40
2017,May,16,12,41
2017,May,16,13,43
2017,May,16,14,40
2017,May,16,15,40.5
2017,May,16,16,37
2017,May,16,17,34.5
2017,May,16,18,28.5
2017,May,16,19,26
2017,May,16,20,24.5
2017,May,16,21,22
2017,May,16,22,20
2017,May,16,23,14.5
2017,May,17,0,14
2017,May,17,1,13.5
2017,May,17,2,13
2017,May,17,3,13.5
2017,May,17,4,15
2017,May,17,5,16.5
2017,May,17,6,22.5
2017,May,17,7,23
2017,May,17,8,29
2017,May,17,9,35
2017,May,17,10,37
2017,May,17,11,35.5
2017,May,17,12,37.5
2017,May,17,13,42
2017,May,17,14,39.5
2017,May,17,15,38
2017,May,17,16,36.5
2017,May,17,17,33.5
2017,May,17,18,33.5
2017,May,17,19,28
2017,May,17,20,26
2017,May,17,21,24.5
2017,May,17,22,19.5
2017,May,17,23,16.5
2017,May,18,0,13.5
2017,May,18,1,14.5
2017,May,18,2,13.5
2017,May,18,3,12.5
2017,May,18,4,14
2017,May,18,5,16
2017,May,18,6,21.5
2017,May,18,7,24
2017,May,18,8,30
2017,May,18,9,35
2017,May,18,10,37.5
2017,May,18,11,37.5
2017,May,18,12,36.5
2017,May,18,13,38.5
2017,May,18,14,37
2017,May,18,15,37.5
2017,May,18,16,35.5
2017,May,18,17,34
2017,May,18,18,30
2017,May,18,19,26
2017,May,18,20,24.5
2017,May,18,21,22
2017,May,18,22,19.5
2017,May,18,23,14
2017,May,19,0,13
2017,May,19,1,13.5
2017,May,19,2,13
2017,May,19,3,13
2017,May,19,4,13.5
2017,May,19,5,15.5
2017,May,19,6,22.5
2017,May,19,7,25
2017,May,19,8,28
2017,May,19,9,32.5
2017,May,19,10,35.5
2017,May,19,11,37
2017,May,19,12,37.5
2017,May,19,13,37
2017,May,19,14,36.5
2017,May,19,15,34.5
2017,May,19,16,33
2017,May,19,17,29.5
2017,May,19,18,29
2017,May,19,19,25
2017,May,19,20,21.5
2017,May,19,21,21
2017,May,19,22,18
2017,May,19,23,13.5
2017,May,20,0,14.5
2017,May,20,1,12.5
2017,May,20,2,13.5
2017,May,20,3,12.5
2017,May,20,4,12.5
2017,May,20,5,13
2017,May,20,6,17
2017,May,20,7,18
2017,May,20,8,20
2017,May,20,9,20.5
2017,May,20,10,20.5
2017,May,20,11,24.5
2017,May,20,12,21
2017,May,20,13,23
2017,May,20,14,22
2017,May,20,15,22.5
2017,May,20,16,21
2017,May,20,17,20.5
2017,May,20,18,18.5
2017,May,20,19,19.5
2017,May,20,20,20.5
2017,May,20,21,21
2017,May,20,22,20
2017,May,20,23,13.5
2017,May,21,0,14.5
2017,May,21,1,13.5
2017,May,21,2,12.5
2017,May,21,3,13
2017,May,21,4,12
2017,May,21,5,13
