Year,Month,Day,Hour,air_temp
2016,December,1,0,7.09
2016,December,1,1,7.53
2016,December,1,2,7.57
2016,December,1,3,7.8
2016,December,1,4,7.84
2016,December,1,5,8.31
2016,December,1,6,8.06
2016,December,1,7,7.8
2016,December,1,8,8.11
2016,December,1,9,8.56
2016,December,1,10,9.03
2016,December,1,11,9.3
2016,December,1,12,9.36
2016,December,1,13,8.93
2016,December,1,14,8.71
2016,December,1,15,8.75
2016,December,1,16,8.71
2016,December,1,17,8.33
2016,December,1,18,7.82
2016,December,1,19,6.88
2016,December,1,20,7.28
2016,December,1,21,7
2016,December,1,22,6.62
2016,December,1,23,6.32
2016,December,2,0,6.28
2016,December,2,1,6.17
2016,December,2,2,6.21
2016,December,2,3,6.26
2016,December,2,4,6.36
2016,December,2,5,6.57
2016,December,2,6,6.14
2016,December,2,7,6.33
2016,December,2,8,5.8
2016,December,2,9,6.09
2016,December,2,10,6.88
2016,December,2,11,6.79
2016,December,2,12,7.28
2016,December,2,13,7.74
2016,December,2,14,7.65
2016,December,2,15,7.38
2016,December,2,16,6.64
2016,December,2,17,6.47
2016,December,2,18,5.52
2016,December,2,19,5
2016,December,2,20,4.42
2016,December,2,21,5.07
2016,December,2,22,4.99
2016,December,2,23,5.87
2016,December,3,0,6.3
2016,December,3,1,6.39
2016,December,3,2,6.37
2016,December,3,3,5.88
2016,December,3,4,5.3
2016,December,3,5,5.2
2016,December,3,6,4.8
2016,December,3,7,4.26
2016,December,3,8,3.34
2016,December,3,9,5.18
2016,December,3,10,6.26
2016,December,3,11,5.99
2016,December,3,12,6.01
2016,December,3,13,5.97
2016,December,3,14,5.76
2016,December,3,15,5.33
2016,December,3,16,4.93
2016,December,3,17,4.48
2016,December,3,18,4.25
2016,December,3,19,4.59
2016,December,3,20,4.36
2016,December,3,21,4.35
2016,December,3,22,4.5
2016,December,3,23,3.31
2016,December,4,0,1.81
2016,December,4,1,1.7
2016,December,4,2,2.39
2016,December,4,3,2.19
2016,December,4,4,3.51
2016,December,4,5,3.23
2016,December,4,6,2.96
2016,December,4,7,3.24
2016,December,4,8,3.54
2016,December,4,9,4.47
2016,December,4,10,5.71
2016,December,4,11,6.47
2016,December,4,12,6.75
2016,December,4,13,6.75
2016,December,4,14,6.68
2016,December,4,15,5.7
2016,December,4,16,4.89
2016,December,4,17,4.84
2016,December,4,18,4.61
2016,December,4,19,4.43
2016,December,4,20,4.17
2016,December,4,21,4.17
2016,December,4,22,3.91
2016,December,4,23,3.83
2016,December,5,0,4.1
2016,December,5,1,3.98
2016,December,5,2,3.64
2016,December,5,3,3.41
2016,December,5,4,3.7
2016,December,5,5,3.63
2016,December,5,6,3.51
2016,December,5,7,3.72
2016,December,5,8,3.53
2016,December,5,9,3.9
2016,December,5,10,4.58
2016,December,5,11,5.15
2016,December,5,12,5.9
2016,December,5,13,6.09
2016,December,5,14,5.37
2016,December,5,15,5.06
2016,December,5,16,5.33
2016,December,5,17,4.63
2016,December,5,18,4.81
2016,December,5,19,4.66
2016,December,5,20,5.04
2016,December,5,21,5.39
2016,December,5,22,5.29
2016,December,5,23,5.55
2016,December,6,0,5.54
2016,December,6,1,6.43
2016,December,6,2,5.97
2016,December,6,3,4.09
2016,December,6,4,5.13
2016,December,6,5,5.11
2016,December,6,6,5.2
2016,December,6,7,5.48
2016,December,6,8,6.87
2016,December,6,9,7.43
2016,December,6,10,7.65
2016,December,6,11,7.92
2016,December,6,12,8.38
2016,December,6,13,8.05
2016,December,6,14,7.72
2016,December,6,15,7.63
2016,December,6,16,7.88
2016,December,6,17,8.19
2016,December,6,18,8.03
2016,December,6,19,8.79
2016,December,6,20,9.93
2016,December,6,21,10.47
2016,December,6,22,10.99
2016,December,6,23,10.55
2016,December,7,0,10.52
2016,December,7,1,10.46
2016,December,7,2,10.53
2016,December,7,3,10.69
2016,December,7,4,10.69
2016,December,7,5,11.12
2016,December,7,6,11.01
2016,December,7,7,11.12
2016,December,7,8,11.54
2016,December,7,9,11.75
2016,December,7,10,11.62
2016,December,7,11,12.34
2016,December,7,12,12.8
2016,December,7,13,13.27
2016,December,7,14,13.43
2016,December,7,15,13.87
2016,December,7,16,14.05
2016,December,7,17,13.88
2016,December,7,18,13.34
2016,December,7,19,12.68
2016,December,7,20,12.32
2016,December,7,21,11.98
2016,December,7,22,11.81
2016,December,7,23,11.89
2016,December,8,0,11.64
2016,December,8,1,11.32
2016,December,8,2,11.3
2016,December,8,3,11.17
2016,December,8,4,11.06
2016,December,8,5,10.96
2016,December,8,6,11.68
2016,December,8,7,11.89
2016,December,8,8,11.87
2016,December,8,9,11.84
2016,December,8,10,12.01
2016,December,8,11,12.19
2016,December,8,12,11.23
2016,December,8,13,10.98
2016,December,8,14,10.19
2016,December,8,15,9.84
2016,December,8,16,9.49
2016,December,8,17,9.26
2016,December,8,18,8.87
2016,December,8,19,7.95
2016,December,8,20,7.8
2016,December,8,21,7.69
2016,December,8,22,7.79
2016,December,8,23,8.29
2016,December,9,0,9.48
2016,December,9,1,9.7
2016,December,9,2,10.43
2016,December,9,3,11.08
2016,December,9,4,11.53
2016,December,9,5,11.73
2016,December,9,6,11.89
2016,December,9,7,12.13
2016,December,9,8,12.28
2016,December,9,9,12.14
2016,December,9,10,12.26
2016,December,9,11,12.02
2016,December,9,12,11.53
2016,December,9,13,11.27
2016,December,9,14,11.28
2016,December,9,15,11.33
2016,December,9,16,11.29
2016,December,9,17,11.32
2016,December,9,18,11.02
2016,December,9,19,10.19
2016,December,9,20,9.78
2016,December,9,21,9.69
2016,December,9,22,9.72
2016,December,9,23,9.85
2016,December,10,0,10.17
2016,December,10,1,10.24
2016,December,10,2,10.07
2016,December,10,3,9.97
2016,December,10,4,9.67
2016,December,10,5,9.61
2016,December,10,6,9.04
2016,December,10,7,8.93
2016,December,10,8,9.02
2016,December,10,9,8.77
2016,December,10,10,9
2016,December,10,11,9.05
2016,December,10,12,9.43
2016,December,10,13,9.4
2016,December,10,14,9.25
2016,December,10,15,9.2
2016,December,10,16,9.05
2016,December,10,17,8.85
2016,December,10,18,8.6
2016,December,10,19,8.44
2016,December,10,20,8.14
2016,December,10,21,7.97
2016,December,10,22,7.88
2016,December,10,23,7.65
2016,December,11,0,7.85
2016,December,11,1,8.03
2016,December,11,2,7.89
2016,December,11,3,7.73
2016,December,11,4,7.67
2016,December,11,5,7.92
2016,December,11,6,7.9
2016,December,11,7,8.22
2016,December,11,8,8.29
2016,December,11,9,8.2
2016,December,11,10,8.41
2016,December,11,11,8.47
2016,December,11,12,8.59
2016,December,11,13,8.61
2016,December,11,14,8.54
2016,December,11,15,8.36
2016,December,11,16,8.29
2016,December,11,17,8.15
2016,December,11,18,8.27
2016,December,11,19,8.12
2016,December,11,20,8.09
2016,December,11,21,8.02
2016,December,11,22,8.13
2016,December,11,23,7.77
2016,December,12,0,6.56
2016,December,12,1,5.96
2016,December,12,2,5.9
2016,December,12,3,5.84
2016,December,12,4,6.14
2016,December,12,5,5.34
2016,December,12,6,4.79
2016,December,12,7,5.24
2016,December,12,8,6.36
2016,December,12,9,7.07
2016,December,12,10,7.32
2016,December,12,11,7.77
2016,December,12,12,8.22
2016,December,12,13,8.18
2016,December,12,14,8.11
2016,December,12,15,8.35
2016,December,12,16,8.38
2016,December,12,17,7.97
2016,December,12,18,7.97
2016,December,12,19,7.76
2016,December,12,20,7.48
2016,December,12,21,7.68
2016,December,12,22,8.38
2016,December,12,23,8.74
2016,December,13,0,8.73
2016,December,13,1,8.64
2016,December,13,2,8.74
2016,December,13,3,8.71
2016,December,13,4,8.53
2016,December,13,5,8.84
2016,December,13,6,8.42
2016,December,13,7,8.59
2016,December,13,8,8.85
2016,December,13,9,9.07
2016,December,13,10,9.17
2016,December,13,11,9.37
2016,December,13,12,9.39
2016,December,13,13,9.14
2016,December,13,14,9.84
2016,December,13,15,9.21
2016,December,13,16,8.94
2016,December,13,17,10.03
2016,December,13,18,10.25
2016,December,13,19,10.32
2016,December,13,20,10.63
2016,December,13,21,10.9
2016,December,13,22,11.29
2016,December,13,23,11.63
2016,December,14,0,11.66
2016,December,14,1,11.87
2016,December,14,2,11.99
2016,December,14,3,11.63
2016,December,14,4,11.39
2016,December,14,5,11.02
2016,December,14,6,10.85
2016,December,14,7,10.77
2016,December,14,8,10.4
2016,December,14,9,10.4
2016,December,14,10,10.66
2016,December,14,11,11.26
2016,December,14,12,11.83
2016,December,14,13,11.9
2016,December,14,14,12.01
2016,December,14,15,11.21
2016,December,14,16,10.3
2016,December,14,17,10.07
2016,December,14,18,9.74
2016,December,14,19,9.36
2016,December,14,20,9.18
2016,December,14,21,8.72
2016,December,14,22,8.63
2016,December,14,23,8.5
2016,December,15,0,7.96
2016,December,15,1,7.59
2016,December,15,2,7.9
2016,December,15,3,8.23
2016,December,15,4,8.91
2016,December,15,5,9.23
2016,December,15,6,9.34
2016,December,15,7,9.39
2016,December,15,8,9.27
2016,December,15,9,9.46
2016,December,15,10,9.71
2016,December,15,11,9.86
2016,December,15,12,9.88
2016,December,15,13,10.08
2016,December,15,14,9.91
2016,December,15,15,9.96
2016,December,15,16,9.94
2016,December,15,17,9.88
2016,December,15,18,9.9
2016,December,15,19,9.84
2016,December,15,20,9.91
2016,December,15,21,9.44
2016,December,15,22,8.75
2016,December,15,23,8.73
2016,December,16,0,8.92
2016,December,16,1,8.73
2016,December,16,2,8.39
2016,December,16,3,8.42
2016,December,16,4,8.67
2016,December,16,5,8.78
2016,December,16,6,8.62
2016,December,16,7,8.72
2016,December,16,8,8.86
2016,December,16,9,9.18
2016,December,16,10,9.46
2016,December,16,11,10.08
2016,December,16,12,10.15
2016,December,16,13,9.74
2016,December,16,14,9.3
2016,December,16,15,8.73
2016,December,16,16,8.79
2016,December,16,17,8.95
2016,December,16,18,8.84
2016,December,16,19,8.74
2016,December,16,20,8.73
2016,December,16,21,8.29
2016,December,16,22,7.58
2016,December,16,23,6.9
2016,December,17,0,5.76
2016,December,17,1,5.42
2016,December,17,2,5
2016,December,17,3,4.91
2016,December,17,4,4.73
2016,December,17,5,4.64
2016,December,17,6,4.52
2016,December,17,7,4.48
2016,December,17,8,4.11
2016,December,17,9,4.32
2016,December,17,10,5.06
2016,December,17,11,5.33
2016,December,17,12,5.65
2016,December,17,13,5.69
2016,December,17,14,5.5
2016,December,17,15,5.24
2016,December,17,16,5.04
2016,December,17,17,4.89
2016,December,17,18,4.65
2016,December,17,19,4.51
2016,December,17,20,4.41
2016,December,17,21,4.33
2016,December,17,22,4.57
2016,December,17,23,4.61
2016,December,18,0,4.65
2016,December,18,1,5.23
2016,December,18,2,5.34
2016,December,18,3,5.49
2016,December,18,4,5.93
2016,December,18,5,6.25
2016,December,18,6,6.09
2016,December,18,7,6.13
2016,December,18,8,6.36
2016,December,18,9,6.54
2016,December,18,10,6.87
2016,December,18,11,7.12
2016,December,18,12,7.77
2016,December,18,13,7.93
2016,December,18,14,7.75
2016,December,18,15,7.53
2016,December,18,16,7.46
2016,December,18,17,7.62
2016,December,18,18,7.45
2016,December,18,19,7.32
2016,December,18,20,6.87
2016,December,18,21,6.96
2016,December,18,22,6.83
2016,December,18,23,6.94
2016,December,19,0,7.18
2016,December,19,1,7.22
2016,December,19,2,6.72
2016,December,19,3,6.75
2016,December,19,4,6.67
2016,December,19,5,6.78
2016,December,19,6,6.66
2016,December,19,7,6.49
2016,December,19,8,6.53
2016,December,19,9,6.5
2016,December,19,10,6.89
2016,December,19,11,7.17
2016,December,19,12,7.38
2016,December,19,13,7.43
2016,December,19,14,7.68
2016,December,19,15,7.72
2016,December,19,16,7.54
2016,December,19,17,7.19
2016,December,19,18,7.18
2016,December,19,19,7.39
2016,December,19,20,7.24
2016,December,19,21,7.73
2016,December,19,22,7.33
2016,December,19,23,7.85
2016,December,20,0,7.64
2016,December,20,1,6.94
2016,December,20,2,6.96
2016,December,20,3,6.92
2016,December,20,4,6.57
2016,December,20,5,6.28
2016,December,20,6,6.3
2016,December,20,7,6.14
2016,December,20,8,5.7
2016,December,20,9,5.14
2016,December,20,10,5.12
2016,December,20,11,5.28
2016,December,20,12,5.31
2016,December,20,13,5.46
2016,December,20,14,5.2
2016,December,20,15,4.96
2016,December,20,16,4.65
2016,December,20,17,4.42
2016,December,20,18,4.05
2016,December,20,19,4.33
2016,December,20,20,4.55
2016,December,20,21,4.82
2016,December,20,22,4.59
2016,December,20,23,4.65
2016,December,21,0,4.9
2016,December,21,1,5.04
2016,December,21,2,5.02
2016,December,21,3,5.24
2016,December,21,4,5.95
2016,December,21,5,6.05
2016,December,21,6,5.9
2016,December,21,7,6.33
2016,December,21,8,6.23
2016,December,21,9,6.42
2016,December,21,10,6.23
2016,December,21,11,5.91
2016,December,21,12,6.21
2016,December,21,13,7.18
2016,December,21,14,7.45
2016,December,21,15,6.88
2016,December,21,16,6.56
2016,December,21,17,6.42
2016,December,21,18,6.44
2016,December,21,19,6.01
2016,December,21,20,4.92
2016,December,21,21,3.95
2016,December,21,22,3.86
2016,December,21,23,3.62
2016,December,22,0,3.22
2016,December,22,1,3.49
2016,December,22,2,3.74
2016,December,22,3,4.14
2016,December,22,4,4.07
2016,December,22,5,4.38
2016,December,22,6,4.74
2016,December,22,7,4.77
2016,December,22,8,6.29
2016,December,22,9,7.14
2016,December,22,10,7.85
2016,December,22,11,7.65
2016,December,22,12,7.65
2016,December,22,13,7.71
2016,December,22,14,7.72
2016,December,22,15,7.32
2016,December,22,16,6.97
2016,December,22,17,7.48
2016,December,22,18,7.37
2016,December,22,19,7.38
2016,December,22,20,7.62
2016,December,22,21,7.47
2016,December,22,22,7.7
2016,December,22,23,7.5
2016,December,23,0,7.21
2016,December,23,1,6.58
2016,December,23,2,5.99
2016,December,23,3,6.01
2016,December,23,4,5.94
2016,December,23,5,6.02
2016,December,23,6,5.82
2016,December,23,7,6.13
2016,December,23,8,6.82
2016,December,23,9,7.45
2016,December,23,10,7.95
2016,December,23,11,8.69
2016,December,23,12,9.53
2016,December,23,13,9.82
2016,December,23,14,9.79
2016,December,23,15,6.7
2016,December,23,16,7.83
2016,December,23,17,7.44
2016,December,23,18,7.75
2016,December,23,19,7.62
2016,December,23,20,7.41
2016,December,23,21,7.1
2016,December,23,22,6.79
2016,December,23,23,6.68
2016,December,24,0,6.66
2016,December,24,1,7.05
2016,December,24,2,7.32
2016,December,24,3,7.72
2016,December,24,4,6.81
2016,December,24,5,6.82
2016,December,24,6,7.4
2016,December,24,7,7.39
2016,December,24,8,7.14
2016,December,24,9,7.48
2016,December,24,10,7.92
2016,December,24,11,8.1
2016,December,24,12,8.25
2016,December,24,13,8.24
2016,December,24,14,8.4
2016,December,24,15,8.14
2016,December,24,16,7.93
2016,December,24,17,8.22
2016,December,24,18,8.63
2016,December,24,19,8.54
2016,December,24,20,8.71
2016,December,24,21,9.08
2016,December,24,22,9.49
2016,December,24,23,9.81
2016,December,25,0,9.83
2016,December,25,1,10.13
2016,December,25,2,10.22
2016,December,25,3,10.31
2016,December,25,4,10.23
2016,December,25,5,10.3
2016,December,25,6,10.67
2016,December,25,7,10.66
2016,December,25,8,10.92
2016,December,25,9,10.96
2016,December,25,10,10.84
2016,December,25,11,11.05
2016,December,25,12,11.41
2016,December,25,13,11.35
2016,December,25,14,11.39
2016,December,25,15,11.45
2016,December,25,16,11.38
2016,December,25,17,11.08
2016,December,25,18,8.65
2016,December,25,19,7.86
2016,December,25,20,7.55
2016,December,25,21,7.08
2016,December,25,22,7.17
2016,December,25,23,7.73
2016,December,26,0,7.27
2016,December,26,1,7.52
2016,December,26,2,7.81
2016,December,26,3,6.36
2016,December,26,4,6.42
2016,December,26,5,6.07
2016,December,26,6,6.13
2016,December,26,7,5.83
2016,December,26,8,5.83
2016,December,26,9,5.83
2016,December,26,10,5.92
2016,December,26,11,6.31
2016,December,26,12,6.6
2016,December,26,13,6.93
2016,December,26,14,6.85
2016,December,26,15,6.67
2016,December,26,16,6.31
2016,December,26,17,6.38
2016,December,26,18,6.53
2016,December,26,19,6.51
2016,December,26,20,6.55
2016,December,26,21,6.96
2016,December,26,22,6.92
2016,December,26,23,6.82
2016,December,27,0,6.8
2016,December,27,1,5.86
2016,December,27,2,5.64
2016,December,27,3,5.7
2016,December,27,4,5.1
2016,December,27,5,5.1
2016,December,27,6,4.72
2016,December,27,7,4.34
2016,December,27,8,4.11
2016,December,27,9,4.77
2016,December,27,10,5.9
2016,December,27,11,6.97
2016,December,27,12,7.22
2016,December,27,13,7.02
2016,December,27,14,6.31
2016,December,27,15,6.54
2016,December,27,16,6.49
2016,December,27,17,5.32
2016,December,27,18,5
2016,December,27,19,4.53
2016,December,27,20,3.51
2016,December,27,21,3.11
2016,December,27,22,2.56
2016,December,27,23,2.33
2016,December,28,0,2.1
2016,December,28,1,2.02
2016,December,28,2,2.11
2016,December,28,3,1.9
2016,December,28,4,1.77
2016,December,28,5,1.97
2016,December,28,6,1.7
2016,December,28,7,1.31
2016,December,28,8,1.38
2016,December,28,9,2.23
2016,December,28,10,3.61
2016,December,28,11,4.89
2016,December,28,12,5.66
2016,December,28,13,5.9
2016,December,28,14,5.89
2016,December,28,15,4.89
2016,December,28,16,2.9
2016,December,28,17,2.22
2016,December,28,18,1.67
2016,December,28,19,1.47
2016,December,28,20,1.51
2016,December,28,21,1.2
2016,December,28,22,1.4
2016,December,28,23,0.71
2016,December,29,0,0.8
2016,December,29,1,0.38
2016,December,29,2,0.57
2016,December,29,3,1.29
2016,December,29,4,0.6
2016,December,29,5,0.62
2016,December,29,6,0.81
2016,December,29,7,1.76
2016,December,29,8,1.9
2016,December,29,9,2.99
2016,December,29,10,5.3
2016,December,29,11,5.47
2016,December,29,12,5.48
2016,December,29,13,5.82
2016,December,29,14,6.08
2016,December,29,15,5.67
2016,December,29,16,5.18
2016,December,29,17,5.42
2016,December,29,18,5.57
2016,December,29,19,5.69
2016,December,29,20,5.88
2016,December,29,21,6.01
2016,December,29,22,6.05
2016,December,29,23,5.89
2016,December,30,0,6.43
2016,December,30,1,6.84
2016,December,30,2,6.8
2016,December,30,3,6.65
2016,December,30,4,6.51
2016,December,30,5,6.76
2016,December,30,6,7.11
2016,December,30,7,7.08
2016,December,30,8,7.15
2016,December,30,9,7.57
2016,December,30,10,7.58
2016,December,30,11,7.68
2016,December,30,12,8.05
2016,December,30,13,8.86
2016,December,30,14,9.19
2016,December,30,15,9.6
2016,December,30,16,9.56
2016,December,30,17,9.55
2016,December,30,18,9.58
2016,December,30,19,9.53
2016,December,30,20,9.67
2016,December,30,21,9.61
2016,December,30,22,9.6
2016,December,30,23,9.65
2016,December,31,0,9.68
2016,December,31,1,9.31
2016,December,31,2,9.77
2016,December,31,3,9.48
2016,December,31,4,9.25
2016,December,31,5,9.13
2016,December,31,6,8.97
2016,December,31,7,8.96
2016,December,31,8,8.86
2016,December,31,9,8.77
2016,December,31,10,8.93
2016,December,31,11,9.2
2016,December,31,12,9.29
2016,December,31,13,9.29
2016,December,31,14,9.17
2016,December,31,15,9.06
2016,December,31,16,8.94
2016,December,31,17,8.92
2016,December,31,18,8.89
2016,December,31,19,8.87
2016,December,31,20,8.94
2016,December,31,21,8.85
2016,December,31,22,8.54
2016,December,31,23,8.18
2017,January,1,0,8.02
2017,January,1,1,7.51
2017,January,1,2,5.74
2017,January,1,3,5.13
2017,January,1,4,4.83
2017,January,1,5,4.55
2017,January,1,6,4.07
2017,January,1,7,4.14
2017,January,1,8,4.16
2017,January,1,9,3.53
2017,January,1,10,3.1
2017,January,1,11,2.85
2017,January,1,12,3.95
2017,January,1,13,4.2
2017,January,1,14,3.88
2017,January,1,15,3.42
2017,January,1,16,2.96
2017,January,1,17,3
2017,January,1,18,2.45
2017,January,1,19,2.04
2017,January,1,20,1.68
2017,January,1,21,2.16
2017,January,1,22,2.75
2017,January,1,23,2.75
2017,January,2,0,2.33
2017,January,2,1,1.62
2017,January,2,2,0.84
2017,January,2,3,0.97
2017,January,2,4,0.63
2017,January,2,5,0.75
2017,January,2,6,-0.34
2017,January,2,7,-0.28
2017,January,2,8,-0.58
2017,January,2,9,0.03
2017,January,2,10,0.62
2017,January,2,11,2.69
2017,January,2,12,3.26
2017,January,2,13,3.93
2017,January,2,14,4.33
2017,January,2,15,3.9
2017,January,2,16,2.6
2017,January,2,17,1.95
2017,January,2,18,1.67
2017,January,2,19,1.28
2017,January,2,20,1.38
2017,January,2,21,1.82
2017,January,2,22,1.86
2017,January,2,23,2.96
2017,January,3,0,3.76
2017,January,3,1,4.97
2017,January,3,2,5.57
2017,January,3,3,5.67
2017,January,3,4,5.75
2017,January,3,5,5.86
2017,January,3,6,5.96
2017,January,3,7,5.81
2017,January,3,8,5.75
2017,January,3,9,5.88
2017,January,3,10,6
2017,January,3,11,6.14
2017,January,3,12,6.35
2017,January,3,13,6.39
2017,January,3,14,6.5
2017,January,3,15,6.63
2017,January,3,16,6.72
2017,January,3,17,6.82
2017,January,3,18,6.96
2017,January,3,19,6.97
2017,January,3,20,6.93
2017,January,3,21,6.95
2017,January,3,22,6.81
2017,January,3,23,6.69
2017,January,4,0,6.68
2017,January,4,1,7
2017,January,4,2,7.29
2017,January,4,3,7.26
2017,January,4,4,7.06
2017,January,4,5,6.59
2017,January,4,6,6.45
2017,January,4,7,5.93
2017,January,4,8,4.94
2017,January,4,9,4.69
2017,January,4,10,4.75
2017,January,4,11,5.2
2017,January,4,12,5.45
2017,January,4,13,5.23
2017,January,4,14,4.96
2017,January,4,15,3.68
2017,January,4,16,2.47
2017,January,4,17,1.96
2017,January,4,18,1.57
2017,January,4,19,1.06
2017,January,4,20,1.02
2017,January,4,21,1.22
2017,January,4,22,0.53
2017,January,4,23,0
2017,January,5,0,-0.32
2017,January,5,1,-0.15
2017,January,5,2,0.65
2017,January,5,3,0.83
2017,January,5,4,0.07
2017,January,5,5,-1.35
2017,January,5,6,-1.24
2017,January,5,7,-0.37
2017,January,5,8,-0.7
2017,January,5,9,-0.03
2017,January,5,10,1.93
2017,January,5,11,2.08
2017,January,5,12,2.72
2017,January,5,13,4
2017,January,5,14,3.96
2017,January,5,15,3.19
2017,January,5,16,2
2017,January,5,17,1.98
2017,January,5,18,1.7
2017,January,5,19,1.79
2017,January,5,20,2.46
2017,January,5,21,2.84
2017,January,5,22,3.1
2017,January,5,23,3.26
2017,January,6,0,3.55
2017,January,6,1,3.74
2017,January,6,2,3.63
2017,January,6,3,3.68
2017,January,6,4,3.56
2017,January,6,5,3.94
2017,January,6,6,3.98
2017,January,6,7,3.62
2017,January,6,8,3.59
2017,January,6,9,3.88
2017,January,6,10,4.15
2017,January,6,11,4.68
2017,January,6,12,4.96
2017,January,6,13,5.27
2017,January,6,14,5.83
2017,January,6,15,6.15
2017,January,6,16,6.34
2017,January,6,17,6.64
2017,January,6,18,6.96
2017,January,6,19,7.09
2017,January,6,20,7.11
2017,January,6,21,7.22
2017,January,6,22,7.43
2017,January,6,23,7.59
2017,January,7,0,7.74
2017,January,7,1,7.89
2017,January,7,2,7.87
2017,January,7,3,8.05
2017,January,7,4,7.94
2017,January,7,5,7.73
2017,January,7,6,7.75
2017,January,7,7,7.87
2017,January,7,8,7.44
2017,January,7,9,7.74
2017,January,7,10,8.26
2017,January,7,11,8.68
2017,January,7,12,8.49
2017,January,7,13,8.77
2017,January,7,14,8.66
2017,January,7,15,8.4
2017,January,7,16,8.21
2017,January,7,17,8.1
2017,January,7,18,8.12
2017,January,7,19,7.92
2017,January,7,20,8.08
2017,January,7,21,7.98
2017,January,7,22,7.81
2017,January,7,23,7.59
2017,January,8,0,7.38
2017,January,8,1,7.24
2017,January,8,2,7.12
2017,January,8,3,7.33
2017,January,8,4,7.14
2017,January,8,5,7.19
2017,January,8,6,7.58
2017,January,8,7,7.72
2017,January,8,8,7.89
2017,January,8,9,7.8
2017,January,8,10,8.02
2017,January,8,11,8.26
2017,January,8,12,8.35
2017,January,8,13,8.05
2017,January,8,14,7.97
2017,January,8,15,7.62
2017,January,8,16,7.39
2017,January,8,17,7.39
2017,January,8,18,7.43
2017,January,8,19,7.63
2017,January,8,20,7.81
2017,January,8,21,7.92
2017,January,8,22,8.12
2017,January,8,23,8.09
2017,January,9,0,7.86
2017,January,9,1,8.09
2017,January,9,2,8.11
2017,January,9,3,8.17
2017,January,9,4,8.65
2017,January,9,5,8.29
2017,January,9,6,8.61
2017,January,9,7,8.24
2017,January,9,8,7.81
2017,January,9,9,7.91
2017,January,9,10,6.56
2017,January,9,11,6.44
2017,January,9,12,6.99
2017,January,9,13,7.08
2017,January,9,14,6.81
2017,January,9,15,6.65
2017,January,9,16,6.25
2017,January,9,17,6.25
2017,January,9,18,6.46
2017,January,9,19,6.54
2017,January,9,20,6.38
2017,January,9,21,6.49
2017,January,9,22,6.51
2017,January,9,23,6.29
2017,January,10,0,6.6
2017,January,10,1,6.7
2017,January,10,2,6.75
2017,January,10,3,6.97
2017,January,10,4,7.01
2017,January,10,5,6.8
2017,January,10,6,6.92
2017,January,10,7,7.18
2017,January,10,8,7.19
2017,January,10,9,7.05
2017,January,10,10,7.38
2017,January,10,11,7.53
2017,January,10,12,7.82
2017,January,10,13,7.45
2017,January,10,14,7.39
2017,January,10,15,7.7
2017,January,10,16,7.84
2017,January,10,17,8.22
2017,January,10,18,8.19
2017,January,10,19,8.65
2017,January,10,20,8.16
2017,January,10,21,8.01
2017,January,10,22,8.28
2017,January,10,23,8.17
2017,January,11,0,8.58
2017,January,11,1,8.94
2017,January,11,2,8.89
2017,January,11,3,9.09
2017,January,11,4,8.97
2017,January,11,5,8.32
2017,January,11,6,7.84
2017,January,11,7,7.23
2017,January,11,8,7.24
2017,January,11,9,7.1
2017,January,11,10,7.02
2017,January,11,11,6.93
2017,January,11,12,6.86
2017,January,11,13,6.58
2017,January,11,14,6.13
2017,January,11,15,6.02
2017,January,11,16,5.91
2017,January,11,17,5.25
2017,January,11,18,5.74
2017,January,11,19,5.51
2017,January,11,20,5.5
2017,January,11,21,5.51
2017,January,11,22,5.37
2017,January,11,23,5.5
2017,January,12,0,5.45
2017,January,12,1,4.85
2017,January,12,2,5.06
2017,January,12,3,4.89
2017,January,12,4,5.12
2017,January,12,5,4.88
2017,January,12,6,4.66
2017,January,12,7,4.76
2017,January,12,8,3.7
2017,January,12,9,3.92
2017,January,12,10,3.25
2017,January,12,11,2.52
2017,January,12,12,4.14
2017,January,12,13,4.08
2017,January,12,14,3.9
2017,January,12,15,3.38
2017,January,12,16,2.79
2017,January,12,17,2.21
2017,January,12,18,1.79
2017,January,12,19,0.72
2017,January,12,20,0.95
2017,January,12,21,0.66
2017,January,12,22,1.17
2017,January,12,23,0.95
2017,January,13,0,0.56
2017,January,13,1,0.81
2017,January,13,2,1.43
2017,January,13,3,1.76
2017,January,13,4,2.16
2017,January,13,5,2.62
2017,January,13,6,2.05
2017,January,13,7,3.34
2017,January,13,8,3.38
2017,January,13,9,3.57
2017,January,13,10,4.04
2017,January,13,11,4.42
2017,January,13,12,4.79
2017,January,13,13,4.75
2017,January,13,14,4.42
2017,January,13,15,4.14
2017,January,13,16,3.03
2017,January,13,17,2.35
2017,January,13,18,1.27
2017,January,13,19,0.96
2017,January,13,20,0.61
2017,January,13,21,0.82
2017,January,13,22,0.47
2017,January,13,23,1.43
2017,January,14,0,2.77
2017,January,14,1,3.35
2017,January,14,2,3.81
2017,January,14,3,3.96
2017,January,14,4,3.83
2017,January,14,5,4.44
2017,January,14,6,4.33
2017,January,14,7,4.26
2017,January,14,8,4.12
2017,January,14,9,3.47
2017,January,14,10,4.01
2017,January,14,11,4.96
2017,January,14,12,5.2
2017,January,14,13,5.24
2017,January,14,14,5.32
2017,January,14,15,5
2017,January,14,16,4.62
2017,January,14,17,4.51
2017,January,14,18,3.9
2017,January,14,19,4.02
2017,January,14,20,4.08
2017,January,14,21,3.63
2017,January,14,22,3.49
2017,January,14,23,3.75
2017,January,15,0,4.71
2017,January,15,1,5.08
2017,January,15,2,5.4
2017,January,15,3,5.54
2017,January,15,4,6.01
2017,January,15,5,6.34
2017,January,15,6,6.57
2017,January,15,7,6.96
2017,January,15,8,7.35
2017,January,15,9,7.66
2017,January,15,10,7.75
2017,January,15,11,7.88
2017,January,15,12,8.09
2017,January,15,13,8.34
2017,January,15,14,8.54
2017,January,15,15,8.5
2017,January,15,16,8.32
2017,January,15,17,8.08
2017,January,15,18,7.84
2017,January,15,19,7.93
2017,January,15,20,7.58
2017,January,15,21,7.29
2017,January,15,22,7.58
2017,January,15,23,7.57
2017,January,16,0,7.46
2017,January,16,1,7.58
2017,January,16,2,7.69
2017,January,16,3,7.82
2017,January,16,4,7.96
2017,January,16,5,8.02
2017,January,16,6,8.15
2017,January,16,7,8.03
2017,January,16,8,7.96
2017,January,16,9,7.95
2017,January,16,10,7.99
2017,January,16,11,8.53
2017,January,16,12,9.33
2017,January,16,13,9.58
2017,January,16,14,9.1
2017,January,16,15,9.01
2017,January,16,16,8.84
2017,January,16,17,8.23
2017,January,16,18,8.26
2017,January,16,19,8.21
2017,January,16,20,7.98
2017,January,16,21,7.65
2017,January,16,22,7.75
2017,January,16,23,8.11
2017,January,17,0,7.62
2017,January,17,1,7.16
2017,January,17,2,7.04
2017,January,17,3,7.01
2017,January,17,4,6.92
2017,January,17,5,7.04
2017,January,17,6,7.05
2017,January,17,7,7.09
2017,January,17,8,6.98
2017,January,17,9,6.98
2017,January,17,10,7.04
2017,January,17,11,7.17
2017,January,17,12,7.22
2017,January,17,13,7.2
2017,January,17,14,7.35
2017,January,17,15,7.52
2017,January,17,16,7.64
2017,January,17,17,7.53
2017,January,17,18,7.56
2017,January,17,19,7.54
2017,January,17,20,7.44
2017,January,17,21,7.38
2017,January,17,22,7.31
2017,January,17,23,7.25
2017,January,18,0,7.16
2017,January,18,1,7.07
2017,January,18,2,7.1
2017,January,18,3,7.23
2017,January,18,4,7.05
2017,January,18,5,6.79
2017,January,18,6,6.71
2017,January,18,7,6.64
2017,January,18,8,6.64
2017,January,18,9,6.73
2017,January,18,10,6.98
2017,January,18,11,7.21
2017,January,18,12,7.39
2017,January,18,13,7.1
2017,January,18,14,7.04
2017,January,18,15,7.05
2017,January,18,16,7.18
2017,January,18,17,7
2017,January,18,18,6.85
2017,January,18,19,6.82
2017,January,18,20,6.79
2017,January,18,21,6.63
2017,January,18,22,6.74
2017,January,18,23,6.83
2017,January,19,0,6.76
2017,January,19,1,6.77
2017,January,19,2,6.69
2017,January,19,3,6.58
2017,January,19,4,6.53
2017,January,19,5,6.48
2017,January,19,6,6.4
2017,January,19,7,6.43
2017,January,19,8,6.45
2017,January,19,9,6.56
2017,January,19,10,6.75
2017,January,19,11,7.01
2017,January,19,12,7.4
2017,January,19,13,7.27
2017,January,19,14,7.21
2017,January,19,15,7.03
2017,January,19,16,6.8
2017,January,19,17,6.62
2017,January,19,18,6.41
2017,January,19,19,6.34
2017,January,19,20,6.27
2017,January,19,21,6.17
2017,January,19,22,6.03
2017,January,19,23,5.85
2017,January,20,0,5.65
2017,January,20,1,5.28
2017,January,20,2,5.2
2017,January,20,3,5.24
2017,January,20,4,5.13
2017,January,20,5,5.16
2017,January,20,6,5.18
2017,January,20,7,5.06
2017,January,20,8,5.29
2017,January,20,9,5.61
2017,January,20,10,5.86
2017,January,20,11,6.12
2017,January,20,12,6.8
2017,January,20,13,6.93
2017,January,20,14,7.7
2017,January,20,15,6.92
2017,January,20,16,5.26
2017,January,20,17,4.43
2017,January,20,18,4.57
2017,January,20,19,4.18
2017,January,20,20,4.18
2017,January,20,21,3.88
2017,January,20,22,3.72
2017,January,20,23,3.92
2017,January,21,0,3.92
2017,January,21,1,3.62
2017,January,21,2,2.91
2017,January,21,3,2.63
2017,January,21,4,2.35
2017,January,21,5,2.2
2017,January,21,6,2.21
2017,January,21,7,2.34
2017,January,21,8,2.49
2017,January,21,9,2.72
2017,January,21,10,3.38
2017,January,21,11,3.88
2017,January,21,12,4.16
2017,January,21,13,4.35
2017,January,21,14,4.52
2017,January,21,15,4.36
2017,January,21,16,4.12
2017,January,21,17,3.48
2017,January,21,18,2.95
2017,January,21,19,3.44
2017,January,21,20,3.8
2017,January,21,21,3.57
2017,January,21,22,3.4
2017,January,21,23,3.51
2017,January,22,0,3.46
2017,January,22,1,3.13
2017,January,22,2,2.77
2017,January,22,3,2.6
2017,January,22,4,1.35
2017,January,22,5,0.96
2017,January,22,6,1.18
2017,January,22,7,0.36
2017,January,22,8,0.24
2017,January,22,9,0.74
2017,January,22,10,1.57
2017,January,22,11,2.61
2017,January,22,12,2.87
2017,January,22,13,3.49
2017,January,22,14,3.02
2017,January,22,15,2.95
2017,January,22,16,2.7
2017,January,22,17,2.15
2017,January,22,18,1.4
2017,January,22,19,1.17
2017,January,22,20,1.07
2017,January,22,21,1.08
2017,January,22,22,1.64
2017,January,22,23,1.82
2017,January,23,0,1.25
2017,January,23,1,0.62
2017,January,23,2,0.41
2017,January,23,3,0.41
2017,January,23,4,0.48
2017,January,23,5,0.16
2017,January,23,6,-0.01
2017,January,23,7,0.12
2017,January,23,8,0.09
2017,January,23,9,0.07
2017,January,23,10,0.83
2017,January,23,11,1.73
2017,January,23,12,3.3
2017,January,23,13,3.25
2017,January,23,14,4.26
2017,January,23,15,4.21
2017,January,23,16,4.73
2017,January,23,17,5.07
2017,January,23,18,5.07
2017,January,23,19,4.47
2017,January,23,20,4.05
2017,January,23,21,3.75
2017,January,23,22,3.59
2017,January,23,23,3.57
2017,January,24,0,3.17
2017,January,24,1,3.31
2017,January,24,2,3.16
2017,January,24,3,3.71
2017,January,24,4,4.11
2017,January,24,5,4.31
2017,January,24,6,4.3
2017,January,24,7,5.03
2017,January,24,8,5.95
2017,January,24,9,6.31
2017,January,24,10,6.49
2017,January,24,11,6.86
2017,January,24,12,7.2
2017,January,24,13,7.41
2017,January,24,14,7.43
2017,January,24,15,6.74
2017,January,24,16,6.76
2017,January,24,17,7.07
2017,January,24,18,7.46
2017,January,24,19,7.57
2017,January,24,20,7.41
2017,January,24,21,7.77
2017,January,24,22,7.63
2017,January,24,23,7.83
2017,January,25,0,7.23
2017,January,25,1,7.2
2017,January,25,2,7.21
2017,January,25,3,6.95
2017,January,25,4,6.75
2017,January,25,5,6.56
2017,January,25,6,6.05
2017,January,25,7,5.55
2017,January,25,8,4.98
2017,January,25,9,5.51
2017,January,25,10,6.36
2017,January,25,11,7.01
2017,January,25,12,7.19
2017,January,25,13,7.18
2017,January,25,14,7.05
2017,January,25,15,6.67
2017,January,25,16,5.89
2017,January,25,17,5.13
2017,January,25,18,5.1
2017,January,25,19,4.85
2017,January,25,20,3.8
2017,January,25,21,3.1
2017,January,25,22,3.49
2017,January,25,23,3.43
2017,January,26,0,2.82
2017,January,26,1,2.27
2017,January,26,2,1.19
2017,January,26,3,0.51
2017,January,26,4,0.4
2017,January,26,5,0.38
2017,January,26,6,0.27
2017,January,26,7,-0.14
2017,January,26,8,-0.73
2017,January,26,9,-0.43
2017,January,26,10,0.18
2017,January,26,11,0.84
2017,January,26,12,0.84
2017,January,26,13,0.66
2017,January,26,14,-0.01
2017,January,26,15,0.07
2017,January,26,16,-0.24
2017,January,26,17,-0.58
2017,January,26,18,-0.52
2017,January,26,19,-0.69
2017,January,26,20,-0.87
2017,January,26,21,-0.53
2017,January,26,22,-0.22
2017,January,26,23,0.6
2017,January,27,0,0.68
2017,January,27,1,1.01
2017,January,27,2,0.74
2017,January,27,3,0.51
2017,January,27,4,1.33
2017,January,27,5,1.52
2017,January,27,6,0.88
2017,January,27,7,0.95
2017,January,27,8,0.36
2017,January,27,9,0.89
2017,January,27,10,2.21
2017,January,27,11,1.67
2017,January,27,12,1.96
2017,January,27,13,3
2017,January,27,14,3.27
2017,January,27,15,2.82
2017,January,27,16,3
2017,January,27,17,3.29
2017,January,27,18,3.68
2017,January,27,19,3.94
2017,January,27,20,3.91
2017,January,27,21,3.79
2017,January,27,22,3.97
2017,January,27,23,3.84
2017,January,28,0,3.48
2017,January,28,1,3.51
2017,January,28,2,4.3
2017,January,28,3,4.16
2017,January,28,4,4.11
2017,January,28,5,4.63
2017,January,28,6,4.71
2017,January,28,7,5.31
2017,January,28,8,5.45
2017,January,28,9,5.15
2017,January,28,10,4.95
2017,January,28,11,4.76
2017,January,28,12,4.89
2017,January,28,13,4.89
2017,January,28,14,4.95
2017,January,28,15,5.02
2017,January,28,16,4.82
2017,January,28,17,3.53
2017,January,28,18,3.45
2017,January,28,19,3.08
2017,January,28,20,3.17
2017,January,28,21,3.25
2017,January,28,22,2.28
2017,January,28,23,0.32
2017,January,29,0,1.13
2017,January,29,1,1.72
2017,January,29,2,2.1
2017,January,29,3,2.15
2017,January,29,4,1.99
2017,January,29,5,2.23
2017,January,29,6,2.38
2017,January,29,7,2.44
2017,January,29,8,2.58
2017,January,29,9,2.95
2017,January,29,10,4.01
2017,January,29,11,5
2017,January,29,12,5.16
2017,January,29,13,5.84
2017,January,29,14,5.55
2017,January,29,15,5.13
2017,January,29,16,4.99
2017,January,29,17,5.05
2017,January,29,18,5.05
2017,January,29,19,5.26
2017,January,29,20,5.47
2017,January,29,21,4.87
2017,January,29,22,4.35
2017,January,29,23,4.25
2017,January,30,0,3.94
2017,January,30,1,2.97
2017,January,30,2,2.21
2017,January,30,3,3.14
2017,January,30,4,3.19
2017,January,30,5,3.17
2017,January,30,6,3.3
2017,January,30,7,3.69
2017,January,30,8,3.39
2017,January,30,9,4.99
2017,January,30,10,5.94
2017,January,30,11,5.84
2017,January,30,12,6.49
2017,January,30,13,6.77
2017,January,30,14,6.46
2017,January,30,15,6.27
2017,January,30,16,6.17
2017,January,30,17,6
2017,January,30,18,5.94
2017,January,30,19,6
2017,January,30,20,5.86
2017,January,30,21,5.72
2017,January,30,22,5.92
2017,January,30,23,6.51
2017,January,31,0,6.43
2017,January,31,1,6.24
2017,January,31,2,6.23
2017,January,31,3,5.43
2017,January,31,4,5.56
2017,January,31,5,5.96
2017,January,31,6,5.84
2017,January,31,7,6.32
2017,January,31,8,6.15
2017,January,31,9,6.03
2017,January,31,10,6.44
2017,January,31,11,7.57
2017,January,31,12,7.88
2017,January,31,13,9
2017,January,31,14,9.24
2017,January,31,15,9.46
2017,January,31,16,9.42
2017,January,31,17,9.27
2017,January,31,18,9.16
2017,January,31,19,8.88
2017,January,31,20,8.24
2017,January,31,21,8.1
2017,January,31,22,7.85
2017,January,31,23,7.56
2017,February,1,0,7.54
2017,February,1,1,7.73
2017,February,1,2,7.58
2017,February,1,3,7.74
2017,February,1,4,7.66
2017,February,1,5,7.99
2017,February,1,6,8.14
2017,February,1,7,8.39
2017,February,1,8,8.31
2017,February,1,9,8.68
2017,February,1,10,8.77
2017,February,1,11,9.5
2017,February,1,12,9.39
2017,February,1,13,9.42
2017,February,1,14,10.12
2017,February,1,15,10.02
2017,February,1,16,9.49
2017,February,1,17,9.24
2017,February,1,18,9.75
2017,February,1,19,9.85
2017,February,1,20,9.59
2017,February,1,21,9.43
2017,February,1,22,9.15
2017,February,1,23,8.52
2017,February,2,0,8.54
2017,February,2,1,9.04
2017,February,2,2,9.66
2017,February,2,3,10.18
2017,February,2,4,10.72
2017,February,2,5,10.93
2017,February,2,6,11.32
2017,February,2,7,11.23
2017,February,2,8,10.97
2017,February,2,9,10.73
2017,February,2,10,10.88
2017,February,2,11,11.07
2017,February,2,12,10.98
2017,February,2,13,10.93
2017,February,2,14,11.53
2017,February,2,15,11.67
2017,February,2,16,11.59
2017,February,2,17,11.48
2017,February,2,18,11.57
2017,February,2,19,11.49
2017,February,2,20,10.8
2017,February,2,21,10.85
2017,February,2,22,10.75
2017,February,2,23,10.53
2017,February,3,0,10.1
2017,February,3,1,9.3
2017,February,3,2,8.38
2017,February,3,3,8.09
2017,February,3,4,7.9
2017,February,3,5,7.42
2017,February,3,6,6.92
2017,February,3,7,6.43
2017,February,3,8,5.94
2017,February,3,9,6.71
2017,February,3,10,7.55
2017,February,3,11,7.95
2017,February,3,12,8.51
2017,February,3,13,8.73
2017,February,3,14,8.56
2017,February,3,15,8.42
2017,February,3,16,7.89
2017,February,3,17,7.83
2017,February,3,18,7.86
2017,February,3,19,8.04
2017,February,3,20,7.64
2017,February,3,21,7.15
2017,February,3,22,6.77
2017,February,3,23,4.4
2017,February,4,0,3.86
2017,February,4,1,4.13
2017,February,4,2,4.19
2017,February,4,3,3.93
2017,February,4,4,3.71
2017,February,4,5,3.21
2017,February,4,6,2.6
2017,February,4,7,2.48
2017,February,4,8,2.61
2017,February,4,9,3.03
2017,February,4,10,3.37
2017,February,4,11,4.63
2017,February,4,12,4.55
2017,February,4,13,6.58
2017,February,4,14,6.18
2017,February,4,15,6.15
2017,February,4,16,4.91
2017,February,4,17,4.02
2017,February,4,18,3.87
2017,February,4,19,4.02
2017,February,4,20,4.01
2017,February,4,21,3.82
2017,February,4,22,3.67
2017,February,4,23,3.8
2017,February,5,0,3.96
2017,February,5,1,3.39
2017,February,5,2,3.16
2017,February,5,3,3.41
2017,February,5,4,3.08
2017,February,5,5,3.38
2017,February,5,6,3.75
2017,February,5,7,3.92
2017,February,5,8,3.78
2017,February,5,9,3.83
2017,February,5,10,4.79
2017,February,5,11,5.63
2017,February,5,12,5.7
2017,February,5,13,5.72
2017,February,5,14,5.78
2017,February,5,15,5.03
2017,February,5,16,4.74
2017,February,5,17,3.6
2017,February,5,18,2.95
2017,February,5,19,3.51
2017,February,5,20,3.82
2017,February,5,21,3.63
2017,February,5,22,3.43
2017,February,5,23,3.05
2017,February,6,0,2.97
2017,February,6,1,2.84
2017,February,6,2,2.81
2017,February,6,3,2.6
2017,February,6,4,2.31
2017,February,6,5,2.63
2017,February,6,6,2.7
2017,February,6,7,1.72
2017,February,6,8,2.38
2017,February,6,9,3.26
2017,February,6,10,4.08
2017,February,6,11,4.98
2017,February,6,12,5.39
2017,February,6,13,5.63
2017,February,6,14,5.78
2017,February,6,15,5.72
2017,February,6,16,4.86
2017,February,6,17,3.35
2017,February,6,18,3.41
2017,February,6,19,3.58
2017,February,6,20,3.85
2017,February,6,21,4.09
2017,February,6,22,4.49
2017,February,6,23,4.74
2017,February,7,0,4.92
2017,February,7,1,5.05
2017,February,7,2,5.09
2017,February,7,3,5.09
2017,February,7,4,5.34
2017,February,7,5,5.49
2017,February,7,6,5.48
2017,February,7,7,6.13
2017,February,7,8,5.96
2017,February,7,9,5.93
2017,February,7,10,6.66
2017,February,7,11,7.55
2017,February,7,12,7.62
2017,February,7,13,7.99
2017,February,7,14,7.8
2017,February,7,15,7.44
2017,February,7,16,6.24
2017,February,7,17,4.7
2017,February,7,18,3.89
2017,February,7,19,3.38
2017,February,7,20,3.61
2017,February,7,21,3.83
2017,February,7,22,3.85
2017,February,7,23,3.46
2017,February,8,0,3.21
2017,February,8,1,3.47
2017,February,8,2,3.31
2017,February,8,3,2.63
2017,February,8,4,2.34
2017,February,8,5,2.02
2017,February,8,6,2.64
2017,February,8,7,3.41
2017,February,8,8,3.8
2017,February,8,9,4.71
2017,February,8,10,4.63
2017,February,8,11,4.26
2017,February,8,12,5
2017,February,8,13,4.51
2017,February,8,14,4.41
2017,February,8,15,3.94
2017,February,8,16,3.73
2017,February,8,17,3.17
2017,February,8,18,2.03
2017,February,8,19,1.02
2017,February,8,20,0.45
2017,February,8,21,1.16
2017,February,8,22,0.9
2017,February,8,23,0.54
2017,February,9,0,0.8
2017,February,9,1,0.8
2017,February,9,2,0.63
2017,February,9,3,0.74
2017,February,9,4,1.05
2017,February,9,5,1.13
2017,February,9,6,1.18
2017,February,9,7,0.9
2017,February,9,8,1.15
2017,February,9,9,1.29
2017,February,9,10,1.74
2017,February,9,11,1.99
2017,February,9,12,2.25
2017,February,9,13,2.52
2017,February,9,14,2.33
2017,February,9,15,2.05
2017,February,9,16,1.87
2017,February,9,17,1.65
2017,February,9,18,1.59
2017,February,9,19,1.61
2017,February,9,20,1.5
2017,February,9,21,1.25
2017,February,9,22,1.05
2017,February,9,23,0.84
2017,February,10,0,1.21
2017,February,10,1,1.06
2017,February,10,2,1.25
2017,February,10,3,1.15
2017,February,10,4,1.15
2017,February,10,5,1.16
2017,February,10,6,1.17
2017,February,10,7,1.14
2017,February,10,8,1.19
2017,February,10,9,1.46
2017,February,10,10,2.17
2017,February,10,11,2.81
2017,February,10,12,3.02
2017,February,10,13,3.41
2017,February,10,14,2.98
2017,February,10,15,2.69
2017,February,10,16,2.44
2017,February,10,17,2.02
2017,February,10,18,1.74
2017,February,10,19,1.47
2017,February,10,20,1.11
2017,February,10,21,0.6
2017,February,10,22,0.7
2017,February,10,23,1.02
2017,February,11,0,0.92
2017,February,11,1,0.77
2017,February,11,2,1.09
2017,February,11,3,1.13
2017,February,11,4,1.27
2017,February,11,5,1.56
2017,February,11,6,1.79
2017,February,11,7,1.94
2017,February,11,8,2.19
2017,February,11,9,2.61
2017,February,11,10,3.29
2017,February,11,11,3.91
2017,February,11,12,4.22
2017,February,11,13,4.26
2017,February,11,14,4.21
2017,February,11,15,4.04
2017,February,11,16,4
2017,February,11,17,3.76
2017,February,11,18,3.55
2017,February,11,19,3.55
2017,February,11,20,3.79
2017,February,11,21,3.95
2017,February,11,22,3.55
2017,February,11,23,3.42
2017,February,12,0,3.39
2017,February,12,1,3.21
2017,February,12,2,2.82
2017,February,12,3,2.77
2017,February,12,4,2.51
2017,February,12,5,2.34
2017,February,12,6,2.43
2017,February,12,7,2.25
2017,February,12,8,2.21
2017,February,12,9,2.55
2017,February,12,10,2.93
2017,February,12,11,3.19
2017,February,12,12,3.48
2017,February,12,13,3.43
2017,February,12,14,3.28
2017,February,12,15,2.82
2017,February,12,16,3.01
2017,February,12,17,3.24
2017,February,12,18,3.26
2017,February,12,19,3.34
2017,February,12,20,3.49
2017,February,12,21,3.5
2017,February,12,22,3.37
2017,February,12,23,3.56
2017,February,13,0,3.54
2017,February,13,1,3.61
2017,February,13,2,3.38
2017,February,13,3,3.34
2017,February,13,4,3.35
2017,February,13,5,3.54
2017,February,13,6,3.75
2017,February,13,7,3.84
2017,February,13,8,4.13
2017,February,13,9,4.93
2017,February,13,10,5.23
2017,February,13,11,5.88
2017,February,13,12,6.88
2017,February,13,13,7.67
2017,February,13,14,8.31
2017,February,13,15,8.1
2017,February,13,16,7.03
2017,February,13,17,6.04
2017,February,13,18,4.87
2017,February,13,19,4.42
2017,February,13,20,4.39
2017,February,13,21,4.32
2017,February,13,22,4.18
2017,February,13,23,4.05
2017,February,14,0,4.16
2017,February,14,1,4.22
2017,February,14,2,4.16
2017,February,14,3,3.98
2017,February,14,4,3.8
2017,February,14,5,3.59
2017,February,14,6,3.34
2017,February,14,7,3.16
2017,February,14,8,3.26
2017,February,14,9,3.95
2017,February,14,10,4.9
2017,February,14,11,4.99
2017,February,14,12,6.13
2017,February,14,13,7.11
2017,February,14,14,7.08
2017,February,14,15,7.11
2017,February,14,16,7.14
2017,February,14,17,6.84
2017,February,14,18,7.1
2017,February,14,19,7.42
2017,February,14,20,7.13
2017,February,14,21,7.37
2017,February,14,22,7.46
2017,February,14,23,8.03
2017,February,15,0,7.93
2017,February,15,1,8.03
2017,February,15,2,8
2017,February,15,3,7.71
2017,February,15,4,7.27
2017,February,15,5,7.66
2017,February,15,6,7.42
2017,February,15,7,7.18
2017,February,15,8,8.07
2017,February,15,9,8.74
2017,February,15,10,9.53
2017,February,15,11,9.55
2017,February,15,12,10.23
2017,February,15,13,10.16
2017,February,15,14,9.65
2017,February,15,15,9.62
2017,February,15,16,9.42
2017,February,15,17,8.89
2017,February,15,18,8.63
2017,February,15,19,8.82
2017,February,15,20,8.75
2017,February,15,21,8.55
2017,February,15,22,8.41
2017,February,15,23,7.86
2017,February,16,0,7.54
2017,February,16,1,7.19
2017,February,16,2,6.99
2017,February,16,3,6.86
2017,February,16,4,6.89
2017,February,16,5,6.67
2017,February,16,6,6.71
2017,February,16,7,6.68
2017,February,16,8,6.92
2017,February,16,9,7.21
2017,February,16,10,8.03
2017,February,16,11,8.16
2017,February,16,12,7.66
2017,February,16,13,7.63
2017,February,16,14,7.6
2017,February,16,15,7.6
2017,February,16,16,7.5
2017,February,16,17,7.38
2017,February,16,18,7.24
2017,February,16,19,7.35
2017,February,16,20,7.47
2017,February,16,21,7.33
2017,February,16,22,7.12
2017,February,16,23,7.05
2017,February,17,0,7.09
2017,February,17,1,7.02
2017,February,17,2,7.05
2017,February,17,3,6.95
2017,February,17,4,6.94
2017,February,17,5,7.07
2017,February,17,6,7.19
2017,February,17,7,7.38
2017,February,17,8,7.51
2017,February,17,9,7.79
2017,February,17,10,8.11
2017,February,17,11,8.4
2017,February,17,12,9.02
2017,February,17,13,9.81
2017,February,17,14,10.28
2017,February,17,15,10.43
2017,February,17,16,10.12
2017,February,17,17,9.63
2017,February,17,18,9.33
2017,February,17,19,9.66
2017,February,17,20,9.73
2017,February,17,21,9.55
2017,February,17,22,9.51
2017,February,17,23,9.39
2017,February,18,0,9.12
2017,February,18,1,9.24
2017,February,18,2,9.47
2017,February,18,3,9.08
2017,February,18,4,8.91
2017,February,18,5,8.7
2017,February,18,6,8.27
2017,February,18,7,8.07
2017,February,18,8,8.03
2017,February,18,9,8.19
2017,February,18,10,8.43
2017,February,18,11,8.91
2017,February,18,12,9.09
2017,February,18,13,9.5
2017,February,18,14,9.37
2017,February,18,15,9.72
2017,February,18,16,9.47
2017,February,18,17,8.97
2017,February,18,18,9
2017,February,18,19,8.62
2017,February,18,20,7.95
2017,February,18,21,8.07
2017,February,18,22,8.19
2017,February,18,23,7.99
2017,February,19,0,7.58
2017,February,19,1,7.42
2017,February,19,2,7.54
2017,February,19,3,7.4
2017,February,19,4,7.34
2017,February,19,5,7.48
2017,February,19,6,7.18
2017,February,19,7,7.07
2017,February,19,8,7.19
2017,February,19,9,7.31
2017,February,19,10,7.3
2017,February,19,11,7.43
2017,February,19,12,7.65
2017,February,19,13,7.84
2017,February,19,14,7.88
2017,February,19,15,7.79
2017,February,19,16,7.82
2017,February,19,17,7.9
2017,February,19,18,8.04
2017,February,19,19,8.29
2017,February,19,20,8.3
2017,February,19,21,8.25
2017,February,19,22,8.33
2017,February,19,23,8.51
2017,February,20,0,8.48
2017,February,20,1,8.38
2017,February,20,2,8.47
2017,February,20,3,8.31
2017,February,20,4,8.38
2017,February,20,5,8.43
2017,February,20,6,8.46
2017,February,20,7,8.15
2017,February,20,8,8.51
2017,February,20,9,8.82
2017,February,20,10,8.81
2017,February,20,11,9.26
2017,February,20,12,9.35
2017,February,20,13,9.08
2017,February,20,14,8.99
2017,February,20,15,8.56
2017,February,20,16,8.68
2017,February,20,17,8.55
2017,February,20,18,7.72
2017,February,20,19,7.98
2017,February,20,20,8
2017,February,20,21,7.87
2017,February,20,22,7.99
2017,February,20,23,7.92
2017,February,21,0,8.01
2017,February,21,1,7.66
2017,February,21,2,7.16
2017,February,21,3,6.47
2017,February,21,4,7.12
2017,February,21,5,6.99
2017,February,21,6,6.61
2017,February,21,7,6.27
2017,February,21,8,5.64
2017,February,21,9,6.36
2017,February,21,10,7.2
2017,February,21,11,8.17
2017,February,21,12,8.88
2017,February,21,13,8.72
2017,February,21,14,9.42
2017,February,21,15,9.71
2017,February,21,16,9.7
2017,February,21,17,9.85
2017,February,21,18,10.04
2017,February,21,19,9.85
2017,February,21,20,9.93
2017,February,21,21,9.3
2017,February,21,22,9.24
2017,February,21,23,9.38
2017,February,22,0,9.34
2017,February,22,1,9
2017,February,22,2,7.39
2017,February,22,3,6.74
2017,February,22,4,6.92
2017,February,22,5,7.19
2017,February,22,6,7.02
2017,February,22,7,7.02
2017,February,22,8,7.26
2017,February,22,9,7.18
2017,February,22,10,7.43
2017,February,22,11,7.67
2017,February,22,12,7.89
2017,February,22,13,7.93
2017,February,22,14,7.86
2017,February,22,15,7.69
2017,February,22,16,7.49
2017,February,22,17,7.09
2017,February,22,18,6.62
2017,February,22,19,6.57
2017,February,22,20,6.64
2017,February,22,21,6.85
2017,February,22,22,6.6
2017,February,22,23,6.3
2017,February,23,0,5.87
2017,February,23,1,6.51
2017,February,23,2,7.2
2017,February,23,3,8.17
2017,February,23,4,8.63
2017,February,23,5,8.82
2017,February,23,6,8.07
2017,February,23,7,7.47
2017,February,23,8,5.33
2017,February,23,9,5.36
2017,February,23,10,5.74
2017,February,23,11,5.71
2017,February,23,12,4.52
2017,February,23,13,4.75
2017,February,23,14,5.79
2017,February,23,15,5.25
2017,February,23,16,4.97
2017,February,23,17,4.86
2017,February,23,18,4.27
2017,February,23,19,4.16
2017,February,23,20,4.24
2017,February,23,21,4.34
2017,February,23,22,4.4
2017,February,23,23,4.43
2017,February,24,0,4.59
2017,February,24,1,3.61
2017,February,24,2,3.66
2017,February,24,3,3.33
2017,February,24,4,3.7
2017,February,24,5,3.46
2017,February,24,6,3.36
2017,February,24,7,3.26
2017,February,24,8,3.73
2017,February,24,9,4.84
2017,February,24,10,5.71
2017,February,24,11,5.72
2017,February,24,12,6.65
2017,February,24,13,6.7
2017,February,24,14,6.58
2017,February,24,15,6.48
2017,February,24,16,6.35
2017,February,24,17,5.97
2017,February,24,18,5.53
2017,February,24,19,5.38
2017,February,24,20,5.55
2017,February,24,21,5.73
2017,February,24,22,5.5
2017,February,24,23,5.52
2017,February,25,0,5.13
2017,February,25,1,5.46
2017,February,25,2,5.65
2017,February,25,3,5.97
2017,February,25,4,6.41
2017,February,25,5,7.11
2017,February,25,6,7.68
2017,February,25,7,7.93
2017,February,25,8,7.58
2017,February,25,9,7.55
2017,February,25,10,7.85
2017,February,25,11,8.21
2017,February,25,12,8.8
2017,February,25,13,9.26
2017,February,25,14,9.08
2017,February,25,15,9.09
2017,February,25,16,9
2017,February,25,17,9.11
2017,February,25,18,8.96
2017,February,25,19,8.84
2017,February,25,20,8.68
2017,February,25,21,8.32
2017,February,25,22,7.56
2017,February,25,23,7.18
2017,February,26,0,6.65
2017,February,26,1,6.46
2017,February,26,2,6.53
2017,February,26,3,6.82
2017,February,26,4,6.93
2017,February,26,5,6.92
2017,February,26,6,7.01
2017,February,26,7,7.12
2017,February,26,8,7.25
2017,February,26,9,7.95
2017,February,26,10,8.68
2017,February,26,11,8.43
2017,February,26,12,8.97
2017,February,26,13,9.5
2017,February,26,14,9.89
2017,February,26,15,9.89
2017,February,26,16,10.02
2017,February,26,17,9.51
2017,February,26,18,7.84
2017,February,26,19,6.88
2017,February,26,20,6.16
2017,February,26,21,6.37
2017,February,26,22,6.23
2017,February,26,23,5.47
2017,February,27,0,5.13
2017,February,27,1,5.31
2017,February,27,2,4.49
2017,February,27,3,4.58
2017,February,27,4,4.07
2017,February,27,5,4.31
2017,February,27,6,4.57
2017,February,27,7,4.28
2017,February,27,8,4.64
2017,February,27,9,4.93
2017,February,27,10,5.01
2017,February,27,11,5.42
2017,February,27,12,5.71
2017,February,27,13,5.69
2017,February,27,14,5.32
2017,February,27,15,5.19
2017,February,27,16,4.76
2017,February,27,17,4.82
2017,February,27,18,3.26
2017,February,27,19,2.83
2017,February,27,20,2.4
2017,February,27,21,2.26
2017,February,27,22,1.45
2017,February,27,23,0.88
2017,February,28,0,0.71
2017,February,28,1,0.66
2017,February,28,2,0.76
2017,February,28,3,0.82
2017,February,28,4,0.87
2017,February,28,5,0.33
2017,February,28,6,1.06
2017,February,28,7,1.19
2017,February,28,8,1.25
2017,February,28,9,2.2
2017,February,28,10,3.77
2017,February,28,11,5.03
2017,February,28,12,4.4
2017,February,28,13,4
2017,February,28,14,3.81
2017,February,28,15,4.34
2017,February,28,16,4.52
2017,February,28,17,4.61
2017,February,28,18,4.39
2017,February,28,19,4.09
2017,February,28,20,3.87
2017,February,28,21,3.27
2017,February,28,22,3.5
2017,February,28,23,3.21
2017,March,1,0,2.86
2017,March,1,1,2.86
2017,March,1,2,2.96
2017,March,1,3,2.87
2017,March,1,4,3.27
2017,March,1,5,2.9
2017,March,1,6,2.56
2017,March,1,7,2.17
2017,March,1,8,3.09
2017,March,1,9,4.36
2017,March,1,10,5.21
2017,March,1,11,5.23
2017,March,1,12,6.03
2017,March,1,13,7.06
2017,March,1,14,7.11
2017,March,1,15,7.02
2017,March,1,16,6.68
2017,March,1,17,5.87
2017,March,1,18,5.14
2017,March,1,19,4.73
2017,March,1,20,4.07
2017,March,1,21,3.67
2017,March,1,22,4.21
2017,March,1,23,4
2017,March,2,0,3.57
2017,March,2,1,3.54
2017,March,2,2,4.03
2017,March,2,3,4.11
2017,March,2,4,4.08
2017,March,2,5,4.2
2017,March,2,6,4.24
2017,March,2,7,4.23
2017,March,2,8,4.86
2017,March,2,9,5.54
2017,March,2,10,6.29
2017,March,2,11,6.41
2017,March,2,12,6.62
2017,March,2,13,6.15
2017,March,2,14,6.52
2017,March,2,15,6.75
2017,March,2,16,6.54
2017,March,2,17,6.28
2017,March,2,18,5.83
2017,March,2,19,5.33
2017,March,2,20,5.51
2017,March,2,21,5.89
2017,March,2,22,6.01
2017,March,2,23,5.92
2017,March,3,0,5.89
2017,March,3,1,5.56
2017,March,3,2,5.41
2017,March,3,3,5.55
2017,March,3,4,5.46
2017,March,3,5,5.5
2017,March,3,6,5.76
2017,March,3,7,5.62
2017,March,3,8,6.14
2017,March,3,9,6.36
2017,March,3,10,6.67
2017,March,3,11,6.79
2017,March,3,12,6.55
2017,March,3,13,5.99
2017,March,3,14,5.83
2017,March,3,15,5.28
2017,March,3,16,4.95
2017,March,3,17,5.06
2017,March,3,18,5.24
2017,March,3,19,5.62
2017,March,3,20,5.94
2017,March,3,21,5.82
2017,March,3,22,6.22
2017,March,3,23,6.73
2017,March,4,0,6.84
2017,March,4,1,7.43
2017,March,4,2,7.58
2017,March,4,3,7.78
2017,March,4,4,7.97
2017,March,4,5,7.18
2017,March,4,6,6.58
2017,March,4,7,6.26
2017,March,4,8,6.62
2017,March,4,9,7.51
2017,March,4,10,7.76
2017,March,4,11,8.76
2017,March,4,12,9.35
2017,March,4,13,9.5
2017,March,4,14,9.45
2017,March,4,15,9.24
2017,March,4,16,8.67
2017,March,4,17,8.17
2017,March,4,18,6.57
2017,March,4,19,6
2017,March,4,20,6.09
2017,March,4,21,5.78
2017,March,4,22,5.44
2017,March,4,23,5.72
2017,March,5,0,5.63
2017,March,5,1,5.64
2017,March,5,2,5.35
2017,March,5,3,4.97
2017,March,5,4,5.15
2017,March,5,5,4.95
2017,March,5,6,4.18
2017,March,5,7,4.12
2017,March,5,8,5.24
2017,March,5,9,5.87
2017,March,5,10,6.48
2017,March,5,11,6.4
2017,March,5,12,6.37
2017,March,5,13,6.5
2017,March,5,14,6.68
2017,March,5,15,6.88
2017,March,5,16,7.2
2017,March,5,17,6.61
2017,March,5,18,6.58
2017,March,5,19,6.01
2017,March,5,20,5.45
2017,March,5,21,5.62
2017,March,5,22,5.79
2017,March,5,23,5.57
2017,March,6,0,5.81
2017,March,6,1,5.72
2017,March,6,2,5.08
2017,March,6,3,5.18
2017,March,6,4,5.11
2017,March,6,5,4.76
2017,March,6,6,4.01
2017,March,6,7,4.12
2017,March,6,8,5.24
2017,March,6,9,6.48
2017,March,6,10,7.1
2017,March,6,11,7
2017,March,6,12,7.47
2017,March,6,13,8.21
2017,March,6,14,8.13
2017,March,6,15,8.24
2017,March,6,16,7.76
2017,March,6,17,6.44
2017,March,6,18,5.76
2017,March,6,19,5.39
2017,March,6,20,4.9
2017,March,6,21,5.53
2017,March,6,22,5.95
2017,March,6,23,5.5
2017,March,7,0,5.16
2017,March,7,1,4.72
2017,March,7,2,4.23
2017,March,7,3,4.92
2017,March,7,4,4.98
2017,March,7,5,4.46
2017,March,7,6,4.26
2017,March,7,7,4.11
2017,March,7,8,5.1
2017,March,7,9,5.44
2017,March,7,10,6.31
2017,March,7,11,6.69
2017,March,7,12,7.18
2017,March,7,13,7.57
2017,March,7,14,7.42
2017,March,7,15,7.62
2017,March,7,16,7.78
2017,March,7,17,7.54
2017,March,7,18,7.5
2017,March,7,19,7.67
2017,March,7,20,7.56
2017,March,7,21,7.21
2017,March,7,22,6.5
2017,March,7,23,6.51
2017,March,8,0,6.71
2017,March,8,1,7.01
2017,March,8,2,7.53
2017,March,8,3,8.64
2017,March,8,4,7.95
2017,March,8,5,7.09
2017,March,8,6,6.45
2017,March,8,7,6.43
2017,March,8,8,6.92
2017,March,8,9,7.42
2017,March,8,10,7.88
2017,March,8,11,8.56
2017,March,8,12,8.84
2017,March,8,13,9.08
2017,March,8,14,9.87
2017,March,8,15,9.98
2017,March,8,16,9.87
2017,March,8,17,9.33
2017,March,8,18,8.19
2017,March,8,19,7.47
2017,March,8,20,7.87
2017,March,8,21,7.03
2017,March,8,22,6.32
2017,March,8,23,6.15
2017,March,9,0,6.42
2017,March,9,1,6.96
2017,March,9,2,7.53
2017,March,9,3,7.7
2017,March,9,4,7.67
2017,March,9,5,7.87
2017,March,9,6,7.65
2017,March,9,7,7.64
2017,March,9,8,7.85
2017,March,9,9,8.09
2017,March,9,10,8.53
2017,March,9,11,8.82
2017,March,9,12,8.87
2017,March,9,13,9.17
2017,March,9,14,8.86
2017,March,9,15,9.02
2017,March,9,16,8.78
2017,March,9,17,7.69
2017,March,9,18,6.57
2017,March,9,19,6.01
2017,March,9,20,5.95
2017,March,9,21,5.83
2017,March,9,22,5.6
2017,March,9,23,5.19
2017,March,10,0,5.39
2017,March,10,1,5.64
2017,March,10,2,6.31
2017,March,10,3,6.35
2017,March,10,4,7.59
2017,March,10,5,8.23
2017,March,10,6,8.05
2017,March,10,7,6.7
2017,March,10,8,7.26
2017,March,10,9,7.61
2017,March,10,10,8.9
2017,March,10,11,9.84
2017,March,10,12,10.31
2017,March,10,13,10.3
2017,March,10,14,10.11
2017,March,10,15,10.42
2017,March,10,16,10.61
2017,March,10,17,10.29
2017,March,10,18,9.38
2017,March,10,19,10.1
2017,March,10,20,10.35
2017,March,10,21,10.62
2017,March,10,22,10.57
2017,March,10,23,10.47
2017,March,11,0,9.92
2017,March,11,1,9.6
2017,March,11,2,9.15
2017,March,11,3,8.55
2017,March,11,4,8.57
2017,March,11,5,8.49
2017,March,11,6,8.86
2017,March,11,7,8.95
2017,March,11,8,8.92
2017,March,11,9,9.12
2017,March,11,10,9.48
2017,March,11,11,9.93
2017,March,11,12,10.42
2017,March,11,13,10.59
2017,March,11,14,10.78
2017,March,11,15,10.74
2017,March,11,16,10.95
2017,March,11,17,10.96
2017,March,11,18,10.62
2017,March,11,19,10.59
2017,March,11,20,10.65
2017,March,11,21,10.65
2017,March,11,22,10.17
2017,March,11,23,9.8
2017,March,12,0,9.59
2017,March,12,1,9.48
2017,March,12,2,9.58
2017,March,12,3,9.24
2017,March,12,4,8.91
2017,March,12,5,8.47
2017,March,12,6,8.2
2017,March,12,7,7.99
2017,March,12,8,7.95
2017,March,12,9,8.75
2017,March,12,10,9.37
2017,March,12,11,9.12
2017,March,12,12,8.82
2017,March,12,13,8.71
2017,March,12,14,8.53
2017,March,12,15,8.25
2017,March,12,16,8.5
2017,March,12,17,8.78
2017,March,12,18,7.73
2017,March,12,19,7.06
2017,March,12,20,6.4
2017,March,12,21,5.92
2017,March,12,22,5.69
2017,March,12,23,5.49
2017,March,13,0,5.13
2017,March,13,1,5.05
2017,March,13,2,5.35
2017,March,13,3,5.15
2017,March,13,4,4.32
2017,March,13,5,4.81
2017,March,13,6,5.69
2017,March,13,7,6.69
2017,March,13,8,6.48
2017,March,13,9,7.05
2017,March,13,10,7.67
2017,March,13,11,8.38
2017,March,13,12,8.92
2017,March,13,13,9.54
2017,March,13,14,9.29
2017,March,13,15,9.32
2017,March,13,16,9.26
2017,March,13,17,9.06
2017,March,13,18,8.95
2017,March,13,19,9.01
2017,March,13,20,9
2017,March,13,21,8.97
2017,March,13,22,8.88
2017,March,13,23,9.25
2017,March,14,0,9.28
2017,March,14,1,9.36
2017,March,14,2,9.63
2017,March,14,3,9.65
2017,March,14,4,9.93
2017,March,14,5,9.9
2017,March,14,6,9.95
2017,March,14,7,10.09
2017,March,14,8,10.01
2017,March,14,9,9.93
2017,March,14,10,9.92
2017,March,14,11,10.26
2017,March,14,12,10.14
2017,March,14,13,10.61
2017,March,14,14,11.13
2017,March,14,15,10.6
2017,March,14,16,10.55
2017,March,14,17,10.13
2017,March,14,18,9.25
2017,March,14,19,8.76
2017,March,14,20,8.61
2017,March,14,21,8.1
2017,March,14,22,7.98
2017,March,14,23,7.89
2017,March,15,0,7.48
2017,March,15,1,7.1
2017,March,15,2,6.87
2017,March,15,3,6.33
2017,March,15,4,5.17
2017,March,15,5,4.76
2017,March,15,6,4.76
2017,March,15,7,5.24
2017,March,15,8,6.24
2017,March,15,9,7.63
2017,March,15,10,8.9
2017,March,15,11,10.13
2017,March,15,12,11.1
2017,March,15,13,10.88
2017,March,15,14,11.17
2017,March,15,15,11.37
2017,March,15,16,10.87
2017,March,15,17,10.41
2017,March,15,18,9.34
2017,March,15,19,8.89
2017,March,15,20,8.36
2017,March,15,21,7.74
2017,March,15,22,7.75
2017,March,15,23,7.41
2017,March,16,0,7.24
2017,March,16,1,7.17
2017,March,16,2,7.09
2017,March,16,3,7.32
2017,March,16,4,7.39
2017,March,16,5,7.35
2017,March,16,6,7.28
2017,March,16,7,7.21
2017,March,16,8,7.24
2017,March,16,9,7.5
2017,March,16,10,8.37
2017,March,16,11,8.62
2017,March,16,12,9.83
2017,March,16,13,10.43
2017,March,16,14,9.68
2017,March,16,15,9.84
2017,March,16,16,7.77
2017,March,16,17,6.44
2017,March,16,18,6.8
2017,March,16,19,5.95
2017,March,16,20,5.29
2017,March,16,21,5.15
2017,March,16,22,5.43
2017,March,16,23,5.41
2017,March,17,0,5.61
2017,March,17,1,5.81
2017,March,17,2,5.76
2017,March,17,3,5.79
2017,March,17,4,6.18
2017,March,17,5,5.88
2017,March,17,6,5.82
2017,March,17,7,5.96
2017,March,17,8,6.43
2017,March,17,9,6.64
2017,March,17,10,6.72
2017,March,17,11,6.9
2017,March,17,12,7.33
2017,March,17,13,7.5
2017,March,17,14,7.31
2017,March,17,15,7.29
2017,March,17,16,7.39
2017,March,17,17,7.59
2017,March,17,18,8.01
2017,March,17,19,8.39
2017,March,17,20,8.67
2017,March,17,21,8.93
2017,March,17,22,8.96
2017,March,17,23,9.04
2017,March,18,0,8.99
2017,March,18,1,8.91
2017,March,18,2,8.84
2017,March,18,3,8.77
2017,March,18,4,8.78
2017,March,18,5,8.71
2017,March,18,6,8.65
2017,March,18,7,8.66
2017,March,18,8,8.8
2017,March,18,9,9
2017,March,18,10,9.15
2017,March,18,11,9.04
2017,March,18,12,9.03
2017,March,18,13,9.16
2017,March,18,14,9.03
2017,March,18,15,8.35
2017,March,18,16,8.62
2017,March,18,17,8.57
2017,March,18,18,8.85
2017,March,18,19,9.35
2017,March,18,20,9.36
2017,March,18,21,9.36
2017,March,18,22,9.73
2017,March,18,23,10.07
2017,March,19,0,10.04
2017,March,19,1,9.77
2017,March,19,2,9.51
2017,March,19,3,9.47
2017,March,19,4,9.41
2017,March,19,5,9.3
2017,March,19,6,9.14
2017,March,19,7,9.25
2017,March,19,8,9.57
2017,March,19,9,9.85
2017,March,19,10,9.92
2017,March,19,11,10.03
2017,March,19,12,9.95
2017,March,19,13,10.43
2017,March,19,14,10.05
2017,March,19,15,9.34
2017,March,19,16,9.32
2017,March,19,17,9.4
2017,March,19,18,8.8
2017,March,19,19,8.6
2017,March,19,20,8.28
2017,March,19,21,8.32
2017,March,19,22,8.62
2017,March,19,23,8.74
2017,March,20,0,8.97
2017,March,20,1,8.84
2017,March,20,2,8.8
2017,March,20,3,8.94
2017,March,20,4,8.75
2017,March,20,5,8.68
2017,March,20,6,8.63
2017,March,20,7,8.87
2017,March,20,8,8.74
2017,March,20,9,8.4
2017,March,20,10,8.45
2017,March,20,11,8
2017,March,20,12,7.98
2017,March,20,13,8.2
2017,March,20,14,8.3
2017,March,20,15,8.51
2017,March,20,16,8.28
2017,March,20,17,7.2
2017,March,20,18,6.44
2017,March,20,19,6.22
2017,March,20,20,5.91
2017,March,20,21,5.39
2017,March,20,22,5.24
2017,March,20,23,4.44
2017,March,21,0,4.86
2017,March,21,1,4.82
2017,March,21,2,4.53
2017,March,21,3,4.4
2017,March,21,4,4.27
2017,March,21,5,4.55
2017,March,21,6,4.56
2017,March,21,7,4.52
2017,March,21,8,4.77
2017,March,21,9,5.17
2017,March,21,10,5.27
2017,March,21,11,5.75
2017,March,21,12,5.39
2017,March,21,13,6.41
2017,March,21,14,6.61
2017,March,21,15,6.64
2017,March,21,16,6.47
2017,March,21,17,5.09
2017,March,21,18,3.77
2017,March,21,19,4.05
2017,March,21,20,3.6
2017,March,21,21,3.06
2017,March,21,22,3.29
2017,March,21,23,3.67
2017,March,22,0,3.69
2017,March,22,1,2.79
2017,March,22,2,2
2017,March,22,3,2.45
2017,March,22,4,2.72
2017,March,22,5,3.12
2017,March,22,6,3.57
2017,March,22,7,3.91
2017,March,22,8,4.38
2017,March,22,9,4.44
2017,March,22,10,4.6
2017,March,22,11,4.76
2017,March,22,12,5.14
2017,March,22,13,5.63
2017,March,22,14,5.47
2017,March,22,15,5.92
2017,March,22,16,5.24
2017,March,22,17,4.44
2017,March,22,18,4.26
2017,March,22,19,4.4
2017,March,22,20,4.6
2017,March,22,21,4.55
2017,March,22,22,4.75
2017,March,22,23,4.91
2017,March,23,0,5.11
2017,March,23,1,5.19
2017,March,23,2,4.71
2017,March,23,3,3.94
2017,March,23,4,4.56
2017,March,23,5,3.87
2017,March,23,6,4.51
2017,March,23,7,5.11
2017,March,23,8,6.59
2017,March,23,9,7.5
2017,March,23,10,8.98
2017,March,23,11,9.73
2017,March,23,12,10.6
2017,March,23,13,10.74
2017,March,23,14,10.7
2017,March,23,15,10.16
2017,March,23,16,9.56
2017,March,23,17,8.8
2017,March,23,18,7.24
2017,March,23,19,5.75
2017,March,23,20,4.76
2017,March,23,21,4.05
2017,March,23,22,3.58
2017,March,23,23,3.91
2017,March,24,0,4.01
2017,March,24,1,3.84
2017,March,24,2,3.08
2017,March,24,3,3.01
2017,March,24,4,3.61
2017,March,24,5,3.73
2017,March,24,6,4.03
2017,March,24,7,5.11
2017,March,24,8,5.76
2017,March,24,9,8.76
2017,March,24,10,10.43
2017,March,24,11,10.9
2017,March,24,12,11.78
2017,March,24,13,12.31
2017,March,24,14,12.54
2017,March,24,15,12.37
2017,March,24,16,12.22
2017,March,24,17,11.62
2017,March,24,18,9.14
2017,March,24,19,7.88
2017,March,24,20,7.44
2017,March,24,21,6.86
2017,March,24,22,7.15
2017,March,24,23,5.09
2017,March,25,0,3.61
2017,March,25,1,3.62
2017,March,25,2,3.3
2017,March,25,3,2.98
2017,March,25,4,2.88
2017,March,25,5,2.69
2017,March,25,6,3.01
2017,March,25,7,3.64
2017,March,25,8,6.71
2017,March,25,9,8.93
2017,March,25,10,10.01
2017,March,25,11,11.68
2017,March,25,12,13.08
2017,March,25,13,14.51
2017,March,25,14,15.37
2017,March,25,15,14.27
2017,March,25,16,13.85
2017,March,25,17,13.15
2017,March,25,18,11.06
2017,March,25,19,9.95
2017,March,25,20,9.94
2017,March,25,21,9.53
2017,March,25,22,7.92
2017,March,25,23,7.38
2017,March,26,0,5.85
2017,March,26,1,6.25
2017,March,26,2,6.8
2017,March,26,3,5.97
2017,March,26,4,5.92
2017,March,26,5,6
2017,March,26,6,5.41
2017,March,26,7,6.92
2017,March,26,8,8.74
2017,March,26,9,10.87
2017,March,26,10,12.47
2017,March,26,11,13.63
2017,March,26,12,14.4
2017,March,26,13,14.73
2017,March,26,14,14.83
2017,March,26,15,14.17
2017,March,26,16,13.61
2017,March,26,17,12.43
2017,March,26,18,10.62
2017,March,26,19,9.53
2017,March,26,20,8.86
2017,March,26,21,8.11
2017,March,26,22,7.59
2017,March,26,23,6.57
2017,March,27,0,5.95
2017,March,27,1,5.96
2017,March,27,2,5.67
2017,March,27,3,5.26
2017,March,27,4,5.28
2017,March,27,5,4.39
2017,March,27,6,4.17
2017,March,27,7,5.86
2017,March,27,8,7.55
2017,March,27,9,8.37
2017,March,27,10,8.19
2017,March,27,11,8.59
2017,March,27,12,9.34
2017,March,27,13,10.76
2017,March,27,14,11.19
2017,March,27,15,11.5
2017,March,27,16,11.05
2017,March,27,17,10.04
2017,March,27,18,8.73
2017,March,27,19,8.01
2017,March,27,20,7.34
2017,March,27,21,7.1
2017,March,27,22,6.7
2017,March,27,23,6.85
2017,March,28,0,6.39
2017,March,28,1,6.34
2017,March,28,2,5.46
2017,March,28,3,5.58
2017,March,28,4,5.07
2017,March,28,5,4.39
2017,March,28,6,4.33
2017,March,28,7,5.53
2017,March,28,8,7.33
2017,March,28,9,9.74
2017,March,28,10,11.25
2017,March,28,11,12.46
2017,March,28,12,12.3
2017,March,28,13,11.58
2017,March,28,14,10.82
2017,March,28,15,10.63
2017,March,28,16,11.39
2017,March,28,17,10.75
2017,March,28,18,9.88
2017,March,28,19,9.74
2017,March,28,20,9.56
2017,March,28,21,9.83
2017,March,28,22,9.5
2017,March,28,23,9.39
2017,March,29,0,9.24
2017,March,29,1,8.88
2017,March,29,2,8.82
2017,March,29,3,8.84
2017,March,29,4,9.05
2017,March,29,5,9.25
2017,March,29,6,9.51
2017,March,29,7,9.95
2017,March,29,8,10.32
2017,March,29,9,11.05
2017,March,29,10,11.77
2017,March,29,11,11.69
2017,March,29,12,11.99
2017,March,29,13,12.27
2017,March,29,14,12.62
2017,March,29,15,12.55
2017,March,29,16,12.58
2017,March,29,17,12.58
2017,March,29,18,12.59
2017,March,29,19,12.41
2017,March,29,20,12.12
2017,March,29,21,12.08
2017,March,29,22,12.08
2017,March,29,23,11.99
2017,March,30,0,12.03
2017,March,30,1,11.84
2017,March,30,2,11.81
2017,March,30,3,11.9
2017,March,30,4,11.94
2017,March,30,5,11.82
2017,March,30,6,11.63
2017,March,30,7,11.81
2017,March,30,8,11.88
2017,March,30,9,12.3
2017,March,30,10,13.11
2017,March,30,11,13.41
2017,March,30,12,13.54
2017,March,30,13,13.59
2017,March,30,14,13.1
2017,March,30,15,12.88
2017,March,30,16,13.48
2017,March,30,17,13.51
2017,March,30,18,13.31
2017,March,30,19,13.36
2017,March,30,20,14.34
2017,March,30,21,13.25
2017,March,30,22,12.56
2017,March,30,23,12.68
2017,March,31,0,12.9
2017,March,31,1,13.09
2017,March,31,2,12.73
2017,March,31,3,12.59
2017,March,31,4,12.91
2017,March,31,5,13
2017,March,31,6,12.62
2017,March,31,7,12.42
2017,March,31,8,11.92
2017,March,31,9,12.63
2017,March,31,10,12.49
2017,March,31,11,11.82
2017,March,31,12,12.16
2017,March,31,13,12.93
2017,March,31,14,13.52
2017,March,31,15,13.38
2017,March,31,16,13.31
2017,March,31,17,12.99
2017,March,31,18,12
2017,March,31,19,11.01
2017,March,31,20,10.79
2017,March,31,21,10.77
2017,March,31,22,10.64
2017,March,31,23,10.21
2017,April,1,0,9.99
2017,April,1,1,10.15
2017,April,1,2,10.14
2017,April,1,3,9.93
2017,April,1,4,9.68
2017,April,1,5,9.36
2017,April,1,6,9.45
2017,April,1,7,9.71
2017,April,1,8,9.85
2017,April,1,9,9.67
2017,April,1,10,9.5
2017,April,1,11,10.35
2017,April,1,12,10.4
2017,April,1,13,10.59
2017,April,1,14,10.49
2017,April,1,15,10.35
2017,April,1,16,9.85
2017,April,1,17,9.62
2017,April,1,18,9.37
2017,April,1,19,8.85
2017,April,1,20,8.25
2017,April,1,21,7.96
2017,April,1,22,7.8
2017,April,1,23,7.36
2017,April,2,0,7.04
2017,April,2,1,6.9
2017,April,2,2,6.88
2017,April,2,3,6.07
2017,April,2,4,5.47
2017,April,2,5,5.08
2017,April,2,6,5.05
2017,April,2,7,6.24
2017,April,2,8,7.56
2017,April,2,9,9.32
2017,April,2,10,10.02
2017,April,2,11,10.55
2017,April,2,12,10.18
2017,April,2,13,9.99
2017,April,2,14,10.17
2017,April,2,15,10.33
2017,April,2,16,10.39
2017,April,2,17,9.86
2017,April,2,18,8.59
2017,April,2,19,7.22
2017,April,2,20,6.23
2017,April,2,21,6.29
2017,April,2,22,6.31
2017,April,2,23,5.75
2017,April,3,0,6.07
2017,April,3,1,6.93
2017,April,3,2,7.37
2017,April,3,3,7.21
2017,April,3,4,6.93
2017,April,3,5,6.89
2017,April,3,6,7.05
2017,April,3,7,8.19
2017,April,3,8,9.52
2017,April,3,9,10.58
2017,April,3,10,11.55
2017,April,3,11,12.18
2017,April,3,12,13.08
2017,April,3,13,13.13
2017,April,3,14,12.61
2017,April,3,15,12.28
2017,April,3,16,11.45
2017,April,3,17,11.16
2017,April,3,18,10.79
2017,April,3,19,10.3
2017,April,3,20,10.11
2017,April,3,21,10.48
2017,April,3,22,10.39
2017,April,3,23,10.49
2017,April,4,0,10.49
2017,April,4,1,10.02
2017,April,4,2,9.31
2017,April,4,3,9.26
2017,April,4,4,9.29
2017,April,4,5,8.82
2017,April,4,6,8.69
2017,April,4,7,8.71
2017,April,4,8,8.7
2017,April,4,9,9.14
2017,April,4,10,9.62
2017,April,4,11,10.98
2017,April,4,12,10.88
2017,April,4,13,10.72
2017,April,4,14,10.73
2017,April,4,15,10.42
2017,April,4,16,10.18
2017,April,4,17,9.56
2017,April,4,18,9.02
2017,April,4,19,8.43
2017,April,4,20,7.74
2017,April,4,21,7.82
2017,April,4,22,7.74
2017,April,4,23,7.33
2017,April,5,0,7.35
2017,April,5,1,7.73
2017,April,5,2,8.1
2017,April,5,3,7.81
2017,April,5,4,7.8
2017,April,5,5,7.68
2017,April,5,6,7.89
2017,April,5,7,8.26
2017,April,5,8,8.52
2017,April,5,9,8.6
2017,April,5,10,9.01
2017,April,5,11,9.68
2017,April,5,12,9.73
2017,April,5,13,9.72
2017,April,5,14,9.93
2017,April,5,15,9.93
2017,April,5,16,9.72
2017,April,5,17,9.39
2017,April,5,18,8.64
2017,April,5,19,8.08
2017,April,5,20,7.9
2017,April,5,21,7.53
2017,April,5,22,6.56
2017,April,5,23,5.65
2017,April,6,0,5.35
2017,April,6,1,5.07
2017,April,6,2,4.96
2017,April,6,3,4.49
2017,April,6,4,4.13
2017,April,6,5,3.98
2017,April,6,6,4.23
2017,April,6,7,6.01
2017,April,6,8,7.17
2017,April,6,9,7.73
2017,April,6,10,8.47
2017,April,6,11,8.81
2017,April,6,12,9.03
2017,April,6,13,8.91
2017,April,6,14,9.07
2017,April,6,15,8.87
2017,April,6,16,8.63
2017,April,6,17,8.4
2017,April,6,18,8.27
2017,April,6,19,8.23
2017,April,6,20,8.23
2017,April,6,21,8.23
2017,April,6,22,8.23
2017,April,6,23,8.3
2017,April,7,0,8.32
2017,April,7,1,8.17
2017,April,7,2,8.07
2017,April,7,3,7.99
2017,April,7,4,7.81
2017,April,7,5,7.88
2017,April,7,6,8.01
2017,April,7,7,8.05
2017,April,7,8,8.18
2017,April,7,9,8.41
2017,April,7,10,8.64
2017,April,7,11,8.83
2017,April,7,12,9.06
2017,April,7,13,8.83
2017,April,7,14,8.64
2017,April,7,15,8.72
2017,April,7,16,8.93
2017,April,7,17,8.92
2017,April,7,18,7.91
2017,April,7,19,6.46
2017,April,7,20,4.95
2017,April,7,21,4.24
2017,April,7,22,4.18
2017,April,7,23,3.99
2017,April,8,0,4.31
2017,April,8,1,3.65
2017,April,8,2,3.43
2017,April,8,3,3.31
2017,April,8,4,2.63
2017,April,8,5,2.78
2017,April,8,6,3.8
2017,April,8,7,5.97
2017,April,8,8,8.21
2017,April,8,9,9.85
2017,April,8,10,11.44
2017,April,8,11,12.79
2017,April,8,12,14.27
2017,April,8,13,15.2
2017,April,8,14,14.38
2017,April,8,15,15.34
2017,April,8,16,16.35
2017,April,8,17,15.43
2017,April,8,18,13.33
2017,April,8,19,12.55
2017,April,8,20,12.96
2017,April,8,21,12.61
2017,April,8,22,13.13
2017,April,8,23,14.07
2017,April,9,0,13.46
2017,April,9,1,12.59
2017,April,9,2,12.28
2017,April,9,3,11.66
2017,April,9,4,11.04
2017,April,9,5,10.65
2017,April,9,6,11.06
2017,April,9,7,12.82
2017,April,9,8,14.07
2017,April,9,9,14.86
2017,April,9,10,15.29
2017,April,9,11,13.57
2017,April,9,12,11.84
2017,April,9,13,11.24
2017,April,9,14,11.2
2017,April,9,15,10.82
2017,April,9,16,10.49
2017,April,9,17,10.27
2017,April,9,18,9.92
2017,April,9,19,9.77
2017,April,9,20,8.9
2017,April,9,21,8.05
2017,April,9,22,7.29
2017,April,9,23,6.9
2017,April,10,0,6.62
2017,April,10,1,7.12
2017,April,10,2,7.24
2017,April,10,3,7.23
2017,April,10,4,6.7
2017,April,10,5,6.76
2017,April,10,6,7.02
2017,April,10,7,6.99
2017,April,10,8,7.34
2017,April,10,9,7.97
2017,April,10,10,7.89
2017,April,10,11,8.61
2017,April,10,12,9.26
2017,April,10,13,10.03
2017,April,10,14,9.99
2017,April,10,15,10.11
2017,April,10,16,10.08
2017,April,10,17,9.53
2017,April,10,18,8.51
2017,April,10,19,7.84
2017,April,10,20,7.85
2017,April,10,21,7.5
2017,April,10,22,7.02
2017,April,10,23,6.81
2017,April,11,0,6.42
2017,April,11,1,6.05
2017,April,11,2,6.11
2017,April,11,3,6.95
2017,April,11,4,6.83
2017,April,11,5,7.15
2017,April,11,6,7.53
2017,April,11,7,8.1
2017,April,11,8,8.45
2017,April,11,9,9.07
2017,April,11,10,9.48
2017,April,11,11,9.2
2017,April,11,12,9.13
2017,April,11,13,8.94
2017,April,11,14,9.57
2017,April,11,15,9.31
2017,April,11,16,9.02
2017,April,11,17,9.06
2017,April,11,18,9.17
2017,April,11,19,9.15
2017,April,11,20,8.75
2017,April,11,21,8.79
2017,April,11,22,8.78
2017,April,11,23,8.65
2017,April,12,0,8.52
2017,April,12,1,8.49
2017,April,12,2,8.38
2017,April,12,3,8.32
2017,April,12,4,8.39
2017,April,12,5,8.41
2017,April,12,6,8.49
2017,April,12,7,8.4
2017,April,12,8,8.26
2017,April,12,9,8.57
2017,April,12,10,8.94
2017,April,12,11,8.94
2017,April,12,12,8.83
2017,April,12,13,9.79
2017,April,12,14,10.38
2017,April,12,15,10.48
2017,April,12,16,10.15
2017,April,12,17,9.61
2017,April,12,18,8.7
2017,April,12,19,7.71
2017,April,12,20,7.36
2017,April,12,21,7.14
2017,April,12,22,7.05
2017,April,12,23,6.85
2017,April,13,0,6.95
2017,April,13,1,6.76
2017,April,13,2,6.81
2017,April,13,3,6.79
2017,April,13,4,6.55
2017,April,13,5,6.72
2017,April,13,6,6.79
2017,April,13,7,6.7
2017,April,13,8,7.11
2017,April,13,9,7.83
2017,April,13,10,8.01
2017,April,13,11,8.08
2017,April,13,12,9.2
2017,April,13,13,8.57
2017,April,13,14,8.93
2017,April,13,15,8.6
2017,April,13,16,8.47
2017,April,13,17,8.26
2017,April,13,18,8.2
2017,April,13,19,8.19
2017,April,13,20,8.14
2017,April,13,21,8.13
2017,April,13,22,8.18
2017,April,13,23,8.26
2017,April,14,0,8.29
2017,April,14,1,8.43
2017,April,14,2,8.28
2017,April,14,3,8.45
2017,April,14,4,8.48
2017,April,14,5,8.5
2017,April,14,6,8.39
2017,April,14,7,8.53
2017,April,14,8,8.93
2017,April,14,9,9.01
2017,April,14,10,9.28
2017,April,14,11,9.3
2017,April,14,12,9.37
2017,April,14,13,9.19
2017,April,14,14,8.76
2017,April,14,15,8.53
2017,April,14,16,7.99
2017,April,14,17,7.71
2017,April,14,18,8.04
2017,April,14,19,7.97
2017,April,14,20,7.57
2017,April,14,21,7.06
2017,April,14,22,6.98
2017,April,14,23,7
2017,April,15,0,7.11
2017,April,15,1,6.61
2017,April,15,2,6.51
2017,April,15,3,6.06
2017,April,15,4,5.98
2017,April,15,5,6.09
2017,April,15,6,6.24
2017,April,15,7,6.8
2017,April,15,8,7.11
2017,April,15,9,7.92
2017,April,15,10,8.37
2017,April,15,11,8.22
2017,April,15,12,9.08
2017,April,15,13,9.21
2017,April,15,14,8.96
2017,April,15,15,8.66
2017,April,15,16,9.17
2017,April,15,17,8.62
2017,April,15,18,7.63
2017,April,15,19,7.22
2017,April,15,20,6.88
2017,April,15,21,6.62
2017,April,15,22,6.27
2017,April,15,23,6.02
2017,April,16,0,6.68
2017,April,16,1,6.81
2017,April,16,2,6.76
2017,April,16,3,6.72
2017,April,16,4,6.7
2017,April,16,5,6.63
2017,April,16,6,7.07
2017,April,16,7,7.02
2017,April,16,8,6.79
2017,April,16,9,7.01
2017,April,16,10,7.09
2017,April,16,11,7.33
2017,April,16,12,8.09
2017,April,16,13,8.66
2017,April,16,14,9.13
2017,April,16,15,9.23
2017,April,16,16,9.03
2017,April,16,17,8.83
2017,April,16,18,8.6
2017,April,16,19,8.22
2017,April,16,20,8.05
2017,April,16,21,7.86
2017,April,16,22,7.76
2017,April,16,23,6.97
2017,April,17,0,6.32
2017,April,17,1,5.87
2017,April,17,2,5.81
2017,April,17,3,5.3
2017,April,17,4,5.3
2017,April,17,5,5.32
2017,April,17,6,5.8
2017,April,17,7,6.34
2017,April,17,8,7.11
2017,April,17,9,7.69
2017,April,17,10,8.3
2017,April,17,11,8.59
2017,April,17,12,9.03
2017,April,17,13,9.62
2017,April,17,14,9.68
2017,April,17,15,8.68
2017,April,17,16,8.32
2017,April,17,17,8.28
2017,April,17,18,8.47
2017,April,17,19,7.52
2017,April,17,20,7.23
2017,April,17,21,6.48
2017,April,17,22,6
2017,April,17,23,4.62
2017,April,18,0,3.24
2017,April,18,1,2.04
2017,April,18,2,1.63
2017,April,18,3,0.79
2017,April,18,4,0.86
2017,April,18,5,0.43
2017,April,18,6,1.83
2017,April,18,7,3.81
2017,April,18,8,5.74
2017,April,18,9,7.26
2017,April,18,10,8.43
2017,April,18,11,8.8
2017,April,18,12,9
2017,April,18,13,10.06
2017,April,18,14,9.89
2017,April,18,15,10.16
2017,April,18,16,8.76
2017,April,18,17,8.68
2017,April,18,18,8.6
2017,April,18,19,7.77
2017,April,18,20,6.99
2017,April,18,21,6.71
2017,April,18,22,6.37
2017,April,18,23,6.83
2017,April,19,0,6.72
2017,April,19,1,6.65
2017,April,19,2,6.37
2017,April,19,3,6.34
2017,April,19,4,6.12
2017,April,19,5,6.21
2017,April,19,6,6.45
2017,April,19,7,6.86
2017,April,19,8,7.22
2017,April,19,9,7.85
2017,April,19,10,8.77
2017,April,19,11,9.33
2017,April,19,12,10.2
2017,April,19,13,10.63
2017,April,19,14,10.13
2017,April,19,15,9.55
2017,April,19,16,9.76
2017,April,19,17,9.37
2017,April,19,18,9.08
2017,April,19,19,9.08
2017,April,19,20,8.98
2017,April,19,21,9.02
2017,April,19,22,9.01
2017,April,19,23,8.95
2017,April,20,0,8.86
2017,April,20,1,8.91
2017,April,20,2,9.02
2017,April,20,3,9.11
2017,April,20,4,9.17
2017,April,20,5,9.2
2017,April,20,6,9.26
2017,April,20,7,9.48
2017,April,20,8,9.95
2017,April,20,9,10.69
2017,April,20,10,11.1
2017,April,20,11,11.34
2017,April,20,12,11.35
2017,April,20,13,11.84
2017,April,20,14,11.76
2017,April,20,15,11.33
2017,April,20,16,10.81
2017,April,20,17,10.68
2017,April,20,18,10.22
2017,April,20,19,10.15
2017,April,20,20,10.08
2017,April,20,21,9.43
2017,April,20,22,9.34
2017,April,20,23,9.49
2017,April,21,0,9.53
2017,April,21,1,9.54
2017,April,21,2,9.54
2017,April,21,3,9.66
2017,April,21,4,9.64
2017,April,21,5,9.51
2017,April,21,6,9.69
2017,April,21,7,9.93
2017,April,21,8,10.47
2017,April,21,9,9.54
2017,April,21,10,9.92
2017,April,21,11,11.49
2017,April,21,12,11.56
2017,April,21,13,10.8
2017,April,21,14,11.23
2017,April,21,15,11.56
2017,April,21,16,11.22
2017,April,21,17,10.74
2017,April,21,18,10.18
2017,April,21,19,9.41
2017,April,21,20,8.67
2017,April,21,21,8.33
2017,April,21,22,7.77
2017,April,21,23,6.87
2017,April,22,0,6.26
2017,April,22,1,4.97
2017,April,22,2,5.02
2017,April,22,3,4.39
2017,April,22,4,3.77
2017,April,22,5,3.47
2017,April,22,6,4.37
2017,April,22,7,6.37
2017,April,22,8,7.46
2017,April,22,9,8.39
2017,April,22,10,8.85
2017,April,22,11,9.63
2017,April,22,12,10.3
2017,April,22,13,10.38
2017,April,22,14,10.55
2017,April,22,15,10.61
2017,April,22,16,10.07
2017,April,22,17,9.92
2017,April,22,18,9.18
2017,April,22,19,7.87
2017,April,22,20,6.72
2017,April,22,21,6.1
2017,April,22,22,6.42
2017,April,22,23,5.42
2017,April,23,0,4.48
2017,April,23,1,4.51
2017,April,23,2,4.6
2017,April,23,3,4.29
2017,April,23,4,4.06
2017,April,23,5,3.88
2017,April,23,6,4.57
2017,April,23,7,6.3
2017,April,23,8,7.49
2017,April,23,9,8.47
2017,April,23,10,9.39
2017,April,23,11,9.25
2017,April,23,12,9.49
2017,April,23,13,9.6
2017,April,23,14,9.69
2017,April,23,15,9.45
2017,April,23,16,9.51
2017,April,23,17,9.2
2017,April,23,18,8.51
2017,April,23,19,8.26
2017,April,23,20,8.39
2017,April,23,21,8.35
2017,April,23,22,8.69
2017,April,23,23,8.69
2017,April,24,0,8.65
2017,April,24,1,8.83
2017,April,24,2,8.97
2017,April,24,3,8.84
2017,April,24,4,8.74
2017,April,24,5,8.35
2017,April,24,6,8.58
2017,April,24,7,8.77
2017,April,24,8,8.52
2017,April,24,9,9.45
2017,April,24,10,9.89
2017,April,24,11,9.96
2017,April,24,12,9.09
2017,April,24,13,9.09
2017,April,24,14,8.89
2017,April,24,15,8.42
2017,April,24,16,7.88
2017,April,24,17,6.74
2017,April,24,18,5.69
2017,April,24,19,3.47
2017,April,24,20,1.02
2017,April,24,21,2.79
2017,April,24,22,3.02
2017,April,24,23,2.31
2017,April,25,0,1.31
2017,April,25,1,1.29
2017,April,25,2,0.07
2017,April,25,3,0.2
2017,April,25,4,0.16
2017,April,25,5,-0.02
2017,April,25,6,1.35
2017,April,25,7,3.46
2017,April,25,8,5.08
2017,April,25,9,6.23
2017,April,25,10,6.32
2017,April,25,11,6.57
2017,April,25,12,7.23
2017,April,25,13,6.9
2017,April,25,14,8.05
2017,April,25,15,6.84
2017,April,25,16,6.92
2017,April,25,17,7.58
2017,April,25,18,5.32
2017,April,25,19,4.25
2017,April,25,20,3.53
2017,April,25,21,3.29
2017,April,25,22,3.05
2017,April,25,23,3.01
2017,April,26,0,2.69
2017,April,26,1,1.88
2017,April,26,2,1.79
2017,April,26,3,1.49
2017,April,26,4,0.76
2017,April,26,5,1.08
2017,April,26,6,2.41
2017,April,26,7,3.63
2017,April,26,8,4.71
2017,April,26,9,5.87
2017,April,26,10,6.81
2017,April,26,11,6.91
2017,April,26,12,7.41
2017,April,26,13,8.1
2017,April,26,14,8.46
2017,April,26,15,9.14
2017,April,26,16,9.15
2017,April,26,17,8.18
2017,April,26,18,7.72
2017,April,26,19,6.53
2017,April,26,20,6.19
2017,April,26,21,6.31
2017,April,26,22,5.6
2017,April,26,23,4.53
2017,April,27,0,4.05
2017,April,27,1,3.15
2017,April,27,2,3.61
2017,April,27,3,4.21
2017,April,27,4,4.73
2017,April,27,5,5.57
2017,April,27,6,6.86
2017,April,27,7,7.04
2017,April,27,8,7.14
2017,April,27,9,8.12
2017,April,27,10,8.47
2017,April,27,11,8.8
2017,April,27,12,9.2
2017,April,27,13,10.18
2017,April,27,14,10.61
2017,April,27,15,10.11
2017,April,27,16,11.16
2017,April,27,17,11.35
2017,April,27,18,11.24
2017,April,27,19,9.8
2017,April,27,20,9.24
2017,April,27,21,8.85
2017,April,27,22,8.86
2017,April,27,23,8.4
2017,April,28,0,7.12
2017,April,28,1,6.34
2017,April,28,2,5.32
2017,April,28,3,4.49
2017,April,28,4,4.72
2017,April,28,5,5.9
2017,April,28,6,6.22
2017,April,28,7,7.15
2017,April,28,8,8.39
2017,April,28,9,9.34
2017,April,28,10,9.76
2017,April,28,11,10.23
2017,April,28,12,10.86
2017,April,28,13,10.36
2017,April,28,14,9.73
2017,April,28,15,10.08
2017,April,28,16,9.54
2017,April,28,17,9.01
2017,April,28,18,8.68
2017,April,28,19,8.37
2017,April,28,20,7.99
2017,April,28,21,7.74
2017,April,28,22,7.46
2017,April,28,23,7.2
2017,April,29,0,7.06
2017,April,29,1,6.98
2017,April,29,2,6.86
2017,April,29,3,7
2017,April,29,4,6.88
2017,April,29,5,6.9
2017,April,29,6,7.61
2017,April,29,7,8.3
2017,April,29,8,9.17
2017,April,29,9,9.98
2017,April,29,10,10.75
2017,April,29,11,11.52
2017,April,29,12,12.17
2017,April,29,13,12.22
2017,April,29,14,12.46
2017,April,29,15,12.15
2017,April,29,16,11.79
2017,April,29,17,11.22
2017,April,29,18,10.77
2017,April,29,19,10.4
2017,April,29,20,10.48
2017,April,29,21,10.38
2017,April,29,22,9.69
2017,April,29,23,8.75
2017,April,30,0,8.74
2017,April,30,1,8.65
2017,April,30,2,8.81
2017,April,30,3,8.8
2017,April,30,4,8.43
2017,April,30,5,7.99
2017,April,30,6,8.23
2017,April,30,7,8.74
2017,April,30,8,9.78
2017,April,30,9,10.78
2017,April,30,10,12.18
2017,April,30,11,13.14
2017,April,30,12,13.57
2017,April,30,13,14.02
2017,April,30,14,13.66
2017,April,30,15,13.66
2017,April,30,16,13.28
2017,April,30,17,12.19
2017,April,30,18,11.56
2017,April,30,19,11.1
2017,April,30,20,11.24
2017,April,30,21,10.96
2017,April,30,22,10.98
2017,April,30,23,10.72
2017,May,1,0,10.82
2017,May,1,1,10.66
2017,May,1,2,10.39
2017,May,1,3,10.58
2017,May,1,4,10.21
2017,May,1,5,10.72
2017,May,1,6,10.43
2017,May,1,7,10.86
2017,May,1,8,12.15
2017,May,1,9,13.34
2017,May,1,10,15.1
2017,May,1,11,16.64
2017,May,1,12,15.87
2017,May,1,13,13.39
2017,May,1,14,13.79
2017,May,1,15,15.39
2017,May,1,16,14.57
2017,May,1,17,15
2017,May,1,18,13.58
2017,May,1,19,11.77
2017,May,1,20,10.3
2017,May,1,21,9.18
2017,May,1,22,7.94
2017,May,1,23,7.23
2017,May,2,0,6.61
2017,May,2,1,6.84
2017,May,2,2,6.63
2017,May,2,3,5.61
2017,May,2,4,7.12
2017,May,2,5,7.61
2017,May,2,6,8.91
2017,May,2,7,10.81
2017,May,2,8,11.75
2017,May,2,9,12.93
2017,May,2,10,13.81
2017,May,2,11,13.37
2017,May,2,12,15.05
2017,May,2,13,15.61
2017,May,2,14,15.53
2017,May,2,15,16.07
2017,May,2,16,15.5
2017,May,2,17,13.92
2017,May,2,18,11.66
2017,May,2,19,10.19
2017,May,2,20,8.67
2017,May,2,21,8.14
2017,May,2,22,7.56
2017,May,2,23,7.32
2017,May,3,0,6.85
2017,May,3,1,5.97
2017,May,3,2,5.42
2017,May,3,3,5.63
2017,May,3,4,4.84
2017,May,3,5,4.95
2017,May,3,6,6.42
2017,May,3,7,8.01
2017,May,3,8,10.76
2017,May,3,9,13.14
2017,May,3,10,14.41
2017,May,3,11,15.3
2017,May,3,12,15.69
2017,May,3,13,15.64
2017,May,3,14,15.22
2017,May,3,15,14.67
2017,May,3,16,14.17
2017,May,3,17,13.35
2017,May,3,18,11.83
2017,May,3,19,10.25
2017,May,3,20,9.12
2017,May,3,21,8.27
2017,May,3,22,8.08
2017,May,3,23,8.3
2017,May,4,0,8.06
2017,May,4,1,7.45
2017,May,4,2,7.87
2017,May,4,3,7.46
2017,May,4,4,7.2
2017,May,4,5,7.09
2017,May,4,6,8.49
2017,May,4,7,11.43
2017,May,4,8,13.48
2017,May,4,9,14.23
2017,May,4,10,15.15
2017,May,4,11,15.41
2017,May,4,12,15.97
2017,May,4,13,15.94
2017,May,4,14,15.68
2017,May,4,15,14.91
2017,May,4,16,13.86
2017,May,4,17,12.31
2017,May,4,18,10.9
2017,May,4,19,9.07
2017,May,4,20,7.66
2017,May,4,21,7.21
2017,May,4,22,6.79
2017,May,4,23,6.27
2017,May,5,0,5.86
2017,May,5,1,4.95
2017,May,5,2,4.61
2017,May,5,3,4.72
2017,May,5,4,5.43
2017,May,5,5,5.73
2017,May,5,6,7.23
2017,May,5,7,9.04
2017,May,5,8,11.07
2017,May,5,9,12.44
2017,May,5,10,13.47
2017,May,5,11,14.27
2017,May,5,12,15.01
2017,May,5,13,15.45
2017,May,5,14,15.69
2017,May,5,15,15.29
2017,May,5,16,14.76
2017,May,5,17,13.68
2017,May,5,18,12.3
2017,May,5,19,10.24
2017,May,5,20,8.05
2017,May,5,21,7.82
2017,May,5,22,7.36
2017,May,5,23,6.84
2017,May,6,0,6.43
2017,May,6,1,5.38
2017,May,6,2,5.79
2017,May,6,3,5.31
2017,May,6,4,5.58
2017,May,6,5,6.42
2017,May,6,6,7.77
2017,May,6,7,9.63
2017,May,6,8,10.55
2017,May,6,9,11.87
2017,May,6,10,12.06
2017,May,6,11,11.91
2017,May,6,12,13.23
2017,May,6,13,12.3
2017,May,6,14,12.33
2017,May,6,15,13.03
2017,May,6,16,12.49
2017,May,6,17,11.41
2017,May,6,18,11.04
2017,May,6,19,10.82
2017,May,6,20,10.23
2017,May,6,21,8.23
2017,May,6,22,7.14
2017,May,6,23,6.34
2017,May,7,0,5.53
2017,May,7,1,5.4
2017,May,7,2,5.37
2017,May,7,3,6.18
2017,May,7,4,7.71
2017,May,7,5,7.8
2017,May,7,6,8.29
2017,May,7,7,9.91
2017,May,7,8,11.14
2017,May,7,9,12.59
2017,May,7,10,13.81
2017,May,7,11,14.91
2017,May,7,12,15.93
2017,May,7,13,16.61
2017,May,7,14,16.7
2017,May,7,15,16.21
2017,May,7,16,14.71
2017,May,7,17,13.61
2017,May,7,18,12.63
2017,May,7,19,11.22
2017,May,7,20,9.02
2017,May,7,21,6.97
2017,May,7,22,5.98
2017,May,7,23,5.06
2017,May,8,0,4.88
2017,May,8,1,4.13
2017,May,8,2,3.99
2017,May,8,3,3.29
2017,May,8,4,3.43
2017,May,8,5,4.38
2017,May,8,6,6.22
2017,May,8,7,7.72
2017,May,8,8,8.86
2017,May,8,9,10.2
2017,May,8,10,11.12
2017,May,8,11,11.9
2017,May,8,12,12.43
2017,May,8,13,13.35
2017,May,8,14,13.54
2017,May,8,15,13.68
2017,May,8,16,13.13
2017,May,8,17,12
2017,May,8,18,10.48
2017,May,8,19,8.41
2017,May,8,20,6.2
2017,May,8,21,5.23
2017,May,8,22,4.9
2017,May,8,23,4.79
2017,May,9,0,4.06
2017,May,9,1,4
2017,May,9,2,2.88
2017,May,9,3,2.42
2017,May,9,4,2.4
2017,May,9,5,3.43
2017,May,9,6,5.25
2017,May,9,7,6.6
2017,May,9,8,7.04
2017,May,9,9,7.94
2017,May,9,10,9.46
2017,May,9,11,9.98
2017,May,9,12,9.9
2017,May,9,13,11.07
2017,May,9,14,10.57
2017,May,9,15,10.84
2017,May,9,16,10.92
2017,May,9,17,10.68
2017,May,9,18,10.63
2017,May,9,19,9.82
2017,May,9,20,7.63
2017,May,9,21,6.85
2017,May,9,22,6.07
2017,May,9,23,5.74
2017,May,10,0,4.85
2017,May,10,1,4.59
2017,May,10,2,4.99
2017,May,10,3,4.47
2017,May,10,4,4.6
2017,May,10,5,5
2017,May,10,6,6.57
2017,May,10,7,8.4
2017,May,10,8,10.06
2017,May,10,9,10.87
2017,May,10,10,12.23
2017,May,10,11,13.09
2017,May,10,12,13.59
2017,May,10,13,13.98
2017,May,10,14,14.18
2017,May,10,15,14.37
2017,May,10,16,14.39
2017,May,10,17,14.47
2017,May,10,18,14.34
2017,May,10,19,13.11
2017,May,10,20,10.18
2017,May,10,21,9.28
2017,May,10,22,8.75
2017,May,10,23,9.39
2017,May,11,0,8.46
2017,May,11,1,8.07
2017,May,11,2,8.15
2017,May,11,3,8.31
2017,May,11,4,7.97
2017,May,11,5,8.47
2017,May,11,6,10.52
2017,May,11,7,12.19
2017,May,11,8,13.26
2017,May,11,9,14.52
2017,May,11,10,15.97
2017,May,11,11,16.96
2017,May,11,12,17.9
2017,May,11,13,18.45
2017,May,11,14,18.76
2017,May,11,15,18.84
2017,May,11,16,17.99
2017,May,11,17,16.99
2017,May,11,18,15.48
2017,May,11,19,14.05
2017,May,11,20,12.52
2017,May,11,21,11.42
2017,May,11,22,11.13
2017,May,11,23,11.13
2017,May,12,0,10.86
2017,May,12,1,10.94
2017,May,12,2,11.29
2017,May,12,3,11.11
2017,May,12,4,11.49
2017,May,12,5,11.48
2017,May,12,6,12.61
2017,May,12,7,14.44
2017,May,12,8,15.84
2017,May,12,9,16.06
2017,May,12,10,14.44
2017,May,12,11,12.58
2017,May,12,12,12.33
2017,May,12,13,12.25
2017,May,12,14,12.37
2017,May,12,15,12.51
2017,May,12,16,12.87
2017,May,12,17,13.11
2017,May,12,18,13.17
2017,May,12,19,12.65
2017,May,12,20,12.72
2017,May,12,21,12.7
2017,May,12,22,12.65
2017,May,12,23,12.16
2017,May,13,0,12.19
2017,May,13,1,12.3
2017,May,13,2,11.86
2017,May,13,3,11.83
2017,May,13,4,11.64
2017,May,13,5,11.59
2017,May,13,6,10.54
2017,May,13,7,10.23
2017,May,13,8,10.48
2017,May,13,9,11.05
2017,May,13,10,11.89
2017,May,13,11,12.34
2017,May,13,12,13.5
2017,May,13,13,14.47
2017,May,13,14,15.02
2017,May,13,15,15.28
2017,May,13,16,15.29
2017,May,13,17,15.03
2017,May,13,18,14.46
2017,May,13,19,13.18
2017,May,13,20,13.1
2017,May,13,21,13.17
2017,May,13,22,13.57
2017,May,13,23,12.06
2017,May,14,0,11.38
2017,May,14,1,11.38
2017,May,14,2,10.92
2017,May,14,3,10.36
2017,May,14,4,10.17
2017,May,14,5,10.09
2017,May,14,6,10.53
2017,May,14,7,10.92
2017,May,14,8,11.33
2017,May,14,9,11.69
2017,May,14,10,12
2017,May,14,11,12.98
2017,May,14,12,13.5
2017,May,14,13,13.67
2017,May,14,14,13.62
2017,May,14,15,14.06
2017,May,14,16,14.38
2017,May,14,17,14.28
2017,May,14,18,13.41
2017,May,14,19,12.27
2017,May,14,20,10.88
2017,May,14,21,9.88
2017,May,14,22,10.04
2017,May,14,23,9.66
2017,May,15,0,9.4
2017,May,15,1,10.59
2017,May,15,2,10.72
2017,May,15,3,11
2017,May,15,4,11.19
2017,May,15,5,10.15
2017,May,15,6,9.9
2017,May,15,7,10.2
2017,May,15,8,10.63
2017,May,15,9,11.38
2017,May,15,10,12.55
2017,May,15,11,13.42
2017,May,15,12,14.26
2017,May,15,13,14.61
2017,May,15,14,14.83
2017,May,15,15,14.96
2017,May,15,16,15.04
2017,May,15,17,15.35
2017,May,15,18,15.43
2017,May,15,19,15.32
2017,May,15,20,15.09
2017,May,15,21,14.99
2017,May,15,22,14.79
2017,May,15,23,14.69
2017,May,16,0,14.78
2017,May,16,1,14.67
2017,May,16,2,14.61
2017,May,16,3,14.69
2017,May,16,4,14.89
2017,May,16,5,14.99
2017,May,16,6,15.08
2017,May,16,7,14.93
2017,May,16,8,14.44
2017,May,16,9,14.55
2017,May,16,10,15.3
2017,May,16,11,16.19
2017,May,16,12,16.37
2017,May,16,13,15.17
2017,May,16,14,15.5
2017,May,16,15,15.8
2017,May,16,16,15.85
2017,May,16,17,15.58
2017,May,16,18,14.97
2017,May,16,19,13.77
2017,May,16,20,12.84
2017,May,16,21,12.05
2017,May,16,22,11.18
2017,May,16,23,10.65
2017,May,17,0,10.47
2017,May,17,1,10.48
2017,May,17,2,10.58
2017,May,17,3,10.32
2017,May,17,4,10.12
2017,May,17,5,10.61
2017,May,17,6,11.45
2017,May,17,7,12.26
2017,May,17,8,12.8
2017,May,17,9,12.73
2017,May,17,10,12.72
2017,May,17,11,12.28
2017,May,17,12,11.54
2017,May,17,13,11.24
2017,May,17,14,11.28
2017,May,17,15,11.33
2017,May,17,16,11.44
2017,May,17,17,11.78
2017,May,17,18,11.94
2017,May,17,19,11.42
2017,May,17,20,9.9
2017,May,17,21,8.9
2017,May,17,22,8.02
2017,May,17,23,7.48
2017,May,18,0,8.45
2017,May,18,1,9.15
2017,May,18,2,9.22
2017,May,18,3,9.08
2017,May,18,4,8.72
2017,May,18,5,8.61
2017,May,18,6,9.57
2017,May,18,7,10.92
2017,May,18,8,11.49
2017,May,18,9,11.74
2017,May,18,10,12.21
2017,May,18,11,12.59
2017,May,18,12,13.1
2017,May,18,13,13.34
2017,May,18,14,13.37
2017,May,18,15,13.14
2017,May,18,16,12.98
2017,May,18,17,12.31
2017,May,18,18,11.84
2017,May,18,19,11.36
2017,May,18,20,10.83
2017,May,18,21,10.09
2017,May,18,22,9.55
2017,May,18,23,8.9
2017,May,19,0,8.48
2017,May,19,1,8.27
2017,May,19,2,7.82
2017,May,19,3,7.82
2017,May,19,4,7.69
2017,May,19,5,7.89
2017,May,19,6,8.98
2017,May,19,7,10.11
2017,May,19,8,10.99
2017,May,19,9,11.36
2017,May,19,10,11.57
2017,May,19,11,12.12
2017,May,19,12,12.5
2017,May,19,13,12.9
2017,May,19,14,12.73
2017,May,19,15,12.2
2017,May,19,16,11.91
2017,May,19,17,11.63
2017,May,19,18,11.34
2017,May,19,19,10.92
2017,May,19,20,10.34
2017,May,19,21,9.85
2017,May,19,22,9.13
2017,May,19,23,8.85
2017,May,20,0,8.7
2017,May,20,1,8.45
2017,May,20,2,7.96
2017,May,20,3,7.91
2017,May,20,4,7.95
2017,May,20,5,8.38
2017,May,20,6,8.99
2017,May,20,7,9.73
2017,May,20,8,11.16
2017,May,20,9,12.57
2017,May,20,10,11.59
2017,May,20,11,10.71
2017,May,20,12,10.94
2017,May,20,13,11.07
2017,May,20,14,11.44
2017,May,20,15,12.23
2017,May,20,16,12.65
2017,May,20,17,12.64
2017,May,20,18,11.99
2017,May,20,19,11.53
2017,May,20,20,11.05
2017,May,20,21,10.37
2017,May,20,22,9.41
2017,May,20,23,9.51
2017,May,21,0,9.54
2017,May,21,1,9.68
2017,May,21,2,9.33
2017,May,21,3,9.16
2017,May,21,4,9.11
2017,May,21,5,9.36
2017,May,21,6,10.3
2017,May,21,7,10.62
2017,May,21,8,11.19
2017,May,21,9,11.26
2017,May,21,10,12.65
2017,May,21,11,14.17
2017,May,21,12,14.55
2017,May,21,13,14.87
2017,May,21,14,15.5
2017,May,21,15,15.8
2017,May,21,16,15.65
2017,May,21,17,15.74
2017,May,21,18,15.77
2017,May,21,19,14.8
2017,May,21,20,12.87
2017,May,21,21,12.27
2017,May,21,22,12.28
2017,May,21,23,12.35
2017,May,22,0,12.3
2017,May,22,1,12.4
2017,May,22,2,12.63
2017,May,22,3,12.39
2017,May,22,4,12.77
2017,May,22,5,12.77
2017,May,22,6,14.45
2017,May,22,7,15.66
2017,May,22,8,16.47
2017,May,22,9,16.87
2017,May,22,10,17.07
2017,May,22,11,18.21
2017,May,22,12,18.41
2017,May,22,13,19.46
2017,May,22,14,20.35
2017,May,22,15,19.37
2017,May,22,16,15.51
2017,May,22,17,14.89
2017,May,22,18,14.14
2017,May,22,19,14.1
2017,May,22,20,12.88
2017,May,22,21,12.64
2017,May,22,22,12.55
2017,May,22,23,12.41
2017,May,23,0,12.23
2017,May,23,1,11.87
2017,May,23,2,11.26
2017,May,23,3,11.3
2017,May,23,4,11.52
2017,May,23,5,11.88
2017,May,23,6,12.51
2017,May,23,7,13.04
2017,May,23,8,13.43
2017,May,23,9,14.24
2017,May,23,10,14.42
2017,May,23,11,14.95
2017,May,23,12,15.13
2017,May,23,13,15.38
2017,May,23,14,15.63
2017,May,23,15,15.59
2017,May,23,16,15.74
2017,May,23,17,15.58
2017,May,23,18,15.3
2017,May,23,19,14.83
2017,May,23,20,14.46
2017,May,23,21,14.43
2017,May,23,22,14.27
2017,May,23,23,14.17
2017,May,24,0,13.82
2017,May,24,1,13.45
2017,May,24,2,13.23
2017,May,24,3,13.15
2017,May,24,4,13.27
2017,May,24,5,13.54
2017,May,24,6,13.64
2017,May,24,7,14.02
2017,May,24,8,14.01
2017,May,24,9,13.84
2017,May,24,10,15.02
2017,May,24,11,15.49
2017,May,24,12,15.43
2017,May,24,13,15.55
2017,May,24,14,15.85
2017,May,24,15,16.02
2017,May,24,16,15.65
2017,May,24,17,15.48
2017,May,24,18,14.72
2017,May,24,19,14.53
2017,May,24,20,14.09
2017,May,24,21,13.74
2017,May,24,22,13.54
2017,May,24,23,13.56
2017,May,25,0,13.46
2017,May,25,1,12.95
2017,May,25,2,12.5
2017,May,25,3,11.26
2017,May,25,4,10.41
2017,May,25,5,10.75
2017,May,25,6,11.76
2017,May,25,7,13.57
2017,May,25,8,17.02
2017,May,25,9,19.99
2017,May,25,10,21.91
2017,May,25,11,23.15
2017,May,25,12,24.1
2017,May,25,13,24.53
2017,May,25,14,24.64
2017,May,25,15,24.87
2017,May,25,16,24.88
2017,May,25,17,25.08
2017,May,25,18,25.21
2017,May,25,19,23.71
2017,May,25,20,21.18
2017,May,25,21,18.83
2017,May,25,22,18.63
2017,May,25,23,18.76
2017,May,26,0,18.23
2017,May,26,1,18.14
2017,May,26,2,18.52
2017,May,26,3,16.87
2017,May,26,4,16.7
2017,May,26,5,17.8
2017,May,26,6,18.75
2017,May,26,7,19.85
2017,May,26,8,21.19
2017,May,26,9,22.18
2017,May,26,10,23.19
2017,May,26,11,23.85
2017,May,26,12,24.91
2017,May,26,13,25.37
2017,May,26,14,25.68
2017,May,26,15,25.67
2017,May,26,16,25.31
2017,May,26,17,24.93
2017,May,26,18,24.23
2017,May,26,19,22.42
2017,May,26,20,20.72
2017,May,26,21,19.31
2017,May,26,22,18.15
2017,May,26,23,17.6
2017,May,27,0,17.43
2017,May,27,1,17.56
2017,May,27,2,17.39
2017,May,27,3,16.57
2017,May,27,4,16.01
2017,May,27,5,17.17
2017,May,27,6,17.42
2017,May,27,7,19.18
2017,May,27,8,20.03
2017,May,27,9,20.33
2017,May,27,10,21.47
2017,May,27,11,24.01
2017,May,27,12,23.83
2017,May,27,13,22.03
2017,May,27,14,20.76
2017,May,27,15,18.97
2017,May,27,16,17.6
2017,May,27,17,15.7
2017,May,27,18,15.66
2017,May,27,19,14.7
2017,May,27,20,14.32
2017,May,27,21,13.55
2017,May,27,22,12.95
2017,May,27,23,12.91
2017,May,28,0,13.06
2017,May,28,1,12.83
2017,May,28,2,12.67
2017,May,28,3,12.37
2017,May,28,4,12.21
2017,May,28,5,12.28
2017,May,28,6,12.41
2017,May,28,7,12.32
2017,May,28,8,12.53
2017,May,28,9,12.69
2017,May,28,10,12.67
2017,May,28,11,12.95
2017,May,28,12,13.94
2017,May,28,13,13.93
2017,May,28,14,13.89
2017,May,28,15,14
2017,May,28,16,13.81
2017,May,28,17,14.06
2017,May,28,18,14.34
2017,May,28,19,13.59
2017,May,28,20,12.63
2017,May,28,21,12.23
2017,May,28,22,12.48
2017,May,28,23,14.04
2017,May,29,0,14.62
2017,May,29,1,14.17
2017,May,29,2,13.96
2017,May,29,3,13.44
2017,May,29,4,13.16
2017,May,29,5,13.61
2017,May,29,6,13.65
2017,May,29,7,13.28
2017,May,29,8,12.45
2017,May,29,9,12.4
2017,May,29,10,12.25
2017,May,29,11,12.56
2017,May,29,12,13.34
2017,May,29,13,13.88
2017,May,29,14,14.47
2017,May,29,15,14.31
2017,May,29,16,13.94
2017,May,29,17,14.08
2017,May,29,18,14.1
2017,May,29,19,14.27
2017,May,29,20,13.67
2017,May,29,21,13.6
2017,May,29,22,13.41
2017,May,29,23,13.68
2017,May,30,0,13.35
2017,May,30,1,12.87
2017,May,30,2,12.7
2017,May,30,3,12.75
2017,May,30,4,12.74
2017,May,30,5,12.8
2017,May,30,6,13.01
2017,May,30,7,13.37
2017,May,30,8,13.93
2017,May,30,9,14.02
2017,May,30,10,14.77
2017,May,30,11,15.03
2017,May,30,12,14.45
2017,May,30,13,14.79
2017,May,30,14,14.66
2017,May,30,15,13.82
2017,May,30,16,13.12
2017,May,30,17,13.22
2017,May,30,18,13.16
2017,May,30,19,13.59
2017,May,30,20,12.11
2017,May,30,21,10.96
2017,May,30,22,10.38
2017,May,30,23,10.1
2017,May,31,0,9.61
2017,May,31,1,8.96
2017,May,31,2,8.47
2017,May,31,3,8.36
2017,May,31,4,8.82
2017,May,31,5,8.58
2017,May,31,6,10.54
2017,May,31,7,12.27
2017,May,31,8,13.32
2017,May,31,9,14.25
2017,May,31,10,15.17
2017,May,31,11,15.81
2017,May,31,12,17.14
2017,May,31,13,18.03
2017,May,31,14,18.8
2017,May,31,15,19.49
2017,May,31,16,19.81
2017,May,31,17,19.15
2017,May,31,18,17.5
2017,May,31,19,16.2
2017,May,31,20,15.75
2017,May,31,21,15.42
2017,May,31,22,14.72
2017,May,31,23,14.64
