Year,Month,Day,Hour,concrete_temp
2016,December,1,0,4.63
2016,December,1,1,5.89
2016,December,1,2,5.7
2016,December,1,3,6.31
2016,December,1,4,6.5
2016,December,1,5,7.19
2016,December,1,6,7.08
2016,December,1,7,6.71
2016,December,1,8,6.65
2016,December,1,9,7.36
2016,December,1,10,9.74
2016,December,1,11,9.22
2016,December,1,12,8.82
2016,December,1,13,8.49
2016,December,1,14,8.49
2016,December,1,15,8.21
2016,December,1,16,7.91
2016,December,1,17,7.6
2016,December,1,18,6.99
2016,December,1,19,5.87
2016,December,1,20,6.34
2016,December,1,21,5.98
2016,December,1,22,5.85
2016,December,1,23,5.75
2016,December,2,0,5.7
2016,December,2,1,5.66
2016,December,2,2,5.63
2016,December,2,3,5.57
2016,December,2,4,5.53
2016,December,2,5,5.52
2016,December,2,6,5.39
2016,December,2,7,5.39
2016,December,2,8,5.33
2016,December,2,9,5.91
2016,December,2,10,6.63
2016,December,2,11,7.25
2016,December,2,12,8.27
2016,December,2,13,8.56
2016,December,2,14,7.96
2016,December,2,15,6.85
2016,December,2,16,5.89
2016,December,2,17,5.54
2016,December,2,18,4.17
2016,December,2,19,3.76
2016,December,2,20,3.47
2016,December,2,21,4.14
2016,December,2,22,4.35
2016,December,2,23,4.75
2016,December,3,0,5.26
2016,December,3,1,5.33
2016,December,3,2,5.24
2016,December,3,3,5.1
2016,December,3,4,4.64
2016,December,3,5,4.49
2016,December,3,6,3.91
2016,December,3,7,3.19
2016,December,3,8,2.33
2016,December,3,9,6.43
2016,December,3,10,7.57
2016,December,3,11,6.31
2016,December,3,12,5.97
2016,December,3,13,5.91
2016,December,3,14,5.64
2016,December,3,15,5.02
2016,December,3,16,4.52
2016,December,3,17,4.33
2016,December,3,18,3.96
2016,December,3,19,4.17
2016,December,3,20,4.11
2016,December,3,21,4.04
2016,December,3,22,4.06
2016,December,3,23,2.34
2016,December,4,0,1.05
2016,December,4,1,0.75
2016,December,4,2,0.51
2016,December,4,3,0.42
2016,December,4,4,1.89
2016,December,4,5,1.89
2016,December,4,6,1.66
2016,December,4,7,1.84
2016,December,4,8,2.11
2016,December,4,9,4.83
2016,December,4,10,7.78
2016,December,4,11,9.43
2016,December,4,12,9.39
2016,December,4,13,8.76
2016,December,4,14,7.33
2016,December,4,15,4.65
2016,December,4,16,3.39
2016,December,4,17,3.46
2016,December,4,18,3.56
2016,December,4,19,3.44
2016,December,4,20,3.09
2016,December,4,21,3.15
2016,December,4,22,2.38
2016,December,4,23,2.21
2016,December,5,0,2.82
2016,December,5,1,2.58
2016,December,5,2,1.92
2016,December,5,3,1.33
2016,December,5,4,1.76
2016,December,5,5,1.39
2016,December,5,6,1.36
2016,December,5,7,2.31
2016,December,5,8,2.33
2016,December,5,9,3.35
2016,December,5,10,4.4
2016,December,5,11,6.03
2016,December,5,12,7.35
2016,December,5,13,6.92
2016,December,5,14,5.49
2016,December,5,15,3.71
2016,December,5,16,3.89
2016,December,5,17,3.4
2016,December,5,18,3.29
2016,December,5,19,3.09
2016,December,5,20,3.19
2016,December,5,21,3.69
2016,December,5,22,3.29
2016,December,5,23,3.38
2016,December,6,0,3.55
2016,December,6,1,4.22
2016,December,6,2,4.31
2016,December,6,3,2.42
2016,December,6,4,3.26
2016,December,6,5,3.7
2016,December,6,6,3.69
2016,December,6,7,4.32
2016,December,6,8,5.27
2016,December,6,9,6.33
2016,December,6,10,6.9
2016,December,6,11,7.87
2016,December,6,12,8.66
2016,December,6,13,8.16
2016,December,6,14,7.62
2016,December,6,15,7.18
2016,December,6,16,7.11
2016,December,6,17,6.91
2016,December,6,18,6.64
2016,December,6,19,7.14
2016,December,6,20,7.82
2016,December,6,21,8.4
2016,December,6,22,8.78
2016,December,6,23,8.62
2016,December,7,0,8.61
2016,December,7,1,8.53
2016,December,7,2,8.44
2016,December,7,3,8.47
2016,December,7,4,8.35
2016,December,7,5,9.1
2016,December,7,6,9.32
2016,December,7,7,10
2016,December,7,8,10.44
2016,December,7,9,10.81
2016,December,7,10,10.48
2016,December,7,11,10.99
2016,December,7,12,11.84
2016,December,7,13,13.35
2016,December,7,14,12.53
2016,December,7,15,12.71
2016,December,7,16,12.77
2016,December,7,17,12.36
2016,December,7,18,11.65
2016,December,7,19,11.51
2016,December,7,20,11.43
2016,December,7,21,11.37
2016,December,7,22,11.31
2016,December,7,23,11.33
2016,December,8,0,11.17
2016,December,8,1,10.93
2016,December,8,2,10.89
2016,December,8,3,10.78
2016,December,8,4,10.61
2016,December,8,5,10.49
2016,December,8,6,10.82
2016,December,8,7,11.11
2016,December,8,8,11.15
2016,December,8,9,11.28
2016,December,8,10,11.53
2016,December,8,11,11.79
2016,December,8,12,11.37
2016,December,8,13,11.59
2016,December,8,14,10.95
2016,December,8,15,10.36
2016,December,8,16,9.87
2016,December,8,17,9.58
2016,December,8,18,8.63
2016,December,8,19,7.02
2016,December,8,20,6.48
2016,December,8,21,6.31
2016,December,8,22,6.23
2016,December,8,23,6.74
2016,December,9,0,7.93
2016,December,9,1,8.43
2016,December,9,2,9.24
2016,December,9,3,9.76
2016,December,9,4,10.13
2016,December,9,5,10.25
2016,December,9,6,10.3
2016,December,9,7,10.47
2016,December,9,8,10.75
2016,December,9,9,10.87
2016,December,9,10,10.98
2016,December,9,11,11.04
2016,December,9,12,11.01
2016,December,9,13,10.92
2016,December,9,14,10.94
2016,December,9,15,10.91
2016,December,9,16,10.63
2016,December,9,17,10.65
2016,December,9,18,10.57
2016,December,9,19,9.95
2016,December,9,20,9.42
2016,December,9,21,9.14
2016,December,9,22,9.09
2016,December,9,23,9.16
2016,December,10,0,9.37
2016,December,10,1,9.28
2016,December,10,2,9.19
2016,December,10,3,9.43
2016,December,10,4,9.33
2016,December,10,5,9.25
2016,December,10,6,8.6
2016,December,10,7,8.72
2016,December,10,8,8.74
2016,December,10,9,8.55
2016,December,10,10,9.07
2016,December,10,11,9.72
2016,December,10,12,9.79
2016,December,10,13,9.69
2016,December,10,14,9.28
2016,December,10,15,8.86
2016,December,10,16,8.6
2016,December,10,17,8.51
2016,December,10,18,8.39
2016,December,10,19,8.06
2016,December,10,20,7.31
2016,December,10,21,6.86
2016,December,10,22,6.56
2016,December,10,23,6.19
2016,December,11,0,6.16
2016,December,11,1,6.78
2016,December,11,2,6.54
2016,December,11,3,6.23
2016,December,11,4,6.46
2016,December,11,5,6.55
2016,December,11,6,6.46
2016,December,11,7,6.9
2016,December,11,8,7.11
2016,December,11,9,7.42
2016,December,11,10,7.87
2016,December,11,11,8.24
2016,December,11,12,8.66
2016,December,11,13,9
2016,December,11,14,8.63
2016,December,11,15,8.13
2016,December,11,16,7.93
2016,December,11,17,7.72
2016,December,11,18,7.87
2016,December,11,19,7.73
2016,December,11,20,7.75
2016,December,11,21,7.71
2016,December,11,22,7.82
2016,December,11,23,7.64
2016,December,12,0,5.97
2016,December,12,1,4.99
2016,December,12,2,4.5
2016,December,12,3,4.28
2016,December,12,4,4.35
2016,December,12,5,3.73
2016,December,12,6,3.61
2016,December,12,7,3.93
2016,December,12,8,4.75
2016,December,12,9,6.25
2016,December,12,10,6.94
2016,December,12,11,6.93
2016,December,12,12,7.99
2016,December,12,13,8.06
2016,December,12,14,7.73
2016,December,12,15,7.71
2016,December,12,16,7.57
2016,December,12,17,7.48
2016,December,12,18,7.4
2016,December,12,19,7.27
2016,December,12,20,7.23
2016,December,12,21,7.37
2016,December,12,22,7.72
2016,December,12,23,7.97
2016,December,13,0,8.08
2016,December,13,1,8.1
2016,December,13,2,8.08
2016,December,13,3,8.09
2016,December,13,4,7.98
2016,December,13,5,7.97
2016,December,13,6,7.72
2016,December,13,7,7.98
2016,December,13,8,8.18
2016,December,13,9,8.29
2016,December,13,10,8.89
2016,December,13,11,9
2016,December,13,12,9.29
2016,December,13,13,8.79
2016,December,13,14,9.59
2016,December,13,15,8.26
2016,December,13,16,8.22
2016,December,13,17,9.14
2016,December,13,18,9.42
2016,December,13,19,9.46
2016,December,13,20,9.56
2016,December,13,21,9.79
2016,December,13,22,9.68
2016,December,13,23,10.09
2016,December,14,0,10.05
2016,December,14,1,10.22
2016,December,14,2,10.14
2016,December,14,3,9.57
2016,December,14,4,9.2
2016,December,14,5,8.86
2016,December,14,6,8.61
2016,December,14,7,8.56
2016,December,14,8,8.34
2016,December,14,9,8.81
2016,December,14,10,9.89
2016,December,14,11,12.14
2016,December,14,12,13.88
2016,December,14,13,12.91
2016,December,14,14,11.64
2016,December,14,15,9.59
2016,December,14,16,8.52
2016,December,14,17,8.37
2016,December,14,18,8.08
2016,December,14,19,7.74
2016,December,14,20,7.69
2016,December,14,21,7.36
2016,December,14,22,7.42
2016,December,14,23,7.27
2016,December,15,0,6.87
2016,December,15,1,6.5
2016,December,15,2,7.18
2016,December,15,3,7.7
2016,December,15,4,8.29
2016,December,15,5,8.49
2016,December,15,6,8.64
2016,December,15,7,8.82
2016,December,15,8,8.78
2016,December,15,9,9.05
2016,December,15,10,9.43
2016,December,15,11,9.91
2016,December,15,12,10.15
2016,December,15,13,10.2
2016,December,15,14,9.62
2016,December,15,15,9.28
2016,December,15,16,9.27
2016,December,15,17,9.24
2016,December,15,18,9.37
2016,December,15,19,8.98
2016,December,15,20,8.92
2016,December,15,21,8.58
2016,December,15,22,7.97
2016,December,15,23,7.52
2016,December,16,0,7.76
2016,December,16,1,7.63
2016,December,16,2,7.12
2016,December,16,3,7.16
2016,December,16,4,7.59
2016,December,16,5,7.56
2016,December,16,6,7.39
2016,December,16,7,7.6
2016,December,16,8,7.83
2016,December,16,9,8.55
2016,December,16,10,9.24
2016,December,16,11,10.93
2016,December,16,12,11.29
2016,December,16,13,10.35
2016,December,16,14,9.05
2016,December,16,15,7.97
2016,December,16,16,7.91
2016,December,16,17,8.29
2016,December,16,18,8.07
2016,December,16,19,8.02
2016,December,16,20,8.1
2016,December,16,21,7.99
2016,December,16,22,7.29
2016,December,16,23,6.1
2016,December,17,0,4.64
2016,December,17,1,3.65
2016,December,17,2,2.92
2016,December,17,3,2.47
2016,December,17,4,2.08
2016,December,17,5,2.13
2016,December,17,6,2.2
2016,December,17,7,2.24
2016,December,17,8,2.61
2016,December,17,9,3.53
2016,December,17,10,5.45
2016,December,17,11,6.36
2016,December,17,12,6.85
2016,December,17,13,6.86
2016,December,17,14,6.28
2016,December,17,15,4.54
2016,December,17,16,3.47
2016,December,17,17,3.17
2016,December,17,18,2.87
2016,December,17,19,2.96
2016,December,17,20,2.94
2016,December,17,21,2.86
2016,December,17,22,3.08
2016,December,17,23,3.05
2016,December,18,0,3.35
2016,December,18,1,4.27
2016,December,18,2,4.44
2016,December,18,3,4.71
2016,December,18,4,5.01
2016,December,18,5,5.15
2016,December,18,6,5.1
2016,December,18,7,5.33
2016,December,18,8,5.56
2016,December,18,9,6.09
2016,December,18,10,6.97
2016,December,18,11,7.69
2016,December,18,12,8.68
2016,December,18,13,8.3
2016,December,18,14,7.81
2016,December,18,15,7.15
2016,December,18,16,6.69
2016,December,18,17,6.29
2016,December,18,18,6.43
2016,December,18,19,6.62
2016,December,18,20,6.21
2016,December,18,21,6.23
2016,December,18,22,6.07
2016,December,18,23,6.36
2016,December,19,0,6.47
2016,December,19,1,6.53
2016,December,19,2,6.27
2016,December,19,3,6.17
2016,December,19,4,6.18
2016,December,19,5,6.27
2016,December,19,6,6.29
2016,December,19,7,6.31
2016,December,19,8,6.3
2016,December,19,9,6.41
2016,December,19,10,7.16
2016,December,19,11,7.69
2016,December,19,12,8.31
2016,December,19,13,8.2
2016,December,19,14,8.33
2016,December,19,15,7.76
2016,December,19,16,7.24
2016,December,19,17,6.85
2016,December,19,18,6.94
2016,December,19,19,7.05
2016,December,19,20,6.81
2016,December,19,21,7.14
2016,December,19,22,7.02
2016,December,19,23,7.18
2016,December,20,0,7.07
2016,December,20,1,6.61
2016,December,20,2,6.48
2016,December,20,3,6.28
2016,December,20,4,5.86
2016,December,20,5,5.31
2016,December,20,6,5.47
2016,December,20,7,5.42
2016,December,20,8,5.03
2016,December,20,9,4.88
2016,December,20,10,6.06
2016,December,20,11,7.1
2016,December,20,12,7.05
2016,December,20,13,6.67
2016,December,20,14,5.31
2016,December,20,15,4.56
2016,December,20,16,3.97
2016,December,20,17,3.91
2016,December,20,18,3.45
2016,December,20,19,3.98
2016,December,20,20,4.28
2016,December,20,21,4.5
2016,December,20,22,4.29
2016,December,20,23,4.47
2016,December,21,0,4.67
2016,December,21,1,4.84
2016,December,21,2,4.93
2016,December,21,3,4.87
2016,December,21,4,5.16
2016,December,21,5,5.01
2016,December,21,6,4.68
2016,December,21,7,5.12
2016,December,21,8,5.41
2016,December,21,9,5.29
2016,December,21,10,4.96
2016,December,21,11,5.54
2016,December,21,12,6.15
2016,December,21,13,6.9
2016,December,21,14,7.9
2016,December,21,15,5.72
2016,December,21,16,4.8
2016,December,21,17,4.67
2016,December,21,18,4.86
2016,December,21,19,3.9
2016,December,21,20,3.07
2016,December,21,21,2.67
2016,December,21,22,2.74
2016,December,21,23,2.71
2016,December,22,0,2.29
2016,December,22,1,2.47
2016,December,22,2,2.7
2016,December,22,3,3.24
2016,December,22,4,3.04
2016,December,22,5,3.27
2016,December,22,6,3.95
2016,December,22,7,3.55
2016,December,22,8,4.68
2016,December,22,9,5.49
2016,December,22,10,6.85
2016,December,22,11,6.97
2016,December,22,12,7.31
2016,December,22,13,6.9
2016,December,22,14,6.88
2016,December,22,15,6.07
2016,December,22,16,5.33
2016,December,22,17,6.16
2016,December,22,18,5.91
2016,December,22,19,5.96
2016,December,22,20,6.3
2016,December,22,21,5.95
2016,December,22,22,6.43
2016,December,22,23,6.15
2016,December,23,0,5.64
2016,December,23,1,5.18
2016,December,23,2,4.93
2016,December,23,3,4.8
2016,December,23,4,5.1
2016,December,23,5,5.37
2016,December,23,6,5.18
2016,December,23,7,5.48
2016,December,23,8,6.08
2016,December,23,9,6.76
2016,December,23,10,7.29
2016,December,23,11,7.54
2016,December,23,12,7.62
2016,December,23,13,8.1
2016,December,23,14,8.58
2016,December,23,15,6.65
2016,December,23,16,6.87
2016,December,23,17,6.03
2016,December,23,18,5.72
2016,December,23,19,5.52
2016,December,23,20,5.97
2016,December,23,21,5.18
2016,December,23,22,4.92
2016,December,23,23,4.4
2016,December,24,0,4.76
2016,December,24,1,5.74
2016,December,24,2,6.12
2016,December,24,3,6.37
2016,December,24,4,5.56
2016,December,24,5,5.11
2016,December,24,6,5.48
2016,December,24,7,5.61
2016,December,24,8,5.6
2016,December,24,9,5.81
2016,December,24,10,6.39
2016,December,24,11,7.58
2016,December,24,12,7.75
2016,December,24,13,7.79
2016,December,24,14,7.5
2016,December,24,15,7.18
2016,December,24,16,7.04
2016,December,24,17,7.24
2016,December,24,18,7.54
2016,December,24,19,7.53
2016,December,24,20,7.67
2016,December,24,21,7.97
2016,December,24,22,8.2
2016,December,24,23,8.49
2016,December,25,0,8.66
2016,December,25,1,8.97
2016,December,25,2,9.18
2016,December,25,3,9.42
2016,December,25,4,9.47
2016,December,25,5,9.58
2016,December,25,6,9.81
2016,December,25,7,9.82
2016,December,25,8,9.95
2016,December,25,9,10.1
2016,December,25,10,10.19
2016,December,25,11,10.16
2016,December,25,12,10.55
2016,December,25,13,10.86
2016,December,25,14,10.77
2016,December,25,15,10.75
2016,December,25,16,10.71
2016,December,25,17,10.52
2016,December,25,18,8.68
2016,December,25,19,7.74
2016,December,25,20,7.48
2016,December,25,21,7.18
2016,December,25,22,6.8
2016,December,25,23,6.79
2016,December,26,0,6.15
2016,December,26,1,6.45
2016,December,26,2,6.8
2016,December,26,3,5.34
2016,December,26,4,5.38
2016,December,26,5,4.98
2016,December,26,6,5.09
2016,December,26,7,4.53
2016,December,26,8,5.03
2016,December,26,9,5.33
2016,December,26,10,6.19
2016,December,26,11,7.12
2016,December,26,12,7.91
2016,December,26,13,8.93
2016,December,26,14,7.84
2016,December,26,15,6.42
2016,December,26,16,5.51
2016,December,26,17,5.39
2016,December,26,18,5.43
2016,December,26,19,5.25
2016,December,26,20,5.31
2016,December,26,21,5.96
2016,December,26,22,5.87
2016,December,26,23,5.75
2016,December,27,0,5.64
2016,December,27,1,4.61
2016,December,27,2,4.78
2016,December,27,3,4.48
2016,December,27,4,3.31
2016,December,27,5,2.92
2016,December,27,6,2.51
2016,December,27,7,1.93
2016,December,27,8,2.19
2016,December,27,9,3.72
2016,December,27,10,4.54
2016,December,27,11,6.17
2016,December,27,12,7.01
2016,December,27,13,6.96
2016,December,27,14,6.45
2016,December,27,15,6.09
2016,December,27,16,5.71
2016,December,27,17,5.1
2016,December,27,18,4.77
2016,December,27,19,3.93
2016,December,27,20,2.35
2016,December,27,21,1.79
2016,December,27,22,1.25
2016,December,27,23,1.08
2016,December,28,0,0.71
2016,December,28,1,0.6
2016,December,28,2,0.27
2016,December,28,3,0.11
2016,December,28,4,0.01
2016,December,28,5,0.19
2016,December,28,6,-0.06
2016,December,28,7,-0.21
2016,December,28,8,-0.03
2016,December,28,9,2.19
2016,December,28,10,6.11
2016,December,28,11,9.11
2016,December,28,12,9.73
2016,December,28,13,9.17
2016,December,28,14,7.18
2016,December,28,15,3.44
2016,December,28,16,1.35
2016,December,28,17,0.65
2016,December,28,18,0.25
2016,December,28,19,-0.12
2016,December,28,20,-0.41
2016,December,28,21,-0.9
2016,December,28,22,-0.98
2016,December,28,23,-1.16
2016,December,29,0,-1.33
2016,December,29,1,-1.76
2016,December,29,2,-1.71
2016,December,29,3,-1.6
2016,December,29,4,-2.21
2016,December,29,5,-2.46
2016,December,29,6,-2.37
2016,December,29,7,-1.62
2016,December,29,8,-0.81
2016,December,29,9,1.81
2016,December,29,10,6
2016,December,29,11,6.48
2016,December,29,12,5.12
2016,December,29,13,6.86
2016,December,29,14,6.74
2016,December,29,15,4.46
2016,December,29,16,3.74
2016,December,29,17,4.46
2016,December,29,18,4.74
2016,December,29,19,4.94
2016,December,29,20,5.14
2016,December,29,21,5.29
2016,December,29,22,5.35
2016,December,29,23,5.11
2016,December,30,0,5.71
2016,December,30,1,6.05
2016,December,30,2,6.13
2016,December,30,3,6.04
2016,December,30,4,5.84
2016,December,30,5,6.13
2016,December,30,6,6.35
2016,December,30,7,6.46
2016,December,30,8,6.57
2016,December,30,9,7.07
2016,December,30,10,7.48
2016,December,30,11,8.35
2016,December,30,12,8.38
2016,December,30,13,8.97
2016,December,30,14,8.73
2016,December,30,15,8.84
2016,December,30,16,8.86
2016,December,30,17,8.81
2016,December,30,18,8.77
2016,December,30,19,8.65
2016,December,30,20,8.79
2016,December,30,21,8.85
2016,December,30,22,8.9
2016,December,30,23,8.86
2016,December,31,0,8.82
2016,December,31,1,8.63
2016,December,31,2,8.86
2016,December,31,3,8.68
2016,December,31,4,8.49
2016,December,31,5,8.29
2016,December,31,6,8.28
2016,December,31,7,8.34
2016,December,31,8,8.27
2016,December,31,9,8.29
2016,December,31,10,8.46
2016,December,31,11,8.63
2016,December,31,12,8.84
2016,December,31,13,9.02
2016,December,31,14,8.85
2016,December,31,15,8.53
2016,December,31,16,8.37
2016,December,31,17,8.43
2016,December,31,18,8.41
2016,December,31,19,8.4
2016,December,31,20,8.46
2016,December,31,21,8.05
2016,December,31,22,7.64
2016,December,31,23,7.66
2017,January,1,0,7.65
2017,January,1,1,7.42
2017,January,1,2,6.21
2017,January,1,3,5.65
2017,January,1,4,5.37
2017,January,1,5,5.02
2017,January,1,6,4.39
2017,January,1,7,4.07
2017,January,1,8,3.77
2017,January,1,9,3.4
2017,January,1,10,2.96
2017,January,1,11,4.18
2017,January,1,12,6.78
2017,January,1,13,6.24
2017,January,1,14,4.96
2017,January,1,15,3.01
2017,January,1,16,2.5
2017,January,1,17,2.61
2017,January,1,18,1.87
2017,January,1,19,1.35
2017,January,1,20,0.97
2017,January,1,21,1.38
2017,January,1,22,1.51
2017,January,1,23,1.42
2017,January,2,0,1.14
2017,January,2,1,0.25
2017,January,2,2,-0.24
2017,January,2,3,-0.55
2017,January,2,4,-1.19
2017,January,2,5,-0.76
2017,January,2,6,-1.86
2017,January,2,7,-1.9
2017,January,2,8,-2.18
2017,January,2,9,0.52
2017,January,2,10,5.42
2017,January,2,11,8.63
2017,January,2,12,9.24
2017,January,2,13,8.42
2017,January,2,14,6.11
2017,January,2,15,2.65
2017,January,2,16,0.37
2017,January,2,17,-0.37
2017,January,2,18,-0.86
2017,January,2,19,-1.23
2017,January,2,20,-1.43
2017,January,2,21,-1.25
2017,January,2,22,-0.39
2017,January,2,23,0.69
2017,January,3,0,2.03
2017,January,3,1,3.61
2017,January,3,2,4.47
2017,January,3,3,4.88
2017,January,3,4,5.04
2017,January,3,5,5.12
2017,January,3,6,5
2017,January,3,7,5.04
2017,January,3,8,5.1
2017,January,3,9,5.4
2017,January,3,10,5.67
2017,January,3,11,5.95
2017,January,3,12,6.37
2017,January,3,13,6.26
2017,January,3,14,6.32
2017,January,3,15,6.32
2017,January,3,16,6.12
2017,January,3,17,6.13
2017,January,3,18,6.28
2017,January,3,19,6.36
2017,January,3,20,6.25
2017,January,3,21,6.4
2017,January,3,22,6.28
2017,January,3,23,6.22
2017,January,4,0,6.19
2017,January,4,1,6.28
2017,January,4,2,6.11
2017,January,4,3,5.73
2017,January,4,4,5.5
2017,January,4,5,4.85
2017,January,4,6,4.81
2017,January,4,7,4.11
2017,January,4,8,3.17
2017,January,4,9,4.37
2017,January,4,10,5.97
2017,January,4,11,7.92
2017,January,4,12,8.07
2017,January,4,13,7.31
2017,January,4,14,6.02
2017,January,4,15,2.96
2017,January,4,16,1.31
2017,January,4,17,0.31
2017,January,4,18,0.04
2017,January,4,19,-0.62
2017,January,4,20,-0.12
2017,January,4,21,0.18
2017,January,4,22,-1.24
2017,January,4,23,-1.87
2017,January,5,0,-2.19
2017,January,5,1,-2.24
2017,January,5,2,-1.51
2017,January,5,3,-1.23
2017,January,5,4,-2.04
2017,January,5,5,-2.78
2017,January,5,6,-2.83
2017,January,5,7,-2.82
2017,January,5,8,-2.93
2017,January,5,9,0.15
2017,January,5,10,4.58
2017,January,5,11,8.01
2017,January,5,12,9.13
2017,January,5,13,7.56
2017,January,5,14,5.25
2017,January,5,15,2.58
2017,January,5,16,0.76
2017,January,5,17,0.64
2017,January,5,18,0.33
2017,January,5,19,0.46
2017,January,5,20,1.27
2017,January,5,21,1.92
2017,January,5,22,2.38
2017,January,5,23,2.61
2017,January,6,0,2.86
2017,January,6,1,3.08
2017,January,6,2,3.09
2017,January,6,3,3.13
2017,January,6,4,3.19
2017,January,6,5,3.37
2017,January,6,6,3.16
2017,January,6,7,3.23
2017,January,6,8,3.33
2017,January,6,9,3.57
2017,January,6,10,3.84
2017,January,6,11,4.26
2017,January,6,12,4.67
2017,January,6,13,4.98
2017,January,6,14,5.31
2017,January,6,15,5.49
2017,January,6,16,5.66
2017,January,6,17,5.85
2017,January,6,18,6.15
2017,January,6,19,6.31
2017,January,6,20,6.34
2017,January,6,21,6.39
2017,January,6,22,6.5
2017,January,6,23,6.59
2017,January,7,0,6.63
2017,January,7,1,6.66
2017,January,7,2,6.64
2017,January,7,3,6.68
2017,January,7,4,6.73
2017,January,7,5,6.73
2017,January,7,6,6.78
2017,January,7,7,6.84
2017,January,7,8,6.82
2017,January,7,9,7.06
2017,January,7,10,7.64
2017,January,7,11,8.29
2017,January,7,12,8.45
2017,January,7,13,8.76
2017,January,7,14,8.56
2017,January,7,15,8.27
2017,January,7,16,7.93
2017,January,7,17,7.77
2017,January,7,18,7.71
2017,January,7,19,7.58
2017,January,7,20,7.61
2017,January,7,21,7.55
2017,January,7,22,7.29
2017,January,7,23,7.15
2017,January,8,0,6.97
2017,January,8,1,6.98
2017,January,8,2,6.62
2017,January,8,3,6.57
2017,January,8,4,6.81
2017,January,8,5,6.91
2017,January,8,6,7.1
2017,January,8,7,7.25
2017,January,8,8,7.4
2017,January,8,9,7.49
2017,January,8,10,7.99
2017,January,8,11,8.46
2017,January,8,12,9.01
2017,January,8,13,8.94
2017,January,8,14,8.59
2017,January,8,15,7.81
2017,January,8,16,7.48
2017,January,8,17,7.43
2017,January,8,18,7.4
2017,January,8,19,7.47
2017,January,8,20,7.57
2017,January,8,21,7.65
2017,January,8,22,7.76
2017,January,8,23,7.69
2017,January,9,0,7.27
2017,January,9,1,7.52
2017,January,9,2,7.59
2017,January,9,3,7.64
2017,January,9,4,7.83
2017,January,9,5,7.76
2017,January,9,6,7.71
2017,January,9,7,7.54
2017,January,9,8,7.43
2017,January,9,9,7.56
2017,January,9,10,6.96
2017,January,9,11,7
2017,January,9,12,7.89
2017,January,9,13,8.79
2017,January,9,14,7.92
2017,January,9,15,6.59
2017,January,9,16,5.69
2017,January,9,17,5.56
2017,January,9,18,5.68
2017,January,9,19,5.75
2017,January,9,20,5.46
2017,January,9,21,5.68
2017,January,9,22,5.69
2017,January,9,23,5.36
2017,January,10,0,5.59
2017,January,10,1,5.78
2017,January,10,2,5.71
2017,January,10,3,5.82
2017,January,10,4,5.98
2017,January,10,5,6
2017,January,10,6,6.07
2017,January,10,7,6.24
2017,January,10,8,6.3
2017,January,10,9,6.32
2017,January,10,10,6.52
2017,January,10,11,7.06
2017,January,10,12,7.68
2017,January,10,13,7.67
2017,January,10,14,7.54
2017,January,10,15,7.54
2017,January,10,16,7.44
2017,January,10,17,7.42
2017,January,10,18,7.23
2017,January,10,19,7.2
2017,January,10,20,7.04
2017,January,10,21,6.87
2017,January,10,22,7.37
2017,January,10,23,7.49
2017,January,11,0,7.9
2017,January,11,1,8.39
2017,January,11,2,8.46
2017,January,11,3,8.51
2017,January,11,4,7.62
2017,January,11,5,6.87
2017,January,11,6,6.64
2017,January,11,7,5.72
2017,January,11,8,5.52
2017,January,11,9,6.36
2017,January,11,10,6.62
2017,January,11,11,6.78
2017,January,11,12,6.83
2017,January,11,13,6.35
2017,January,11,14,6.28
2017,January,11,15,5.97
2017,January,11,16,5.02
2017,January,11,17,4.58
2017,January,11,18,5.17
2017,January,11,19,4.94
2017,January,11,20,4.85
2017,January,11,21,4.91
2017,January,11,22,4.72
2017,January,11,23,4.69
2017,January,12,0,4.82
2017,January,12,1,4.21
2017,January,12,2,4.53
2017,January,12,3,4.45
2017,January,12,4,4.63
2017,January,12,5,4.37
2017,January,12,6,4.17
2017,January,12,7,4.24
2017,January,12,8,3.63
2017,January,12,9,3.25
2017,January,12,10,2.95
2017,January,12,11,3.34
2017,January,12,12,3.9
2017,January,12,13,3.42
2017,January,12,14,3.67
2017,January,12,15,3.15
2017,January,12,16,2.07
2017,January,12,17,1.24
2017,January,12,18,0.91
2017,January,12,19,0.57
2017,January,12,20,0.79
2017,January,12,21,0.15
2017,January,12,22,0.32
2017,January,12,23,0.39
2017,January,13,0,-0.18
2017,January,13,1,-0.13
2017,January,13,2,0.14
2017,January,13,3,0.24
2017,January,13,4,0.7
2017,January,13,5,1.17
2017,January,13,6,0.86
2017,January,13,7,1.73
2017,January,13,8,1.61
2017,January,13,9,3.6
2017,January,13,10,4.89
2017,January,13,11,6.7
2017,January,13,12,7.46
2017,January,13,13,6.13
2017,January,13,14,4.6
2017,January,13,15,4.1
2017,January,13,16,2.22
2017,January,13,17,1.55
2017,January,13,18,0.55
2017,January,13,19,-0.19
2017,January,13,20,-0.35
2017,January,13,21,-0.22
2017,January,13,22,-0.95
2017,January,13,23,0.29
2017,January,14,0,1.6
2017,January,14,1,2.07
2017,January,14,2,2.38
2017,January,14,3,2.3
2017,January,14,4,2.09
2017,January,14,5,2.69
2017,January,14,6,3.06
2017,January,14,7,3.34
2017,January,14,8,3.38
2017,January,14,9,2.93
2017,January,14,10,4.93
2017,January,14,11,7.97
2017,January,14,12,7.66
2017,January,14,13,5.87
2017,January,14,14,5.43
2017,January,14,15,4.6
2017,January,14,16,3.84
2017,January,14,17,3.52
2017,January,14,18,2.37
2017,January,14,19,2.43
2017,January,14,20,2.71
2017,January,14,21,2.82
2017,January,14,22,3.15
2017,January,14,23,3.39
2017,January,15,0,3.77
2017,January,15,1,4.05
2017,January,15,2,4.37
2017,January,15,3,4.66
2017,January,15,4,5.14
2017,January,15,5,5.51
2017,January,15,6,5.83
2017,January,15,7,6.11
2017,January,15,8,6.49
2017,January,15,9,6.89
2017,January,15,10,7.18
2017,January,15,11,7.48
2017,January,15,12,7.66
2017,January,15,13,8.04
2017,January,15,14,8.4
2017,January,15,15,8.11
2017,January,15,16,7.6
2017,January,15,17,7.28
2017,January,15,18,7.07
2017,January,15,19,6.81
2017,January,15,20,6.33
2017,January,15,21,5.83
2017,January,15,22,6.4
2017,January,15,23,6.52
2017,January,16,0,6.63
2017,January,16,1,6.77
2017,January,16,2,6.95
2017,January,16,3,7.02
2017,January,16,4,7.07
2017,January,16,5,7.25
2017,January,16,6,7.26
2017,January,16,7,7.27
2017,January,16,8,7.11
2017,January,16,9,7.37
2017,January,16,10,8.02
2017,January,16,11,9.43
2017,January,16,12,10
2017,January,16,13,10.72
2017,January,16,14,10.09
2017,January,16,15,9.36
2017,January,16,16,8.52
2017,January,16,17,8.01
2017,January,16,18,7.8
2017,January,16,19,7.63
2017,January,16,20,7.51
2017,January,16,21,7.31
2017,January,16,22,7.34
2017,January,16,23,7.31
2017,January,17,0,7.18
2017,January,17,1,7.06
2017,January,17,2,6.79
2017,January,17,3,6.57
2017,January,17,4,6.38
2017,January,17,5,6.64
2017,January,17,6,6.84
2017,January,17,7,6.93
2017,January,17,8,6.91
2017,January,17,9,6.99
2017,January,17,10,7.28
2017,January,17,11,7.7
2017,January,17,12,7.8
2017,January,17,13,7.79
2017,January,17,14,7.84
2017,January,17,15,7.76
2017,January,17,16,7.6
2017,January,17,17,7.49
2017,January,17,18,7.47
2017,January,17,19,7.45
2017,January,17,20,7.4
2017,January,17,21,7.35
2017,January,17,22,7.31
2017,January,17,23,7.26
2017,January,18,0,7.21
2017,January,18,1,7.16
2017,January,18,2,7.13
2017,January,18,3,7.1
2017,January,18,4,6.98
2017,January,18,5,6.83
2017,January,18,6,6.74
2017,January,18,7,6.68
2017,January,18,8,6.65
2017,January,18,9,6.83
2017,January,18,10,7.4
2017,January,18,11,8.26
2017,January,18,12,8.47
2017,January,18,13,7.77
2017,January,18,14,7.78
2017,January,18,15,7.64
2017,January,18,16,7.32
2017,January,18,17,7.08
2017,January,18,18,6.94
2017,January,18,19,6.89
2017,January,18,20,6.84
2017,January,18,21,6.73
2017,January,18,22,6.71
2017,January,18,23,6.77
2017,January,19,0,6.73
2017,January,19,1,6.72
2017,January,19,2,6.57
2017,January,19,3,6.46
2017,January,19,4,6.45
2017,January,19,5,6.44
2017,January,19,6,6.39
2017,January,19,7,6.38
2017,January,19,8,6.38
2017,January,19,9,6.57
2017,January,19,10,6.93
2017,January,19,11,7.25
2017,January,19,12,7.35
2017,January,19,13,7.37
2017,January,19,14,7.26
2017,January,19,15,6.96
2017,January,19,16,6.62
2017,January,19,17,6.43
2017,January,19,18,6.31
2017,January,19,19,6.26
2017,January,19,20,6.19
2017,January,19,21,6.09
2017,January,19,22,5.99
2017,January,19,23,5.86
2017,January,20,0,5.74
2017,January,20,1,5.54
2017,January,20,2,5.46
2017,January,20,3,5.37
2017,January,20,4,5.44
2017,January,20,5,5.45
2017,January,20,6,5.38
2017,January,20,7,5.33
2017,January,20,8,5.32
2017,January,20,9,5.49
2017,January,20,10,5.77
2017,January,20,11,7.42
2017,January,20,12,10.47
2017,January,20,13,9.73
2017,January,20,14,10.49
2017,January,20,15,6.77
2017,January,20,16,4.32
2017,January,20,17,3.25
2017,January,20,18,3.39
2017,January,20,19,3.01
2017,January,20,20,2.9
2017,January,20,21,2.76
2017,January,20,22,2.6
2017,January,20,23,2.7
2017,January,21,0,2.77
2017,January,21,1,2.61
2017,January,21,2,1.96
2017,January,21,3,1.69
2017,January,21,4,1.3
2017,January,21,5,1.23
2017,January,21,6,1.17
2017,January,21,7,1.31
2017,January,21,8,1.61
2017,January,21,9,3.49
2017,January,21,10,5.67
2017,January,21,11,8.07
2017,January,21,12,8.54
2017,January,21,13,6.36
2017,January,21,14,5.64
2017,January,21,15,5.1
2017,January,21,16,4.39
2017,January,21,17,2.89
2017,January,21,18,2.14
2017,January,21,19,2.94
2017,January,21,20,3.51
2017,January,21,21,3.34
2017,January,21,22,3.37
2017,January,21,23,3.39
2017,January,22,0,3.31
2017,January,22,1,3.08
2017,January,22,2,2.78
2017,January,22,3,2.61
2017,January,22,4,0.94
2017,January,22,5,1.01
2017,January,22,6,1.21
2017,January,22,7,0.33
2017,January,22,8,0.59
2017,January,22,9,1.24
2017,January,22,10,2.51
2017,January,22,11,4.08
2017,January,22,12,4.13
2017,January,22,13,5.53
2017,January,22,14,4.13
2017,January,22,15,3.48
2017,January,22,16,2.85
2017,January,22,17,1.83
2017,January,22,18,1.19
2017,January,22,19,1.15
2017,January,22,20,0.56
2017,January,22,21,1.2
2017,January,22,22,1.68
2017,January,22,23,1.8
2017,January,23,0,1.17
2017,January,23,1,-0.4
2017,January,23,2,-1.03
2017,January,23,3,-1.17
2017,January,23,4,-1.49
2017,January,23,5,-1.43
2017,January,23,6,-1.47
2017,January,23,7,-0.59
2017,January,23,8,-1.18
2017,January,23,9,1.34
2017,January,23,10,2.07
2017,January,23,11,4.65
2017,January,23,12,4.75
2017,January,23,13,4.02
2017,January,23,14,4.15
2017,January,23,15,4.19
2017,January,23,16,4.2
2017,January,23,17,3.98
2017,January,23,18,3.8
2017,January,23,19,2.92
2017,January,23,20,2.11
2017,January,23,21,1.62
2017,January,23,22,1.14
2017,January,23,23,1.15
2017,January,24,0,0.75
2017,January,24,1,0.82
2017,January,24,2,1.18
2017,January,24,3,1.94
2017,January,24,4,1.94
2017,January,24,5,2.07
2017,January,24,6,2.08
2017,January,24,7,3.23
2017,January,24,8,4.39
2017,January,24,9,4.99
2017,January,24,10,5.52
2017,January,24,11,5.94
2017,January,24,12,6.56
2017,January,24,13,6.98
2017,January,24,14,6.66
2017,January,24,15,6.24
2017,January,24,16,6.03
2017,January,24,17,6.01
2017,January,24,18,6.04
2017,January,24,19,6.11
2017,January,24,20,5.75
2017,January,24,21,6.11
2017,January,24,22,5.96
2017,January,24,23,6.31
2017,January,25,0,5.99
2017,January,25,1,6.04
2017,January,25,2,6.35
2017,January,25,3,6.21
2017,January,25,4,6.08
2017,January,25,5,5.92
2017,January,25,6,5.37
2017,January,25,7,4.85
2017,January,25,8,4.06
2017,January,25,9,6.47
2017,January,25,10,8.55
2017,January,25,11,10.52
2017,January,25,12,10.69
2017,January,25,13,10.37
2017,January,25,14,9.48
2017,January,25,15,7.37
2017,January,25,16,4.92
2017,January,25,17,3.89
2017,January,25,18,3.84
2017,January,25,19,3.67
2017,January,25,20,2.77
2017,January,25,21,2.17
2017,January,25,22,2.75
2017,January,25,23,2.52
2017,January,26,0,1.88
2017,January,26,1,1.29
2017,January,26,2,-0.17
2017,January,26,3,-0.68
2017,January,26,4,-0.6
2017,January,26,5,-0.62
2017,January,26,6,-0.57
2017,January,26,7,-0.85
2017,January,26,8,-1.35
2017,January,26,9,0.32
2017,January,26,10,1.84
2017,January,26,11,3.52
2017,January,26,12,1.69
2017,January,26,13,1.55
2017,January,26,14,0.94
2017,January,26,15,0.07
2017,January,26,16,-0.86
2017,January,26,17,-1.63
2017,January,26,18,-1.66
2017,January,26,19,-2.38
2017,January,26,20,-2.85
2017,January,26,21,-2.16
2017,January,26,22,-2.13
2017,January,26,23,-1.25
2017,January,27,0,-0.59
2017,January,27,1,-0.3
2017,January,27,2,-0.24
2017,January,27,3,-0.3
2017,January,27,4,0.41
2017,January,27,5,0.51
2017,January,27,6,-0.09
2017,January,27,7,-0.19
2017,January,27,8,-0.72
2017,January,27,9,1.57
2017,January,27,10,3.84
2017,January,27,11,2.64
2017,January,27,12,4.78
2017,January,27,13,6.54
2017,January,27,14,4.74
2017,January,27,15,2.74
2017,January,27,16,2.44
2017,January,27,17,2.7
2017,January,27,18,2.96
2017,January,27,19,3.34
2017,January,27,20,3.48
2017,January,27,21,3.39
2017,January,27,22,3.67
2017,January,27,23,3.33
2017,January,28,0,2.94
2017,January,28,1,3.18
2017,January,28,2,3.81
2017,January,28,3,3.66
2017,January,28,4,3.61
2017,January,28,5,4.08
2017,January,28,6,4.28
2017,January,28,7,4.8
2017,January,28,8,5.01
2017,January,28,9,5
2017,January,28,10,4.98
2017,January,28,11,4.88
2017,January,28,12,5.15
2017,January,28,13,5.15
2017,January,28,14,5.18
2017,January,28,15,5.26
2017,January,28,16,4.07
2017,January,28,17,1.86
2017,January,28,18,2.05
2017,January,28,19,1.74
2017,January,28,20,2.31
2017,January,28,21,2.54
2017,January,28,22,1.51
2017,January,28,23,0
2017,January,29,0,0.2
2017,January,29,1,0.95
2017,January,29,2,1.26
2017,January,29,3,1.05
2017,January,29,4,0.78
2017,January,29,5,1.42
2017,January,29,6,1.76
2017,January,29,7,1.87
2017,January,29,8,1.98
2017,January,29,9,4.23
2017,January,29,10,6.59
2017,January,29,11,8.48
2017,January,29,12,8.1
2017,January,29,13,8.24
2017,January,29,14,7.31
2017,January,29,15,5.36
2017,January,29,16,4.74
2017,January,29,17,4.58
2017,January,29,18,4.42
2017,January,29,19,4.6
2017,January,29,20,4.8
2017,January,29,21,4.47
2017,January,29,22,4.14
2017,January,29,23,4.11
2017,January,30,0,2.96
2017,January,30,1,1.39
2017,January,30,2,0.37
2017,January,30,3,2.12
2017,January,30,4,1.93
2017,January,30,5,2.06
2017,January,30,6,2.26
2017,January,30,7,2.57
2017,January,30,8,1.94
2017,January,30,9,5.71
2017,January,30,10,8.36
2017,January,30,11,6.92
2017,January,30,12,8.89
2017,January,30,13,7.43
2017,January,30,14,6.57
2017,January,30,15,6.18
2017,January,30,16,5.75
2017,January,30,17,5.61
2017,January,30,18,5.5
2017,January,30,19,5.69
2017,January,30,20,5.58
2017,January,30,21,5.46
2017,January,30,22,5.64
2017,January,30,23,6.24
2017,January,31,0,6.18
2017,January,31,1,6.01
2017,January,31,2,6.01
2017,January,31,3,5.24
2017,January,31,4,5.37
2017,January,31,5,5.82
2017,January,31,6,5.45
2017,January,31,7,5.74
2017,January,31,8,5.54
2017,January,31,9,5.54
2017,January,31,10,6.47
2017,January,31,11,7.18
2017,January,31,12,7.44
2017,January,31,13,8.46
2017,January,31,14,8.97
2017,January,31,15,8.92
2017,January,31,16,8.87
2017,January,31,17,8.87
2017,January,31,18,8.78
2017,January,31,19,8.5
2017,January,31,20,7.97
2017,January,31,21,7.82
2017,January,31,22,7.51
2017,January,31,23,6.94
2017,February,1,0,7.11
2017,February,1,1,7.32
2017,February,1,2,7.15
2017,February,1,3,7.3
2017,February,1,4,7.1
2017,February,1,5,7.33
2017,February,1,6,7.38
2017,February,1,7,7.77
2017,February,1,8,7.74
2017,February,1,9,8.18
2017,February,1,10,8.45
2017,February,1,11,11.48
2017,February,1,12,10.11
2017,February,1,13,10.64
2017,February,1,14,11.86
2017,February,1,15,10.66
2017,February,1,16,8.67
2017,February,1,17,8.46
2017,February,1,18,9.11
2017,February,1,19,9.24
2017,February,1,20,8.97
2017,February,1,21,8.7
2017,February,1,22,8.21
2017,February,1,23,7.38
2017,February,2,0,7.72
2017,February,2,1,8.4
2017,February,2,2,9.03
2017,February,2,3,9.48
2017,February,2,4,10.14
2017,February,2,5,10.43
2017,February,2,6,10.77
2017,February,2,7,10.18
2017,February,2,8,9.64
2017,February,2,9,9.49
2017,February,2,10,10.39
2017,February,2,11,10.75
2017,February,2,12,10.62
2017,February,2,13,10.75
2017,February,2,14,11.26
2017,February,2,15,11.19
2017,February,2,16,10.86
2017,February,2,17,10.69
2017,February,2,18,10.86
2017,February,2,19,10.72
2017,February,2,20,9.91
2017,February,2,21,10.14
2017,February,2,22,10.09
2017,February,2,23,9.93
2017,February,3,0,9.53
2017,February,3,1,8.69
2017,February,3,2,7.47
2017,February,3,3,7.25
2017,February,3,4,7.36
2017,February,3,5,6.98
2017,February,3,6,6.19
2017,February,3,7,5.66
2017,February,3,8,5.26
2017,February,3,9,7.76
2017,February,3,10,9.54
2017,February,3,11,10.46
2017,February,3,12,9.99
2017,February,3,13,9.3
2017,February,3,14,8.66
2017,February,3,15,7.59
2017,February,3,16,7.1
2017,February,3,17,6.66
2017,February,3,18,6.59
2017,February,3,19,6.92
2017,February,3,20,6.36
2017,February,3,21,6.16
2017,February,3,22,5.98
2017,February,3,23,4.35
2017,February,4,0,3.61
2017,February,4,1,3.78
2017,February,4,2,3.8
2017,February,4,3,3.38
2017,February,4,4,3.31
2017,February,4,5,2.74
2017,February,4,6,2.19
2017,February,4,7,2.2
2017,February,4,8,2.33
2017,February,4,9,2.98
2017,February,4,10,3.44
2017,February,4,11,5.46
2017,February,4,12,5.07
2017,February,4,13,10.59
2017,February,4,14,7.06
2017,February,4,15,6.74
2017,February,4,16,3.84
2017,February,4,17,2.85
2017,February,4,18,2.88
2017,February,4,19,3.1
2017,February,4,20,3.14
2017,February,4,21,3.09
2017,February,4,22,2.97
2017,February,4,23,3.09
2017,February,5,0,3.3
2017,February,5,1,2.64
2017,February,5,2,2.48
2017,February,5,3,2.85
2017,February,5,4,2.64
2017,February,5,5,2.89
2017,February,5,6,3.31
2017,February,5,7,3.48
2017,February,5,8,3.31
2017,February,5,9,3.84
2017,February,5,10,6.03
2017,February,5,11,8.67
2017,February,5,12,7.55
2017,February,5,13,7.19
2017,February,5,14,6.63
2017,February,5,15,5.07
2017,February,5,16,3.64
2017,February,5,17,1.53
2017,February,5,18,1.4
2017,February,5,19,1.45
2017,February,5,20,1.65
2017,February,5,21,1.95
2017,February,5,22,1.18
2017,February,5,23,1.46
2017,February,6,0,1.99
2017,February,6,1,1.08
2017,February,6,2,0.59
2017,February,6,3,0.79
2017,February,6,4,0.54
2017,February,6,5,1.08
2017,February,6,6,0.94
2017,February,6,7,0.22
2017,February,6,8,1.64
2017,February,6,9,3.66
2017,February,6,10,5.25
2017,February,6,11,5.69
2017,February,6,12,5.82
2017,February,6,13,6.15
2017,February,6,14,6.03
2017,February,6,15,5.44
2017,February,6,16,3.73
2017,February,6,17,2.71
2017,February,6,18,2.75
2017,February,6,19,2.91
2017,February,6,20,3.24
2017,February,6,21,3.56
2017,February,6,22,4.02
2017,February,6,23,4.39
2017,February,7,0,4.59
2017,February,7,1,4.77
2017,February,7,2,4.82
2017,February,7,3,4.47
2017,February,7,4,4.83
2017,February,7,5,4.91
2017,February,7,6,4.77
2017,February,7,7,5.57
2017,February,7,8,5.64
2017,February,7,9,6.04
2017,February,7,10,8.47
2017,February,7,11,11.81
2017,February,7,12,12.01
2017,February,7,13,11.74
2017,February,7,14,12.09
2017,February,7,15,9.42
2017,February,7,16,6.35
2017,February,7,17,4.46
2017,February,7,18,2.62
2017,February,7,19,2.45
2017,February,7,20,3.39
2017,February,7,21,3.51
2017,February,7,22,3.57
2017,February,7,23,3.15
2017,February,8,0,2.97
2017,February,8,1,2.8
2017,February,8,2,2.53
2017,February,8,3,1.68
2017,February,8,4,2.05
2017,February,8,5,1.31
2017,February,8,6,1.85
2017,February,8,7,2.64
2017,February,8,8,3.26
2017,February,8,9,5.71
2017,February,8,10,6.58
2017,February,8,11,5.51
2017,February,8,12,8.37
2017,February,8,13,5.88
2017,February,8,14,5.5
2017,February,8,15,4.19
2017,February,8,16,3.7
2017,February,8,17,2.67
2017,February,8,18,1.12
2017,February,8,19,-0.15
2017,February,8,20,-0.85
2017,February,8,21,0.27
2017,February,8,22,0.08
2017,February,8,23,-0.25
2017,February,9,0,0.07
2017,February,9,1,0.01
2017,February,9,2,-0.16
2017,February,9,3,0.14
2017,February,9,4,0.56
2017,February,9,5,0.74
2017,February,9,6,0.8
2017,February,9,7,0.57
2017,February,9,8,0.99
2017,February,9,9,1.5
2017,February,9,10,2.75
2017,February,9,11,3.11
2017,February,9,12,3.4
2017,February,9,13,3.84
2017,February,9,14,3.01
2017,February,9,15,2.37
2017,February,9,16,1.9
2017,February,9,17,1.47
2017,February,9,18,1.41
2017,February,9,19,1.4
2017,February,9,20,1.23
2017,February,9,21,1.01
2017,February,9,22,0.96
2017,February,9,23,0.94
2017,February,10,0,1.1
2017,February,10,1,1.02
2017,February,10,2,1.07
2017,February,10,3,1.04
2017,February,10,4,1.04
2017,February,10,5,1.03
2017,February,10,6,1
2017,February,10,7,0.94
2017,February,10,8,1.1
2017,February,10,9,1.62
2017,February,10,10,3.76
2017,February,10,11,4.79
2017,February,10,12,5
2017,February,10,13,5.57
2017,February,10,14,3.96
2017,February,10,15,3.27
2017,February,10,16,2.56
2017,February,10,17,1.86
2017,February,10,18,1.56
2017,February,10,19,1.36
2017,February,10,20,0.92
2017,February,10,21,0.19
2017,February,10,22,0.47
2017,February,10,23,0.88
2017,February,11,0,0.75
2017,February,11,1,0.43
2017,February,11,2,0.8
2017,February,11,3,0.96
2017,February,11,4,0.54
2017,February,11,5,0.92
2017,February,11,6,1.25
2017,February,11,7,1.47
2017,February,11,8,1.55
2017,February,11,9,2.23
2017,February,11,10,3.45
2017,February,11,11,4.25
2017,February,11,12,4.49
2017,February,11,13,4.48
2017,February,11,14,4.35
2017,February,11,15,3.81
2017,February,11,16,3.82
2017,February,11,17,3.12
2017,February,11,18,2.79
2017,February,11,19,2.88
2017,February,11,20,3.06
2017,February,11,21,3.31
2017,February,11,22,3
2017,February,11,23,2.66
2017,February,12,0,2.36
2017,February,12,1,2.28
2017,February,12,2,2.1
2017,February,12,3,2.04
2017,February,12,4,1.69
2017,February,12,5,1.51
2017,February,12,6,1.83
2017,February,12,7,1.67
2017,February,12,8,1.95
2017,February,12,9,2.65
2017,February,12,10,4.45
2017,February,12,11,3.94
2017,February,12,12,4.17
2017,February,12,13,3.75
2017,February,12,14,3.61
2017,February,12,15,2.28
2017,February,12,16,2.16
2017,February,12,17,2.7
2017,February,12,18,2.83
2017,February,12,19,2.88
2017,February,12,20,3
2017,February,12,21,3.16
2017,February,12,22,2.88
2017,February,12,23,2.99
2017,February,13,0,2.98
2017,February,13,1,3.25
2017,February,13,2,2.91
2017,February,13,3,2.87
2017,February,13,4,2.96
2017,February,13,5,3.1
2017,February,13,6,3.26
2017,February,13,7,3.36
2017,February,13,8,4.03
2017,February,13,9,6.08
2017,February,13,10,6.98
2017,February,13,11,8.56
2017,February,13,12,9.83
2017,February,13,13,10.28
2017,February,13,14,10.35
2017,February,13,15,9.1
2017,February,13,16,6.76
2017,February,13,17,5.41
2017,February,13,18,4.34
2017,February,13,19,3.92
2017,February,13,20,3.84
2017,February,13,21,3.75
2017,February,13,22,3.63
2017,February,13,23,3.49
2017,February,14,0,3.59
2017,February,14,1,3.46
2017,February,14,2,3.23
2017,February,14,3,3.24
2017,February,14,4,3.18
2017,February,14,5,2.99
2017,February,14,6,2.61
2017,February,14,7,2.35
2017,February,14,8,3.13
2017,February,14,9,6.18
2017,February,14,10,9.57
2017,February,14,11,7.71
2017,February,14,12,10.74
2017,February,14,13,10.39
2017,February,14,14,7.75
2017,February,14,15,7.36
2017,February,14,16,7.11
2017,February,14,17,6.55
2017,February,14,18,6.75
2017,February,14,19,6.99
2017,February,14,20,6.4
2017,February,14,21,6.61
2017,February,14,22,7.04
2017,February,14,23,7.55
2017,February,15,0,7.46
2017,February,15,1,7.43
2017,February,15,2,7.38
2017,February,15,3,7.17
2017,February,15,4,6.66
2017,February,15,5,7.14
2017,February,15,6,6.41
2017,February,15,7,6.1
2017,February,15,8,7.82
2017,February,15,9,9.13
2017,February,15,10,10.13
2017,February,15,11,10.28
2017,February,15,12,11.6
2017,February,15,13,10.89
2017,February,15,14,9.63
2017,February,15,15,9.36
2017,February,15,16,8.55
2017,February,15,17,7.76
2017,February,15,18,7.87
2017,February,15,19,8.12
2017,February,15,20,8.09
2017,February,15,21,8.07
2017,February,15,22,8.11
2017,February,15,23,7.61
2017,February,16,0,7.09
2017,February,16,1,6.32
2017,February,16,2,6.07
2017,February,16,3,5.87
2017,February,16,4,6.13
2017,February,16,5,5.84
2017,February,16,6,6.1
2017,February,16,7,6.06
2017,February,16,8,6.66
2017,February,16,9,7.29
2017,February,16,10,9.46
2017,February,16,11,8.61
2017,February,16,12,7.88
2017,February,16,13,8.39
2017,February,16,14,7.87
2017,February,16,15,8.17
2017,February,16,16,7.57
2017,February,16,17,7.23
2017,February,16,18,7.09
2017,February,16,19,7.19
2017,February,16,20,7.28
2017,February,16,21,7.2
2017,February,16,22,6.97
2017,February,16,23,6.96
2017,February,17,0,7.01
2017,February,17,1,6.97
2017,February,17,2,6.99
2017,February,17,3,6.92
2017,February,17,4,6.89
2017,February,17,5,6.99
2017,February,17,6,7.08
2017,February,17,7,7.25
2017,February,17,8,7.52
2017,February,17,9,8.18
2017,February,17,10,8.82
2017,February,17,11,9.38
2017,February,17,12,10.71
2017,February,17,13,11.18
2017,February,17,14,11.57
2017,February,17,15,10.78
2017,February,17,16,9.77
2017,February,17,17,8.99
2017,February,17,18,8.34
2017,February,17,19,8.87
2017,February,17,20,8.97
2017,February,17,21,8.82
2017,February,17,22,8.67
2017,February,17,23,8.58
2017,February,18,0,7.78
2017,February,18,1,8.42
2017,February,18,2,8.58
2017,February,18,3,7.8
2017,February,18,4,7.71
2017,February,18,5,7.53
2017,February,18,6,7.13
2017,February,18,7,7.28
2017,February,18,8,7.75
2017,February,18,9,8.15
2017,February,18,10,9.09
2017,February,18,11,9.79
2017,February,18,12,9.51
2017,February,18,13,9.87
2017,February,18,14,9.3
2017,February,18,15,9.8
2017,February,18,16,9.12
2017,February,18,17,8.64
2017,February,18,18,8.66
2017,February,18,19,8.42
2017,February,18,20,7.77
2017,February,18,21,7.9
2017,February,18,22,7.93
2017,February,18,23,7.84
2017,February,19,0,7.5
2017,February,19,1,7.28
2017,February,19,2,7.15
2017,February,19,3,7.09
2017,February,19,4,7.03
2017,February,19,5,7.07
2017,February,19,6,6.79
2017,February,19,7,6.81
2017,February,19,8,7.26
2017,February,19,9,7.6
2017,February,19,10,7.71
2017,February,19,11,8.02
2017,February,19,12,8.36
2017,February,19,13,8.46
2017,February,19,14,8.53
2017,February,19,15,8.31
2017,February,19,16,8.09
2017,February,19,17,7.98
2017,February,19,18,8.04
2017,February,19,19,8.22
2017,February,19,20,8.24
2017,February,19,21,8.21
2017,February,19,22,8.27
2017,February,19,23,8.42
2017,February,20,0,8.41
2017,February,20,1,8.33
2017,February,20,2,8.4
2017,February,20,3,8.28
2017,February,20,4,8.33
2017,February,20,5,8.37
2017,February,20,6,8.4
2017,February,20,7,8.15
2017,February,20,8,8.59
2017,February,20,9,9.08
2017,February,20,10,9.03
2017,February,20,11,9.46
2017,February,20,12,9.51
2017,February,20,13,9.15
2017,February,20,14,9.25
2017,February,20,15,8.89
2017,February,20,16,8.97
2017,February,20,17,8.07
2017,February,20,18,6.95
2017,February,20,19,7.49
2017,February,20,20,7.54
2017,February,20,21,7.34
2017,February,20,22,7.39
2017,February,20,23,7.24
2017,February,21,0,7.35
2017,February,21,1,6.93
2017,February,21,2,6.22
2017,February,21,3,4.95
2017,February,21,4,6.2
2017,February,21,5,6
2017,February,21,6,5.63
2017,February,21,7,4.86
2017,February,21,8,5.52
2017,February,21,9,7.33
2017,February,21,10,8.78
2017,February,21,11,9.21
2017,February,21,12,9.27
2017,February,21,13,8.83
2017,February,21,14,9.34
2017,February,21,15,9.58
2017,February,21,16,9.5
2017,February,21,17,9.49
2017,February,21,18,9.41
2017,February,21,19,9.29
2017,February,21,20,9.54
2017,February,21,21,9.04
2017,February,21,22,9.08
2017,February,21,23,9.23
2017,February,22,0,9.2
2017,February,22,1,8.85
2017,February,22,2,7.29
2017,February,22,3,6.55
2017,February,22,4,6.45
2017,February,22,5,6.45
2017,February,22,6,6.47
2017,February,22,7,6.5
2017,February,22,8,6.93
2017,February,22,9,6.95
2017,February,22,10,8.06
2017,February,22,11,8.78
2017,February,22,12,9.23
2017,February,22,13,9.69
2017,February,22,14,9.33
2017,February,22,15,8.6
2017,February,22,16,7.86
2017,February,22,17,6.88
2017,February,22,18,6.44
2017,February,22,19,6.4
2017,February,22,20,6.38
2017,February,22,21,6.5
2017,February,22,22,6.3
2017,February,22,23,6.2
2017,February,23,0,5.82
2017,February,23,1,6.09
2017,February,23,2,6.87
2017,February,23,3,7.69
2017,February,23,4,8.02
2017,February,23,5,8.1
2017,February,23,6,7.33
2017,February,23,7,6.42
2017,February,23,8,5.06
2017,February,23,9,5.5
2017,February,23,10,6.27
2017,February,23,11,6.15
2017,February,23,12,4.98
2017,February,23,13,5.93
2017,February,23,14,9.07
2017,February,23,15,6.02
2017,February,23,16,5.33
2017,February,23,17,4.68
2017,February,23,18,3.64
2017,February,23,19,3.84
2017,February,23,20,3.78
2017,February,23,21,3.86
2017,February,23,22,4.22
2017,February,23,23,4.18
2017,February,24,0,4.1
2017,February,24,1,3.03
2017,February,24,2,2.97
2017,February,24,3,2.55
2017,February,24,4,3.27
2017,February,24,5,2.65
2017,February,24,6,2.64
2017,February,24,7,2.37
2017,February,24,8,4.48
2017,February,24,9,7.84
2017,February,24,10,8.31
2017,February,24,11,8.52
2017,February,24,12,13.14
2017,February,24,13,12.47
2017,February,24,14,10.09
2017,February,24,15,8.52
2017,February,24,16,7.28
2017,February,24,17,5.95
2017,February,24,18,5.2
2017,February,24,19,5.01
2017,February,24,20,5.08
2017,February,24,21,5.18
2017,February,24,22,4.68
2017,February,24,23,4.78
2017,February,25,0,4.61
2017,February,25,1,5.07
2017,February,25,2,5.38
2017,February,25,3,5.77
2017,February,25,4,6.08
2017,February,25,5,6.42
2017,February,25,6,6.96
2017,February,25,7,7.18
2017,February,25,8,6.85
2017,February,25,9,7.11
2017,February,25,10,7.31
2017,February,25,11,7.74
2017,February,25,12,8.2
2017,February,25,13,8.75
2017,February,25,14,8.56
2017,February,25,15,8.62
2017,February,25,16,8.7
2017,February,25,17,8.75
2017,February,25,18,8.7
2017,February,25,19,8.64
2017,February,25,20,8.53
2017,February,25,21,8.27
2017,February,25,22,7.65
2017,February,25,23,7.33
2017,February,26,0,6.76
2017,February,26,1,6.37
2017,February,26,2,6.54
2017,February,26,3,6.77
2017,February,26,4,6.81
2017,February,26,5,6.52
2017,February,26,6,6.34
2017,February,26,7,6.53
2017,February,26,8,7.05
2017,February,26,9,7.92
2017,February,26,10,8.61
2017,February,26,11,8.16
2017,February,26,12,8.39
2017,February,26,13,9.17
2017,February,26,14,9.22
2017,February,26,15,8.74
2017,February,26,16,9.14
2017,February,26,17,8.47
2017,February,26,18,7.2
2017,February,26,19,6.05
2017,February,26,20,5.23
2017,February,26,21,5.68
2017,February,26,22,5.55
2017,February,26,23,4.69
2017,February,27,0,4.5
2017,February,27,1,4.59
2017,February,27,2,3.96
2017,February,27,3,4.13
2017,February,27,4,3.23
2017,February,27,5,3.78
2017,February,27,6,3.93
2017,February,27,7,3.66
2017,February,27,8,4.68
2017,February,27,9,5.4
2017,February,27,10,5.85
2017,February,27,11,6.54
2017,February,27,12,6.96
2017,February,27,13,6.97
2017,February,27,14,6.53
2017,February,27,15,5.85
2017,February,27,16,4.93
2017,February,27,17,4.63
2017,February,27,18,2.91
2017,February,27,19,1.86
2017,February,27,20,1.8
2017,February,27,21,1.79
2017,February,27,22,0.1
2017,February,27,23,-1.36
2017,February,28,0,-0.89
2017,February,28,1,-1.28
2017,February,28,2,-0.59
2017,February,28,3,-0.57
2017,February,28,4,-0.31
2017,February,28,5,-0.44
2017,February,28,6,-0.16
2017,February,28,7,-0.03
2017,February,28,8,0.76
2017,February,28,9,2.58
2017,February,28,10,5.11
2017,February,28,11,8.63
2017,February,28,12,6.13
2017,February,28,13,5.04
2017,February,28,14,4.53
2017,February,28,15,5.21
2017,February,28,16,4.88
2017,February,28,17,4.69
2017,February,28,18,4.22
2017,February,28,19,3.91
2017,February,28,20,3.38
2017,February,28,21,1.82
2017,February,28,22,2.66
2017,February,28,23,1.98
2017,March,1,0,1.22
2017,March,1,1,-0.01
2017,March,1,2,1
2017,March,1,3,1.08
2017,March,1,4,1.24
2017,March,1,5,0.86
2017,March,1,6,0.52
2017,March,1,7,0.59
2017,March,1,8,3.84
2017,March,1,9,6.43
2017,March,1,10,6.38
2017,March,1,11,6.75
2017,March,1,12,8.42
2017,March,1,13,12.55
2017,March,1,14,12.42
2017,March,1,15,10.34
2017,March,1,16,7.48
2017,March,1,17,5.58
2017,March,1,18,4.13
2017,March,1,19,4.01
2017,March,1,20,2.67
2017,March,1,21,2.31
2017,March,1,22,3.72
2017,March,1,23,3.76
2017,March,2,0,3.39
2017,March,2,1,3.38
2017,March,2,2,3.71
2017,March,2,3,3.71
2017,March,2,4,3.69
2017,March,2,5,3.74
2017,March,2,6,3.85
2017,March,2,7,3.9
2017,March,2,8,6.43
2017,March,2,9,7.13
2017,March,2,10,9.36
2017,March,2,11,8.93
2017,March,2,12,9.37
2017,March,2,13,7.52
2017,March,2,14,7.73
2017,March,2,15,7.87
2017,March,2,16,6.77
2017,March,2,17,5.83
2017,March,2,18,5.12
2017,March,2,19,4.05
2017,March,2,20,4.24
2017,March,2,21,4.76
2017,March,2,22,5.22
2017,March,2,23,5.26
2017,March,3,0,5.25
2017,March,3,1,4.65
2017,March,3,2,4.75
2017,March,3,3,4.84
2017,March,3,4,4.53
2017,March,3,5,4.59
2017,March,3,6,4.79
2017,March,3,7,4.89
2017,March,3,8,6.1
2017,March,3,9,6.56
2017,March,3,10,7.13
2017,March,3,11,7.42
2017,March,3,12,7.02
2017,March,3,13,5.83
2017,March,3,14,5.77
2017,March,3,15,4.98
2017,March,3,16,4.64
2017,March,3,17,4.38
2017,March,3,18,4.6
2017,March,3,19,4.91
2017,March,3,20,5.13
2017,March,3,21,5.13
2017,March,3,22,5.65
2017,March,3,23,6.33
2017,March,4,0,6.26
2017,March,4,1,6.73
2017,March,4,2,6.87
2017,March,4,3,6.82
2017,March,4,4,7.18
2017,March,4,5,6.04
2017,March,4,6,5.21
2017,March,4,7,5.26
2017,March,4,8,6.51
2017,March,4,9,9.24
2017,March,4,10,9.21
2017,March,4,11,12.52
2017,March,4,12,13.71
2017,March,4,13,12.72
2017,March,4,14,11.69
2017,March,4,15,10.72
2017,March,4,16,8.36
2017,March,4,17,7.42
2017,March,4,18,5.72
2017,March,4,19,5.43
2017,March,4,20,5.48
2017,March,4,21,5.08
2017,March,4,22,5.03
2017,March,4,23,5.3
2017,March,5,0,5.22
2017,March,5,1,5.05
2017,March,5,2,4.96
2017,March,5,3,4.78
2017,March,5,4,4.75
2017,March,5,5,4.49
2017,March,5,6,3.16
2017,March,5,7,3.56
2017,March,5,8,6.32
2017,March,5,9,6.64
2017,March,5,10,8.58
2017,March,5,11,7.59
2017,March,5,12,7.56
2017,March,5,13,7.61
2017,March,5,14,7.7
2017,March,5,15,7.26
2017,March,5,16,7.47
2017,March,5,17,6.52
2017,March,5,18,6.25
2017,March,5,19,5.59
2017,March,5,20,4.87
2017,March,5,21,5.28
2017,March,5,22,5.14
2017,March,5,23,4.75
2017,March,6,0,5.18
2017,March,6,1,5.21
2017,March,6,2,4.15
2017,March,6,3,4.74
2017,March,6,4,4.31
2017,March,6,5,3.89
2017,March,6,6,2.1
2017,March,6,7,2.81
2017,March,6,8,7.27
2017,March,6,9,11.99
2017,March,6,10,12.5
2017,March,6,11,11
2017,March,6,12,12.4
2017,March,6,13,15.63
2017,March,6,14,14.02
2017,March,6,15,12.39
2017,March,6,16,9.13
2017,March,6,17,6.55
2017,March,6,18,5.19
2017,March,6,19,3.59
2017,March,6,20,3.11
2017,March,6,21,5.27
2017,March,6,22,5.62
2017,March,6,23,5.19
2017,March,7,0,5.03
2017,March,7,1,4.46
2017,March,7,2,3.7
2017,March,7,3,4.81
2017,March,7,4,4.85
2017,March,7,5,3.94
2017,March,7,6,3.44
2017,March,7,7,3.47
2017,March,7,8,8.21
2017,March,7,9,8.35
2017,March,7,10,10.92
2017,March,7,11,10.67
2017,March,7,12,11.75
2017,March,7,13,12.43
2017,March,7,14,10.77
2017,March,7,15,9.99
2017,March,7,16,8.65
2017,March,7,17,7.29
2017,March,7,18,7.01
2017,March,7,19,7.02
2017,March,7,20,6.83
2017,March,7,21,6.4
2017,March,7,22,5.65
2017,March,7,23,5.85
2017,March,8,0,6.37
2017,March,8,1,6.8
2017,March,8,2,7.34
2017,March,8,3,8.35
2017,March,8,4,7.86
2017,March,8,5,7.12
2017,March,8,6,6.38
2017,March,8,7,6.34
2017,March,8,8,8.06
2017,March,8,9,9.39
2017,March,8,10,9.86
2017,March,8,11,12.17
2017,March,8,12,12.1
2017,March,8,13,13.16
2017,March,8,14,16.15
2017,March,8,15,13.7
2017,March,8,16,11
2017,March,8,17,9.2
2017,March,8,18,7.12
2017,March,8,19,6.29
2017,March,8,20,6.88
2017,March,8,21,5.85
2017,March,8,22,5.2
2017,March,8,23,5.14
2017,March,9,0,5.78
2017,March,9,1,6.25
2017,March,9,2,7.16
2017,March,9,3,7.45
2017,March,9,4,7.54
2017,March,9,5,7.66
2017,March,9,6,7.07
2017,March,9,7,7.06
2017,March,9,8,7.82
2017,March,9,9,8.73
2017,March,9,10,12.2
2017,March,9,11,15.18
2017,March,9,12,15.99
2017,March,9,13,16
2017,March,9,14,14.94
2017,March,9,15,13.35
2017,March,9,16,10.51
2017,March,9,17,7.87
2017,March,9,18,6.22
2017,March,9,19,5.45
2017,March,9,20,5.29
2017,March,9,21,5.06
2017,March,9,22,4.65
2017,March,9,23,4.18
2017,March,10,0,4.48
2017,March,10,1,5.09
2017,March,10,2,5.37
2017,March,10,3,5.57
2017,March,10,4,6.74
2017,March,10,5,7.4
2017,March,10,6,7.06
2017,March,10,7,6.34
2017,March,10,8,7.04
2017,March,10,9,7.84
2017,March,10,10,10.23
2017,March,10,11,11.47
2017,March,10,12,12.43
2017,March,10,13,10.88
2017,March,10,14,11.15
2017,March,10,15,10.88
2017,March,10,16,10.52
2017,March,10,17,9.8
2017,March,10,18,8.26
2017,March,10,19,9.23
2017,March,10,20,9.44
2017,March,10,21,9.73
2017,March,10,22,9.69
2017,March,10,23,9.68
2017,March,11,0,9.19
2017,March,11,1,9.04
2017,March,11,2,8.67
2017,March,11,3,8.17
2017,March,11,4,8.18
2017,March,11,5,7.9
2017,March,11,6,8.37
2017,March,11,7,8.68
2017,March,11,8,8.87
2017,March,11,9,9.44
2017,March,11,10,10.17
2017,March,11,11,10.91
2017,March,11,12,11.17
2017,March,11,13,11.13
2017,March,11,14,10.82
2017,March,11,15,10.57
2017,March,11,16,10.89
2017,March,11,17,10.58
2017,March,11,18,10.04
2017,March,11,19,10.01
2017,March,11,20,10.09
2017,March,11,21,10.03
2017,March,11,22,9.52
2017,March,11,23,9.41
2017,March,12,0,9.4
2017,March,12,1,9.37
2017,March,12,2,9.45
2017,March,12,3,9.21
2017,March,12,4,8.92
2017,March,12,5,8.59
2017,March,12,6,8.35
2017,March,12,7,8.2
2017,March,12,8,8.92
2017,March,12,9,10.86
2017,March,12,10,12.39
2017,March,12,11,12.91
2017,March,12,12,11.36
2017,March,12,13,11.14
2017,March,12,14,9.73
2017,March,12,15,8.89
2017,March,12,16,9.24
2017,March,12,17,9.08
2017,March,12,18,7.16
2017,March,12,19,6.31
2017,March,12,20,5.55
2017,March,12,21,4.87
2017,March,12,22,4.51
2017,March,12,23,3.52
2017,March,13,0,2.71
2017,March,13,1,2.17
2017,March,13,2,1.95
2017,March,13,3,2.15
2017,March,13,4,2.34
2017,March,13,5,2.67
2017,March,13,6,4.47
2017,March,13,7,5.95
2017,March,13,8,6.49
2017,March,13,9,7.21
2017,March,13,10,8.51
2017,March,13,11,10.69
2017,March,13,12,12.76
2017,March,13,13,15.21
2017,March,13,14,13.57
2017,March,13,15,12.31
2017,March,13,16,11.12
2017,March,13,17,9.86
2017,March,13,18,8.84
2017,March,13,19,8.57
2017,March,13,20,8.08
2017,March,13,21,7.83
2017,March,13,22,8.26
2017,March,13,23,8.76
2017,March,14,0,8.84
2017,March,14,1,8.92
2017,March,14,2,9.12
2017,March,14,3,9.18
2017,March,14,4,9.42
2017,March,14,5,9.42
2017,March,14,6,9.52
2017,March,14,7,9.72
2017,March,14,8,9.94
2017,March,14,9,10.46
2017,March,14,10,11.64
2017,March,14,11,14.85
2017,March,14,12,15.81
2017,March,14,13,17.24
2017,March,14,14,16.95
2017,March,14,15,14.65
2017,March,14,16,12.44
2017,March,14,17,10.87
2017,March,14,18,9.23
2017,March,14,19,8.52
2017,March,14,20,8.44
2017,March,14,21,7.4
2017,March,14,22,7.28
2017,March,14,23,7.1
2017,March,15,0,6.52
2017,March,15,1,5.57
2017,March,15,2,5.44
2017,March,15,3,4.04
2017,March,15,4,3.43
2017,March,15,5,2.98
2017,March,15,6,2.83
2017,March,15,7,4.5
2017,March,15,8,6.98
2017,March,15,9,10.13
2017,March,15,10,13.26
2017,March,15,11,15.57
2017,March,15,12,19.08
2017,March,15,13,16.84
2017,March,15,14,16.53
2017,March,15,15,16.08
2017,March,15,16,13.67
2017,March,15,17,11.73
2017,March,15,18,7.83
2017,March,15,19,6.49
2017,March,15,20,5.9
2017,March,15,21,4.64
2017,March,15,22,5.29
2017,March,15,23,6.86
2017,March,16,0,7.31
2017,March,16,1,7.33
2017,March,16,2,7.27
2017,March,16,3,7.48
2017,March,16,4,7.47
2017,March,16,5,7.36
2017,March,16,6,7.19
2017,March,16,7,7.12
2017,March,16,8,7.43
2017,March,16,9,8.01
2017,March,16,10,8.75
2017,March,16,11,8.85
2017,March,16,12,12.72
2017,March,16,13,15.12
2017,March,16,14,11.31
2017,March,16,15,11.45
2017,March,16,16,8.03
2017,March,16,17,6.55
2017,March,16,18,6.85
2017,March,16,19,5.49
2017,March,16,20,4.57
2017,March,16,21,4.41
2017,March,16,22,4.48
2017,March,16,23,4.37
2017,March,17,0,4.65
2017,March,17,1,5.02
2017,March,17,2,5
2017,March,17,3,4.98
2017,March,17,4,5.58
2017,March,17,5,4.86
2017,March,17,6,4.98
2017,March,17,7,5.45
2017,March,17,8,6.01
2017,March,17,9,6.45
2017,March,17,10,6.92
2017,March,17,11,7.27
2017,March,17,12,7.69
2017,March,17,13,7.26
2017,March,17,14,6.84
2017,March,17,15,6.93
2017,March,17,16,7.09
2017,March,17,17,7.34
2017,March,17,18,7.74
2017,March,17,19,8.13
2017,March,17,20,8.46
2017,March,17,21,8.76
2017,March,17,22,8.81
2017,March,17,23,8.86
2017,March,18,0,8.79
2017,March,18,1,8.75
2017,March,18,2,8.69
2017,March,18,3,8.61
2017,March,18,4,8.64
2017,March,18,5,8.62
2017,March,18,6,8.61
2017,March,18,7,8.75
2017,March,18,8,9.07
2017,March,18,9,9.73
2017,March,18,10,10.16
2017,March,18,11,9.42
2017,March,18,12,9.55
2017,March,18,13,10.13
2017,March,18,14,9.97
2017,March,18,15,9.11
2017,March,18,16,9.72
2017,March,18,17,9.05
2017,March,18,18,8.9
2017,March,18,19,9.29
2017,March,18,20,9.3
2017,March,18,21,9.28
2017,March,18,22,9.52
2017,March,18,23,9.72
2017,March,19,0,9.58
2017,March,19,1,9.36
2017,March,19,2,9.18
2017,March,19,3,8.97
2017,March,19,4,8.94
2017,March,19,5,8.84
2017,March,19,6,8.8
2017,March,19,7,8.96
2017,March,19,8,9.37
2017,March,19,9,9.93
2017,March,19,10,9.95
2017,March,19,11,10.43
2017,March,19,12,10.83
2017,March,19,13,11.62
2017,March,19,14,10.6
2017,March,19,15,10.17
2017,March,19,16,11.13
2017,March,19,17,10.26
2017,March,19,18,8.86
2017,March,19,19,8.58
2017,March,19,20,8.36
2017,March,19,21,8.24
2017,March,19,22,8.57
2017,March,19,23,8.62
2017,March,20,0,8.88
2017,March,20,1,8.78
2017,March,20,2,8.71
2017,March,20,3,8.87
2017,March,20,4,8.73
2017,March,20,5,8.66
2017,March,20,6,8.39
2017,March,20,7,8.45
2017,March,20,8,8.26
2017,March,20,9,8.22
2017,March,20,10,9.01
2017,March,20,11,8.79
2017,March,20,12,10.32
2017,March,20,13,11.58
2017,March,20,14,12.62
2017,March,20,15,12.46
2017,March,20,16,10.29
2017,March,20,17,8
2017,March,20,18,6.26
2017,March,20,19,5.66
2017,March,20,20,4.9
2017,March,20,21,4.46
2017,March,20,22,4.68
2017,March,20,23,3.8
2017,March,21,0,3.94
2017,March,21,1,4.04
2017,March,21,2,3.81
2017,March,21,3,3.6
2017,March,21,4,3.44
2017,March,21,5,3.71
2017,March,21,6,3.85
2017,March,21,7,4.11
2017,March,21,8,5.31
2017,March,21,9,7.1
2017,March,21,10,7.59
2017,March,21,11,9.81
2017,March,21,12,8.82
2017,March,21,13,12.17
2017,March,21,14,11.68
2017,March,21,15,10.55
2017,March,21,16,8.83
2017,March,21,17,5.25
2017,March,21,18,2.89
2017,March,21,19,2.89
2017,March,21,20,2.31
2017,March,21,21,2.03
2017,March,21,22,2.37
2017,March,21,23,3
2017,March,22,0,3.11
2017,March,22,1,2.44
2017,March,22,2,1.68
2017,March,22,3,1.99
2017,March,22,4,2.19
2017,March,22,5,2.56
2017,March,22,6,3.01
2017,March,22,7,3.51
2017,March,22,8,4.11
2017,March,22,9,4.22
2017,March,22,10,4.41
2017,March,22,11,4.97
2017,March,22,12,5.49
2017,March,22,13,6.68
2017,March,22,14,5.77
2017,March,22,15,6.45
2017,March,22,16,5.27
2017,March,22,17,4.12
2017,March,22,18,3.75
2017,March,22,19,3.88
2017,March,22,20,3.98
2017,March,22,21,3.85
2017,March,22,22,4.05
2017,March,22,23,4.17
2017,March,23,0,4.54
2017,March,23,1,4.66
2017,March,23,2,4.04
2017,March,23,3,2.7
2017,March,23,4,3.46
2017,March,23,5,2.4
2017,March,23,6,3.65
2017,March,23,7,5.57
2017,March,23,8,8.25
2017,March,23,9,10.46
2017,March,23,10,13.17
2017,March,23,11,15.09
2017,March,23,12,16.61
2017,March,23,13,16.25
2017,March,23,14,15.27
2017,March,23,15,12.78
2017,March,23,16,10.61
2017,March,23,17,9.05
2017,March,23,18,6.75
2017,March,23,19,5.15
2017,March,23,20,4.23
2017,March,23,21,3.56
2017,March,23,22,3.01
2017,March,23,23,3.22
2017,March,24,0,3.13
2017,March,24,1,2.45
2017,March,24,2,1.81
2017,March,24,3,1.81
2017,March,24,4,2.62
2017,March,24,5,2.78
2017,March,24,6,2.91
2017,March,24,7,6.2
2017,March,24,8,8.42
2017,March,24,9,15.29
2017,March,24,10,16.42
2017,March,24,11,17.98
2017,March,24,12,20.06
2017,March,24,13,20.22
2017,March,24,14,19.3
2017,March,24,15,17.44
2017,March,24,16,14.17
2017,March,24,17,12.4
2017,March,24,18,8.23
2017,March,24,19,6.58
2017,March,24,20,6.16
2017,March,24,21,5.03
2017,March,24,22,4.46
2017,March,24,23,1.6
2017,March,25,0,1.1
2017,March,25,1,0.52
2017,March,25,2,-0.63
2017,March,25,3,-0.84
2017,March,25,4,-0.82
2017,March,25,5,-1.08
2017,March,25,6,-0.62
2017,March,25,7,3.72
2017,March,25,8,12.64
2017,March,25,9,17.35
2017,March,25,10,17.97
2017,March,25,11,22
2017,March,25,12,22.95
2017,March,25,13,22.11
2017,March,25,14,21.54
2017,March,25,15,20.16
2017,March,25,16,16.62
2017,March,25,17,14.02
2017,March,25,18,8.32
2017,March,25,19,6.14
2017,March,25,20,6.87
2017,March,25,21,5.69
2017,March,25,22,5.17
2017,March,25,23,3.92
2017,March,26,0,3.2
2017,March,26,1,3.19
2017,March,26,2,2.8
2017,March,26,3,1.89
2017,March,26,4,2.08
2017,March,26,5,2.26
2017,March,26,6,2.1
2017,March,26,7,6.06
2017,March,26,8,11.17
2017,March,26,9,18.96
2017,March,26,10,17.43
2017,March,26,11,20.9
2017,March,26,12,22.18
2017,March,26,13,20.63
2017,March,26,14,19.72
2017,March,26,15,17.16
2017,March,26,16,14.66
2017,March,26,17,12.19
2017,March,26,18,9.83
2017,March,26,19,8.61
2017,March,26,20,7.68
2017,March,26,21,6.95
2017,March,26,22,6.24
2017,March,26,23,5.71
2017,March,27,0,5.47
2017,March,27,1,5.42
2017,March,27,2,4.91
2017,March,27,3,4.44
2017,March,27,4,4.42
2017,March,27,5,2.97
2017,March,27,6,3.22
2017,March,27,7,7.44
2017,March,27,8,11.73
2017,March,27,9,14.27
2017,March,27,10,13.19
2017,March,27,11,16.02
2017,March,27,12,17.37
2017,March,27,13,18.96
2017,March,27,14,17.98
2017,March,27,15,16.24
2017,March,27,16,13.28
2017,March,27,17,10.49
2017,March,27,18,8.23
2017,March,27,19,7.27
2017,March,27,20,6.65
2017,March,27,21,6.42
2017,March,27,22,5.93
2017,March,27,23,5.7
2017,March,28,0,5.28
2017,March,28,1,5.25
2017,March,28,2,4.59
2017,March,28,3,4.62
2017,March,28,4,3.35
2017,March,28,5,2.7
2017,March,28,6,2.98
2017,March,28,7,6.9
2017,March,28,8,11.54
2017,March,28,9,17.27
2017,March,28,10,18.65
2017,March,28,11,19.58
2017,March,28,12,18.43
2017,March,28,13,16.19
2017,March,28,14,11.99
2017,March,28,15,12.98
2017,March,28,16,13.25
2017,March,28,17,11.07
2017,March,28,18,9.31
2017,March,28,19,9.12
2017,March,28,20,8.99
2017,March,28,21,9.22
2017,March,28,22,8.87
2017,March,28,23,9.06
2017,March,29,0,8.96
2017,March,29,1,8.78
2017,March,29,2,8.63
2017,March,29,3,8.64
2017,March,29,4,8.86
2017,March,29,5,9.12
2017,March,29,6,9.42
2017,March,29,7,9.89
2017,March,29,8,10.49
2017,March,29,9,11.56
2017,March,29,10,12.03
2017,March,29,11,11.93
2017,March,29,12,12.14
2017,March,29,13,12.52
2017,March,29,14,12.64
2017,March,29,15,12.43
2017,March,29,16,12.3
2017,March,29,17,12.45
2017,March,29,18,12.18
2017,March,29,19,11.9
2017,March,29,20,11.83
2017,March,29,21,11.79
2017,March,29,22,11.74
2017,March,29,23,11.64
2017,March,30,0,11.54
2017,March,30,1,11.43
2017,March,30,2,11.41
2017,March,30,3,11.53
2017,March,30,4,11.55
2017,March,30,5,11.35
2017,March,30,6,11.29
2017,March,30,7,11.54
2017,March,30,8,11.88
2017,March,30,9,13.19
2017,March,30,10,14.56
2017,March,30,11,13.86
2017,March,30,12,13.52
2017,March,30,13,13.67
2017,March,30,14,13.08
2017,March,30,15,13.03
2017,March,30,16,13.26
2017,March,30,17,12.9
2017,March,30,18,12.32
2017,March,30,19,12.3
2017,March,30,20,12.8
2017,March,30,21,11.44
2017,March,30,22,10.61
2017,March,30,23,10.63
2017,March,31,0,11.15
2017,March,31,1,11.67
2017,March,31,2,11.21
2017,March,31,3,11.43
2017,March,31,4,11.87
2017,March,31,5,11.6
2017,March,31,6,11.69
2017,March,31,7,11.72
2017,March,31,8,11.89
2017,March,31,9,16.29
2017,March,31,10,13.69
2017,March,31,11,15.17
2017,March,31,12,15.73
2017,March,31,13,18.84
2017,March,31,14,19.25
2017,March,31,15,16.13
2017,March,31,16,14.89
2017,March,31,17,13.34
2017,March,31,18,12.01
2017,March,31,19,10.61
2017,March,31,20,10.43
2017,March,31,21,10.41
2017,March,31,22,10.19
2017,March,31,23,9.52
2017,April,1,0,9.53
2017,April,1,1,9.77
2017,April,1,2,9.73
2017,April,1,3,9.55
2017,April,1,4,9.21
2017,April,1,5,8.78
2017,April,1,6,9.42
2017,April,1,7,10.03
2017,April,1,8,11.29
2017,April,1,9,11.44
2017,April,1,10,11.32
2017,April,1,11,14.99
2017,April,1,12,15.72
2017,April,1,13,16.01
2017,April,1,14,17.23
2017,April,1,15,14.91
2017,April,1,16,12.88
2017,April,1,17,11.32
2017,April,1,18,10.34
2017,April,1,19,9.46
2017,April,1,20,8.45
2017,April,1,21,7.8
2017,April,1,22,7.76
2017,April,1,23,7.31
2017,April,2,0,7
2017,April,2,1,6.92
2017,April,2,2,6.7
2017,April,2,3,5.36
2017,April,2,4,3.61
2017,April,2,5,2.94
2017,April,2,6,2.95
2017,April,2,7,9.92
2017,April,2,8,13.37
2017,April,2,9,16.46
2017,April,2,10,17.34
2017,April,2,11,21.89
2017,April,2,12,20.46
2017,April,2,13,20.45
2017,April,2,14,19.71
2017,April,2,15,18.51
2017,April,2,16,15.12
2017,April,2,17,12.45
2017,April,2,18,7.86
2017,April,2,19,4.55
2017,April,2,20,4.07
2017,April,2,21,4.09
2017,April,2,22,3.72
2017,April,2,23,3.46
2017,April,3,0,4.43
2017,April,3,1,5.27
2017,April,3,2,5.51
2017,April,3,3,5.3
2017,April,3,4,5.25
2017,April,3,5,5.41
2017,April,3,6,6.08
2017,April,3,7,9.15
2017,April,3,8,12.22
2017,April,3,9,14.62
2017,April,3,10,16.17
2017,April,3,11,17.8
2017,April,3,12,19.38
2017,April,3,13,17.01
2017,April,3,14,16.77
2017,April,3,15,15.76
2017,April,3,16,13.96
2017,April,3,17,12.16
2017,April,3,18,10.76
2017,April,3,19,9.1
2017,April,3,20,9.33
2017,April,3,21,9.95
2017,April,3,22,9.63
2017,April,3,23,10.08
2017,April,4,0,10.1
2017,April,4,1,9.52
2017,April,4,2,9.07
2017,April,4,3,9.24
2017,April,4,4,9.38
2017,April,4,5,8.99
2017,April,4,6,9.04
2017,April,4,7,9.34
2017,April,4,8,9.81
2017,April,4,9,10.64
2017,April,4,10,12.09
2017,April,4,11,19.27
2017,April,4,12,17.55
2017,April,4,13,17.49
2017,April,4,14,17.14
2017,April,4,15,15.16
2017,April,4,16,12.97
2017,April,4,17,11.19
2017,April,4,18,9.65
2017,April,4,19,8.27
2017,April,4,20,7.41
2017,April,4,21,7.39
2017,April,4,22,7.18
2017,April,4,23,6.82
2017,April,5,0,6.86
2017,April,5,1,7.54
2017,April,5,2,7.87
2017,April,5,3,7.48
2017,April,5,4,7.38
2017,April,5,5,7.3
2017,April,5,6,7.94
2017,April,5,7,8.79
2017,April,5,8,10.57
2017,April,5,9,10.5
2017,April,5,10,12.92
2017,April,5,11,16.72
2017,April,5,12,17.04
2017,April,5,13,15.4
2017,April,5,14,14.37
2017,April,5,15,13.79
2017,April,5,16,12.71
2017,April,5,17,11.17
2017,April,5,18,9.38
2017,April,5,19,8.14
2017,April,5,20,7.91
2017,April,5,21,6.97
2017,April,5,22,4.55
2017,April,5,23,3.26
2017,April,6,0,2.89
2017,April,6,1,2.31
2017,April,6,2,2.12
2017,April,6,3,2
2017,April,6,4,1.73
2017,April,6,5,1.32
2017,April,6,6,3.07
2017,April,6,7,9.66
2017,April,6,8,9.87
2017,April,6,9,10.32
2017,April,6,10,10.47
2017,April,6,11,11.05
2017,April,6,12,11.92
2017,April,6,13,11.58
2017,April,6,14,12.54
2017,April,6,15,11.38
2017,April,6,16,10.41
2017,April,6,17,9.42
2017,April,6,18,8.78
2017,April,6,19,8.45
2017,April,6,20,8.37
2017,April,6,21,8.34
2017,April,6,22,8.32
2017,April,6,23,8.31
2017,April,7,0,8.32
2017,April,7,1,8.22
2017,April,7,2,8.12
2017,April,7,3,8
2017,April,7,4,7.84
2017,April,7,5,7.84
2017,April,7,6,7.98
2017,April,7,7,8.38
2017,April,7,8,9.09
2017,April,7,9,10.05
2017,April,7,10,11.25
2017,April,7,11,12.7
2017,April,7,12,13.96
2017,April,7,13,12.99
2017,April,7,14,12.56
2017,April,7,15,13.4
2017,April,7,16,12.82
2017,April,7,17,11.1
2017,April,7,18,8.84
2017,April,7,19,4.66
2017,April,7,20,2.39
2017,April,7,21,2.22
2017,April,7,22,1.96
2017,April,7,23,1.64
2017,April,8,0,1.82
2017,April,8,1,0.99
2017,April,8,2,1.36
2017,April,8,3,1.16
2017,April,8,4,0.9
2017,April,8,5,1.17
2017,April,8,6,2.41
2017,April,8,7,9.12
2017,April,8,8,14.37
2017,April,8,9,19.14
2017,April,8,10,20.72
2017,April,8,11,24.34
2017,April,8,12,26.16
2017,April,8,13,26.27
2017,April,8,14,23.48
2017,April,8,15,23.06
2017,April,8,16,20.43
2017,April,8,17,16.75
2017,April,8,18,13.39
2017,April,8,19,10.55
2017,April,8,20,11.09
2017,April,8,21,10.41
2017,April,8,22,10.76
2017,April,8,23,11.89
2017,April,9,0,10.94
2017,April,9,1,9.95
2017,April,9,2,9.62
2017,April,9,3,9.16
2017,April,9,4,8.68
2017,April,9,5,8.24
2017,April,9,6,9.98
2017,April,9,7,14.45
2017,April,9,8,17.63
2017,April,9,9,20.28
2017,April,9,10,21.52
2017,April,9,11,22.1
2017,April,9,12,17.94
2017,April,9,13,16.47
2017,April,9,14,16.08
2017,April,9,15,13.92
2017,April,9,16,12.62
2017,April,9,17,12.08
2017,April,9,18,10.7
2017,April,9,19,10.22
2017,April,9,20,9.35
2017,April,9,21,8.19
2017,April,9,22,7.15
2017,April,9,23,6.57
2017,April,10,0,6.21
2017,April,10,1,7.1
2017,April,10,2,7.23
2017,April,10,3,7.22
2017,April,10,4,6.4
2017,April,10,5,6.72
2017,April,10,6,7.92
2017,April,10,7,7.5
2017,April,10,8,8.02
2017,April,10,9,9.73
2017,April,10,10,9.74
2017,April,10,11,12.27
2017,April,10,12,15.71
2017,April,10,13,18.78
2017,April,10,14,16.41
2017,April,10,15,15.26
2017,April,10,16,13.14
2017,April,10,17,11
2017,April,10,18,9.21
2017,April,10,19,8.07
2017,April,10,20,7.96
2017,April,10,21,7.46
2017,April,10,22,6.9
2017,April,10,23,6.81
2017,April,11,0,6.32
2017,April,11,1,5.72
2017,April,11,2,5.61
2017,April,11,3,6.56
2017,April,11,4,6.35
2017,April,11,5,6.81
2017,April,11,6,7.81
2017,April,11,7,9.39
2017,April,11,8,10.65
2017,April,11,9,13.94
2017,April,11,10,15.93
2017,April,11,11,14.51
2017,April,11,12,14.65
2017,April,11,13,13.26
2017,April,11,14,15.72
2017,April,11,15,12.34
2017,April,11,16,11.05
2017,April,11,17,10.67
2017,April,11,18,9.85
2017,April,11,19,9.41
2017,April,11,20,8.78
2017,April,11,21,8.79
2017,April,11,22,8.83
2017,April,11,23,8.59
2017,April,12,0,8.4
2017,April,12,1,8.5
2017,April,12,2,8.43
2017,April,12,3,8.37
2017,April,12,4,8.42
2017,April,12,5,8.46
2017,April,12,6,8.66
2017,April,12,7,8.43
2017,April,12,8,8.35
2017,April,12,9,8.9
2017,April,12,10,9.73
2017,April,12,11,9.84
2017,April,12,12,11
2017,April,12,13,14.99
2017,April,12,14,15.61
2017,April,12,15,14.91
2017,April,12,16,12.79
2017,April,12,17,10.81
2017,April,12,18,9.06
2017,April,12,19,7.54
2017,April,12,20,6.98
2017,April,12,21,6.68
2017,April,12,22,6.51
2017,April,12,23,6.28
2017,April,13,0,6.7
2017,April,13,1,6.42
2017,April,13,2,6.59
2017,April,13,3,6.39
2017,April,13,4,5.79
2017,April,13,5,6.21
2017,April,13,6,6.38
2017,April,13,7,6.49
2017,April,13,8,8.05
2017,April,13,9,9.6
2017,April,13,10,10.28
2017,April,13,11,10.5
2017,April,13,12,15.95
2017,April,13,13,11.98
2017,April,13,14,13.73
2017,April,13,15,11.32
2017,April,13,16,10.56
2017,April,13,17,9.32
2017,April,13,18,8.72
2017,April,13,19,8.36
2017,April,13,20,8.2
2017,April,13,21,8.13
2017,April,13,22,8.14
2017,April,13,23,8.16
2017,April,14,0,8.16
2017,April,14,1,8.27
2017,April,14,2,8.15
2017,April,14,3,8.18
2017,April,14,4,8.27
2017,April,14,5,8.13
2017,April,14,6,8.39
2017,April,14,7,8.72
2017,April,14,8,9.35
2017,April,14,9,9.53
2017,April,14,10,11.68
2017,April,14,11,11.15
2017,April,14,12,11.48
2017,April,14,13,10.73
2017,April,14,14,9.69
2017,April,14,15,9.15
2017,April,14,16,8.56
2017,April,14,17,8.53
2017,April,14,18,8.4
2017,April,14,19,7.96
2017,April,14,20,7.56
2017,April,14,21,6.71
2017,April,14,22,6.51
2017,April,14,23,6.6
2017,April,15,0,6.69
2017,April,15,1,5.97
2017,April,15,2,5.8
2017,April,15,3,5.45
2017,April,15,4,5.31
2017,April,15,5,5.45
2017,April,15,6,6.09
2017,April,15,7,7.47
2017,April,15,8,7.94
2017,April,15,9,11.58
2017,April,15,10,12.16
2017,April,15,11,11.35
2017,April,15,12,15.42
2017,April,15,13,14.89
2017,April,15,14,14.23
2017,April,15,15,11.31
2017,April,15,16,11.77
2017,April,15,17,9.94
2017,April,15,18,8.05
2017,April,15,19,6.97
2017,April,15,20,6.45
2017,April,15,21,6.12
2017,April,15,22,5.77
2017,April,15,23,5.57
2017,April,16,0,6.27
2017,April,16,1,6.55
2017,April,16,2,6.54
2017,April,16,3,6.47
2017,April,16,4,6.28
2017,April,16,5,6.33
2017,April,16,6,7.59
2017,April,16,7,7.21
2017,April,16,8,7.89
2017,April,16,9,8.52
2017,April,16,10,8.59
2017,April,16,11,8.29
2017,April,16,12,8.58
2017,April,16,13,9.12
2017,April,16,14,10.03
2017,April,16,15,9.73
2017,April,16,16,9.37
2017,April,16,17,9.44
2017,April,16,18,9.03
2017,April,16,19,8.11
2017,April,16,20,7.95
2017,April,16,21,7.69
2017,April,16,22,7.71
2017,April,16,23,7.08
2017,April,17,0,6.27
2017,April,17,1,5.96
2017,April,17,2,5.68
2017,April,17,3,4.94
2017,April,17,4,5.21
2017,April,17,5,5.32
2017,April,17,6,6.48
2017,April,17,7,8.05
2017,April,17,8,10.01
2017,April,17,9,10.78
2017,April,17,10,12.1
2017,April,17,11,12.34
2017,April,17,12,13.62
2017,April,17,13,14.85
2017,April,17,14,16.63
2017,April,17,15,13.68
2017,April,17,16,11.71
2017,April,17,17,10.25
2017,April,17,18,10.37
2017,April,17,19,7.89
2017,April,17,20,7.31
2017,April,17,21,6.49
2017,April,17,22,5.75
2017,April,17,23,4.21
2017,April,18,0,2.37
2017,April,18,1,1.26
2017,April,18,2,0
2017,April,18,3,-0.66
2017,April,18,4,-1.01
2017,April,18,5,-1.26
2017,April,18,6,2.5
2017,April,18,7,8.28
2017,April,18,8,11.83
2017,April,18,9,15.46
2017,April,18,10,17.15
2017,April,18,11,19.85
2017,April,18,12,20.57
2017,April,18,13,21.39
2017,April,18,14,18.67
2017,April,18,15,17.3
2017,April,18,16,12.29
2017,April,18,17,11.69
2017,April,18,18,10.78
2017,April,18,19,7.43
2017,April,18,20,5.88
2017,April,18,21,6.12
2017,April,18,22,5.38
2017,April,18,23,6.5
2017,April,19,0,6.42
2017,April,19,1,6.16
2017,April,19,2,5.79
2017,April,19,3,5.86
2017,April,19,4,5.81
2017,April,19,5,6.1
2017,April,19,6,6.76
2017,April,19,7,8.03
2017,April,19,8,8.53
2017,April,19,9,10.11
2017,April,19,10,12.83
2017,April,19,11,13.17
2017,April,19,12,15.66
2017,April,19,13,15.28
2017,April,19,14,13.66
2017,April,19,15,11.66
2017,April,19,16,11.81
2017,April,19,17,10.44
2017,April,19,18,9.81
2017,April,19,19,9.57
2017,April,19,20,9.44
2017,April,19,21,9.42
2017,April,19,22,9.14
2017,April,19,23,8.96
2017,April,20,0,8.96
2017,April,20,1,9.09
2017,April,20,2,9.18
2017,April,20,3,9.28
2017,April,20,4,9.32
2017,April,20,5,9.37
2017,April,20,6,9.88
2017,April,20,7,11.38
2017,April,20,8,12.16
2017,April,20,9,14.05
2017,April,20,10,14.88
2017,April,20,11,15.04
2017,April,20,12,14.58
2017,April,20,13,16.25
2017,April,20,14,15.78
2017,April,20,15,13.87
2017,April,20,16,12.78
2017,April,20,17,12.32
2017,April,20,18,11.19
2017,April,20,19,10.63
2017,April,20,20,10.28
2017,April,20,21,9.4
2017,April,20,22,9.57
2017,April,20,23,9.67
2017,April,21,0,9.62
2017,April,21,1,9.53
2017,April,21,2,9.48
2017,April,21,3,9.53
2017,April,21,4,9.49
2017,April,21,5,9.5
2017,April,21,6,10.2
2017,April,21,7,10.7
2017,April,21,8,13.3
2017,April,21,9,10.87
2017,April,21,10,11.7
2017,April,21,11,15.91
2017,April,21,12,16.3
2017,April,21,13,12.58
2017,April,21,14,15.08
2017,April,21,15,14.22
2017,April,21,16,13.1
2017,April,21,17,11.74
2017,April,21,18,11.05
2017,April,21,19,9.75
2017,April,21,20,8.55
2017,April,21,21,8.12
2017,April,21,22,7.36
2017,April,21,23,5.6
2017,April,22,0,4.64
2017,April,22,1,2.96
2017,April,22,2,2.91
2017,April,22,3,2.41
2017,April,22,4,1.83
2017,April,22,5,2.1
2017,April,22,6,5.24
2017,April,22,7,9.02
2017,April,22,8,13.71
2017,April,22,9,16.79
2017,April,22,10,16
2017,April,22,11,18.19
2017,April,22,12,20.97
2017,April,22,13,20.65
2017,April,22,14,19.63
2017,April,22,15,18.15
2017,April,22,16,14.9
2017,April,22,17,12.65
2017,April,22,18,10.75
2017,April,22,19,8.28
2017,April,22,20,5.24
2017,April,22,21,4.07
2017,April,22,22,5.48
2017,April,22,23,3.65
2017,April,23,0,3.04
2017,April,23,1,3.41
2017,April,23,2,3.4
2017,April,23,3,2.94
2017,April,23,4,2.41
2017,April,23,5,2.25
2017,April,23,6,5.41
2017,April,23,7,10.68
2017,April,23,8,14.58
2017,April,23,9,16.5
2017,April,23,10,19.86
2017,April,23,11,19.87
2017,April,23,12,20.93
2017,April,23,13,20.15
2017,April,23,14,19.35
2017,April,23,15,17.1
2017,April,23,16,15.17
2017,April,23,17,12.49
2017,April,23,18,10.62
2017,April,23,19,9.6
2017,April,23,20,9.14
2017,April,23,21,8.83
2017,April,23,22,8.91
2017,April,23,23,8.71
2017,April,24,0,8.7
2017,April,24,1,8.87
2017,April,24,2,8.98
2017,April,24,3,8.56
2017,April,24,4,8.43
2017,April,24,5,7.89
2017,April,24,6,8.39
2017,April,24,7,9.23
2017,April,24,8,9.82
2017,April,24,9,14.47
2017,April,24,10,15.86
2017,April,24,11,17.57
2017,April,24,12,15.75
2017,April,24,13,15.77
2017,April,24,14,15.87
2017,April,24,15,13.94
2017,April,24,16,11.59
2017,April,24,17,8.6
2017,April,24,18,6.86
2017,April,24,19,4.39
2017,April,24,20,1.49
2017,April,24,21,2.92
2017,April,24,22,2.76
2017,April,24,23,1.62
2017,April,25,0,0.24
2017,April,25,1,0.71
2017,April,25,2,-0.47
2017,April,25,3,-0.36
2017,April,25,4,-0.22
2017,April,25,5,-0.12
2017,April,25,6,2.87
2017,April,25,7,6.75
2017,April,25,8,10.32
2017,April,25,9,10.47
2017,April,25,10,8.75
2017,April,25,11,9.01
2017,April,25,12,9.9
2017,April,25,13,10.86
2017,April,25,14,12.05
2017,April,25,15,9.97
2017,April,25,16,9.47
2017,April,25,17,9.38
2017,April,25,18,6.06
2017,April,25,19,4.34
2017,April,25,20,3.39
2017,April,25,21,2.99
2017,April,25,22,2.8
2017,April,25,23,2.62
2017,April,26,0,2.29
2017,April,26,1,1.53
2017,April,26,2,1.31
2017,April,26,3,0.92
2017,April,26,4,-0.2
2017,April,26,5,0.65
2017,April,26,6,3.11
2017,April,26,7,6.58
2017,April,26,8,10.15
2017,April,26,9,12.93
2017,April,26,10,14.06
2017,April,26,11,13.18
2017,April,26,12,16.04
2017,April,26,13,16.95
2017,April,26,14,16.95
2017,April,26,15,17.8
2017,April,26,16,14.63
2017,April,26,17,10.94
2017,April,26,18,9
2017,April,26,19,6.82
2017,April,26,20,6.31
2017,April,26,21,6.6
2017,April,26,22,4.74
2017,April,26,23,2.26
2017,April,27,0,1.07
2017,April,27,1,1.35
2017,April,27,2,3
2017,April,27,3,3.49
2017,April,27,4,4.25
2017,April,27,5,5.1
2017,April,27,6,6.84
2017,April,27,7,7.43
2017,April,27,8,7.85
2017,April,27,9,10.03
2017,April,27,10,11.13
2017,April,27,11,12.08
2017,April,27,12,12.66
2017,April,27,13,16.03
2017,April,27,14,16.51
2017,April,27,15,13.03
2017,April,27,16,14.95
2017,April,27,17,13.72
2017,April,27,18,12.63
2017,April,27,19,10.17
2017,April,27,20,9.25
2017,April,27,21,8.64
2017,April,27,22,8.59
2017,April,27,23,7.84
2017,April,28,0,6.3
2017,April,28,1,5.76
2017,April,28,2,4.23
2017,April,28,3,3.52
2017,April,28,4,4.37
2017,April,28,5,5.99
2017,April,28,6,8.5
2017,April,28,7,11.66
2017,April,28,8,14.89
2017,April,28,9,15.71
2017,April,28,10,19.41
2017,April,28,11,19.62
2017,April,28,12,23.81
2017,April,28,13,21.09
2017,April,28,14,16.87
2017,April,28,15,16.85
2017,April,28,16,14.19
2017,April,28,17,12.25
2017,April,28,18,10.71
2017,April,28,19,9.7
2017,April,28,20,8.87
2017,April,28,21,8.45
2017,April,28,22,8.03
2017,April,28,23,7.52
2017,April,29,0,7.29
2017,April,29,1,7.13
2017,April,29,2,7
2017,April,29,3,7.06
2017,April,29,4,6.93
2017,April,29,5,7.21
2017,April,29,6,9.34
2017,April,29,7,11.4
2017,April,29,8,13.46
2017,April,29,9,16.01
2017,April,29,10,18.09
2017,April,29,11,19.82
2017,April,29,12,21.09
2017,April,29,13,18.82
2017,April,29,14,18.22
2017,April,29,15,16.2
2017,April,29,16,14.29
2017,April,29,17,12.36
2017,April,29,18,11.14
2017,April,29,19,10.24
2017,April,29,20,10.14
2017,April,29,21,9.93
2017,April,29,22,9.13
2017,April,29,23,8
2017,April,30,0,8.09
2017,April,30,1,8.18
2017,April,30,2,8.46
2017,April,30,3,8.43
2017,April,30,4,8.1
2017,April,30,5,7.75
2017,April,30,6,8.52
2017,April,30,7,10.12
2017,April,30,8,12.14
2017,April,30,9,12.77
2017,April,30,10,14.73
2017,April,30,11,17.52
2017,April,30,12,18.46
2017,April,30,13,18.14
2017,April,30,14,16.03
2017,April,30,15,15.16
2017,April,30,16,14.37
2017,April,30,17,12.77
2017,April,30,18,11.54
2017,April,30,19,10.81
2017,April,30,20,10.76
2017,April,30,21,10.5
2017,April,30,22,10.53
2017,April,30,23,10.27
2017,May,1,0,10.29
2017,May,1,1,10.08
2017,May,1,2,9.82
2017,May,1,3,10.1
2017,May,1,4,9.71
2017,May,1,5,10.17
2017,May,1,6,10.37
2017,May,1,7,12.06
2017,May,1,8,13.74
2017,May,1,9,15.95
2017,May,1,10,20.16
2017,May,1,11,23.86
2017,May,1,12,21.33
2017,May,1,13,15.29
2017,May,1,14,19
2017,May,1,15,21.72
2017,May,1,16,16.94
2017,May,1,17,16.99
2017,May,1,18,13.97
2017,May,1,19,11.22
2017,May,1,20,9.57
2017,May,1,21,8.24
2017,May,1,22,6.95
2017,May,1,23,6.41
2017,May,2,0,5.81
2017,May,2,1,6.2
2017,May,2,2,5.8
2017,May,2,3,5.08
2017,May,2,4,6.23
2017,May,2,5,7.16
2017,May,2,6,9.71
2017,May,2,7,15.07
2017,May,2,8,19.36
2017,May,2,9,23.41
2017,May,2,10,23.73
2017,May,2,11,20.67
2017,May,2,12,22.96
2017,May,2,13,21.25
2017,May,2,14,20.73
2017,May,2,15,23.02
2017,May,2,16,19.74
2017,May,2,17,15.66
2017,May,2,18,12.63
2017,May,2,19,10.32
2017,May,2,20,8.83
2017,May,2,21,7.93
2017,May,2,22,7.27
2017,May,2,23,6.89
2017,May,3,0,6.34
2017,May,3,1,5.42
2017,May,3,2,4.99
2017,May,3,3,5.02
2017,May,3,4,4.57
2017,May,3,5,4.91
2017,May,3,6,7.12
2017,May,3,7,10.45
2017,May,3,8,14.71
2017,May,3,9,17.59
2017,May,3,10,20.71
2017,May,3,11,22.47
2017,May,3,12,23.31
2017,May,3,13,22.69
2017,May,3,14,22.02
2017,May,3,15,20.51
2017,May,3,16,18.2
2017,May,3,17,15.41
2017,May,3,18,13
2017,May,3,19,10.75
2017,May,3,20,9.33
2017,May,3,21,8.18
2017,May,3,22,7.89
2017,May,3,23,8
2017,May,4,0,7.8
2017,May,4,1,7.33
2017,May,4,2,7.43
2017,May,4,3,6.92
2017,May,4,4,6.67
2017,May,4,5,6.74
2017,May,4,6,8.99
2017,May,4,7,14.38
2017,May,4,8,19.79
2017,May,4,9,20.54
2017,May,4,10,22.71
2017,May,4,11,21.84
2017,May,4,12,23.38
2017,May,4,13,22.91
2017,May,4,14,22.45
2017,May,4,15,20.69
2017,May,4,16,17.93
2017,May,4,17,14.2
2017,May,4,18,12.09
2017,May,4,19,9.66
2017,May,4,20,7.99
2017,May,4,21,7.3
2017,May,4,22,6.61
2017,May,4,23,5.9
2017,May,5,0,5.5
2017,May,5,1,4.77
2017,May,5,2,4.46
2017,May,5,3,4.43
2017,May,5,4,4.94
2017,May,5,5,5.48
2017,May,5,6,7.83
2017,May,5,7,11.3
2017,May,5,8,16.22
2017,May,5,9,19.26
2017,May,5,10,21.38
2017,May,5,11,22.48
2017,May,5,12,24.03
2017,May,5,13,24.36
2017,May,5,14,23.41
2017,May,5,15,21.7
2017,May,5,16,19.54
2017,May,5,17,15.67
2017,May,5,18,13.26
2017,May,5,19,10.42
2017,May,5,20,8.08
2017,May,5,21,7.6
2017,May,5,22,7.08
2017,May,5,23,6.59
2017,May,6,0,6
2017,May,6,1,4.52
2017,May,6,2,5.37
2017,May,6,3,4.92
2017,May,6,4,5.16
2017,May,6,5,6.3
2017,May,6,6,8.53
2017,May,6,7,12.51
2017,May,6,8,14.43
2017,May,6,9,16.98
2017,May,6,10,15.61
2017,May,6,11,14.54
2017,May,6,12,18.5
2017,May,6,13,15.29
2017,May,6,14,15.04
2017,May,6,15,17.03
2017,May,6,16,14.55
2017,May,6,17,12.22
2017,May,6,18,11.76
2017,May,6,19,10.98
2017,May,6,20,10
2017,May,6,21,7.93
2017,May,6,22,6.34
2017,May,6,23,5.67
2017,May,7,0,4
2017,May,7,1,3.38
2017,May,7,2,3.81
2017,May,7,3,4.81
2017,May,7,4,6.63
2017,May,7,5,7.51
2017,May,7,6,9.1
2017,May,7,7,13.12
2017,May,7,8,18.26
2017,May,7,9,23.49
2017,May,7,10,23.15
2017,May,7,11,25.31
2017,May,7,12,25.78
2017,May,7,13,24.86
2017,May,7,14,23.88
2017,May,7,15,21.52
2017,May,7,16,18.76
2017,May,7,17,15.73
2017,May,7,18,13.84
2017,May,7,19,11.45
2017,May,7,20,8.91
2017,May,7,21,6.8
2017,May,7,22,5.8
2017,May,7,23,5.14
2017,May,8,0,4.69
2017,May,8,1,4.07
2017,May,8,2,3.29
2017,May,8,3,2.87
2017,May,8,4,2.48
2017,May,8,5,4.27
2017,May,8,6,7.61
2017,May,8,7,9.41
2017,May,8,8,12.7
2017,May,8,9,15.95
2017,May,8,10,18.02
2017,May,8,11,20.02
2017,May,8,12,19.96
2017,May,8,13,21.91
2017,May,8,14,20.62
2017,May,8,15,20.43
2017,May,8,16,18.28
2017,May,8,17,14.71
2017,May,8,18,12.4
2017,May,8,19,9.41
2017,May,8,20,6.36
2017,May,8,21,5.26
2017,May,8,22,4.94
2017,May,8,23,4.69
2017,May,9,0,3.85
2017,May,9,1,3.22
2017,May,9,2,1.6
2017,May,9,3,1.3
2017,May,9,4,1.5
2017,May,9,5,3.52
2017,May,9,6,6.55
2017,May,9,7,9.59
2017,May,9,8,10.48
2017,May,9,9,14.36
2017,May,9,10,20.75
2017,May,9,11,23.53
2017,May,9,12,22.33
2017,May,9,13,24.9
2017,May,9,14,21.99
2017,May,9,15,20.85
2017,May,9,16,18.53
2017,May,9,17,15.5
2017,May,9,18,13.73
2017,May,9,19,11.02
2017,May,9,20,5.26
2017,May,9,21,4.31
2017,May,9,22,3.73
2017,May,9,23,3.5
2017,May,10,0,3.48
2017,May,10,1,3.11
2017,May,10,2,3.19
2017,May,10,3,2.86
2017,May,10,4,2.76
2017,May,10,5,4.4
2017,May,10,6,8.7
2017,May,10,7,13.83
2017,May,10,8,19.68
2017,May,10,9,21.53
2017,May,10,10,24.93
2017,May,10,11,26.14
2017,May,10,12,26.06
2017,May,10,13,26.92
2017,May,10,14,25.95
2017,May,10,15,23.9
2017,May,10,16,21.99
2017,May,10,17,18.85
2017,May,10,18,17.04
2017,May,10,19,13.94
2017,May,10,20,8.1
2017,May,10,21,6.52
2017,May,10,22,6.77
2017,May,10,23,7.04
2017,May,11,0,6.88
2017,May,11,1,7.08
2017,May,11,2,6.57
2017,May,11,3,6.61
2017,May,11,4,6.52
2017,May,11,5,7.96
2017,May,11,6,11.68
2017,May,11,7,15.49
2017,May,11,8,19.02
2017,May,11,9,21.83
2017,May,11,10,24.72
2017,May,11,11,27.81
2017,May,11,12,28.16
2017,May,11,13,27.96
2017,May,11,14,26.55
2017,May,11,15,25.66
2017,May,11,16,21.81
2017,May,11,17,18.42
2017,May,11,18,16.46
2017,May,11,19,14.25
2017,May,11,20,12.19
2017,May,11,21,10.93
2017,May,11,22,10.62
2017,May,11,23,10.77
2017,May,12,0,10.73
2017,May,12,1,10.81
2017,May,12,2,11.16
2017,May,12,3,11.1
2017,May,12,4,11.4
2017,May,12,5,11.49
2017,May,12,6,13.69
2017,May,12,7,17.55
2017,May,12,8,20.83
2017,May,12,9,21.58
2017,May,12,10,15.71
2017,May,12,11,12.94
2017,May,12,12,12.94
2017,May,12,13,12.12
2017,May,12,14,12.63
2017,May,12,15,13.17
2017,May,12,16,14.18
2017,May,12,17,14.87
2017,May,12,18,14.21
2017,May,12,19,12.26
2017,May,12,20,12.12
2017,May,12,21,11.83
2017,May,12,22,11.74
2017,May,12,23,11.49
2017,May,13,0,11.39
2017,May,13,1,11.45
2017,May,13,2,11.29
2017,May,13,3,11.5
2017,May,13,4,11.4
2017,May,13,5,11.37
2017,May,13,6,10.46
2017,May,13,7,10.23
2017,May,13,8,10.43
2017,May,13,9,11.6
2017,May,13,10,13.7
2017,May,13,11,15.88
2017,May,13,12,18.84
2017,May,13,13,20.04
2017,May,13,14,20.7
2017,May,13,15,20.15
2017,May,13,16,19.23
2017,May,13,17,17.53
2017,May,13,18,15.62
2017,May,13,19,13.12
2017,May,13,20,12.27
2017,May,13,21,12.26
2017,May,13,22,12.77
2017,May,13,23,10.34
2017,May,14,0,10.36
2017,May,14,1,10.63
2017,May,14,2,10.61
2017,May,14,3,10.35
2017,May,14,4,10.22
2017,May,14,5,10.44
2017,May,14,6,11.14
2017,May,14,7,12.61
2017,May,14,8,13.85
2017,May,14,9,15.9
2017,May,14,10,17.87
2017,May,14,11,23.47
2017,May,14,12,24.92
2017,May,14,13,24.7
2017,May,14,14,21.58
2017,May,14,15,22.26
2017,May,14,16,21.59
2017,May,14,17,18.37
2017,May,14,18,15.76
2017,May,14,19,13.33
2017,May,14,20,9.82
2017,May,14,21,8.86
2017,May,14,22,8.82
2017,May,14,23,8.72
2017,May,15,0,8.94
2017,May,15,1,9.71
2017,May,15,2,10.1
2017,May,15,3,10.47
2017,May,15,4,10.61
2017,May,15,5,9.23
2017,May,15,6,9.7
2017,May,15,7,10.17
2017,May,15,8,10.47
2017,May,15,9,11.38
2017,May,15,10,13
2017,May,15,11,14.04
2017,May,15,12,15.53
2017,May,15,13,15.17
2017,May,15,14,15.44
2017,May,15,15,15.11
2017,May,15,16,15.04
2017,May,15,17,15.43
2017,May,15,18,15.42
2017,May,15,19,15.1
2017,May,15,20,14.75
2017,May,15,21,14.63
2017,May,15,22,14.47
2017,May,15,23,14.27
2017,May,16,0,14.19
2017,May,16,1,14.16
2017,May,16,2,14.06
2017,May,16,3,14.18
2017,May,16,4,14.36
2017,May,16,5,14.46
2017,May,16,6,14.43
2017,May,16,7,14.38
2017,May,16,8,14.13
2017,May,16,9,14.51
2017,May,16,10,16.62
2017,May,16,11,17.27
2017,May,16,12,17.3
2017,May,16,13,16.71
2017,May,16,14,16.7
2017,May,16,15,18.15
2017,May,16,16,19.43
2017,May,16,17,18
2017,May,16,18,16.41
2017,May,16,19,14.38
2017,May,16,20,12.88
2017,May,16,21,11.75
2017,May,16,22,10.25
2017,May,16,23,8.95
2017,May,17,0,8.97
2017,May,17,1,9.62
2017,May,17,2,10.1
2017,May,17,3,10.04
2017,May,17,4,9.86
2017,May,17,5,11.26
2017,May,17,6,13.76
2017,May,17,7,16.71
2017,May,17,8,18
2017,May,17,9,16.96
2017,May,17,10,17.56
2017,May,17,11,17.04
2017,May,17,12,15.8
2017,May,17,13,15.16
2017,May,17,14,15.33
2017,May,17,15,15.8
2017,May,17,16,15.22
2017,May,17,17,15.74
2017,May,17,18,15.04
2017,May,17,19,12.47
2017,May,17,20,9.55
2017,May,17,21,7.71
2017,May,17,22,6.12
2017,May,17,23,5.96
2017,May,18,0,8.62
2017,May,18,1,9.16
2017,May,18,2,9.23
2017,May,18,3,9.06
2017,May,18,4,8.67
2017,May,18,5,8.74
2017,May,18,6,11.6
2017,May,18,7,15.03
2017,May,18,8,17.32
2017,May,18,9,19.77
2017,May,18,10,22.69
2017,May,18,11,26.33
2017,May,18,12,26.93
2017,May,18,13,25.06
2017,May,18,14,23.81
2017,May,18,15,22.28
2017,May,18,16,20.21
2017,May,18,17,17.44
2017,May,18,18,15.82
2017,May,18,19,13.49
2017,May,18,20,11.74
2017,May,18,21,10.89
2017,May,18,22,9.78
2017,May,18,23,8.39
2017,May,19,0,7.74
2017,May,19,1,7.57
2017,May,19,2,6.7
2017,May,19,3,6.84
2017,May,19,4,7.03
2017,May,19,5,9.85
2017,May,19,6,11.87
2017,May,19,7,13.8
2017,May,19,8,17.12
2017,May,19,9,17.19
2017,May,19,10,17.61
2017,May,19,11,19.45
2017,May,19,12,20.47
2017,May,19,13,22.56
2017,May,19,14,19.97
2017,May,19,15,17.5
2017,May,19,16,16.28
2017,May,19,17,14.87
2017,May,19,18,13.73
2017,May,19,19,12.53
2017,May,19,20,11.05
2017,May,19,21,9.88
2017,May,19,22,8.8
2017,May,19,23,9.05
2017,May,20,0,8.34
2017,May,20,1,7.7
2017,May,20,2,6.88
2017,May,20,3,7.31
2017,May,20,4,8.01
2017,May,20,5,9.11
2017,May,20,6,10.29
2017,May,20,7,11.75
2017,May,20,8,15.55
2017,May,20,9,19.98
2017,May,20,10,14.92
2017,May,20,11,12.15
2017,May,20,12,12.6
2017,May,20,13,13.44
2017,May,20,14,15.64
2017,May,20,15,17.2
2017,May,20,16,18.09
2017,May,20,17,16.79
2017,May,20,18,14.11
2017,May,20,19,12.43
2017,May,20,20,11.23
2017,May,20,21,10.01
2017,May,20,22,9.15
2017,May,20,23,9.52
2017,May,21,0,9.48
2017,May,21,1,9.61
2017,May,21,2,9.05
2017,May,21,3,9
2017,May,21,4,9.05
2017,May,21,5,9.75
2017,May,21,6,12.3
2017,May,21,7,11.81
2017,May,21,8,13.16
2017,May,21,9,12.47
2017,May,21,10,15.13
2017,May,21,11,17.63
2017,May,21,12,17.71
2017,May,21,13,19
2017,May,21,14,19.42
2017,May,21,15,18.37
2017,May,21,16,16.88
2017,May,21,17,16.75
2017,May,21,18,16.47
2017,May,21,19,14.18
2017,May,21,20,11.81
2017,May,21,21,11.12
2017,May,21,22,11.46
2017,May,21,23,11.53
2017,May,22,0,11.24
2017,May,22,1,11.24
2017,May,22,2,11.63
2017,May,22,3,11.33
2017,May,22,4,12.11
2017,May,22,5,12.93
2017,May,22,6,16.15
2017,May,22,7,17.8
2017,May,22,8,18.68
2017,May,22,9,19.09
2017,May,22,10,19.61
2017,May,22,11,22.46
2017,May,22,12,21.13
2017,May,22,13,24.31
2017,May,22,14,26.46
2017,May,22,15,21.61
2017,May,22,16,18.52
2017,May,22,17,17.57
2017,May,22,18,15.95
2017,May,22,19,15.55
2017,May,22,20,13.07
2017,May,22,21,13.02
2017,May,22,22,12.57
2017,May,22,23,12.37
2017,May,23,0,12.32
2017,May,23,1,11.68
2017,May,23,2,11.19
2017,May,23,3,11.39
2017,May,23,4,11.73
2017,May,23,5,12.82
2017,May,23,6,15.11
2017,May,23,7,17.15
2017,May,23,8,20.07
2017,May,23,9,24.31
2017,May,23,10,25.83
2017,May,23,11,26.99
2017,May,23,12,27.36
2017,May,23,13,26.92
2017,May,23,14,26.95
2017,May,23,15,24.77
2017,May,23,16,23.32
2017,May,23,17,20.52
2017,May,23,18,19
2017,May,23,19,17.16
2017,May,23,20,15.81
2017,May,23,21,15.25
2017,May,23,22,15.1
2017,May,23,23,14.97
2017,May,24,0,14.56
2017,May,24,1,14.18
2017,May,24,2,13.89
2017,May,24,3,13.91
2017,May,24,4,14.07
2017,May,24,5,14.62
2017,May,24,6,15.12
2017,May,24,7,16.84
2017,May,24,8,16.94
2017,May,24,9,17.65
2017,May,24,10,23.82
2017,May,24,11,25.55
2017,May,24,12,23
2017,May,24,13,21.59
2017,May,24,14,20.84
2017,May,24,15,19.92
2017,May,24,16,19.34
2017,May,24,17,19
2017,May,24,18,17.32
2017,May,24,19,16.63
2017,May,24,20,15.36
2017,May,24,21,14.59
2017,May,24,22,14.19
2017,May,24,23,14.65
2017,May,25,0,14.4
2017,May,25,1,13.64
2017,May,25,2,13.22
2017,May,25,3,12.1
2017,May,25,4,11.34
2017,May,25,5,13
2017,May,25,6,16.04
2017,May,25,7,19.96
2017,May,25,8,26.89
2017,May,25,9,31.57
2017,May,25,10,34.29
2017,May,25,11,35.67
2017,May,25,12,36.15
2017,May,25,13,35.05
2017,May,25,14,33.9
2017,May,25,15,33.86
2017,May,25,16,31.58
2017,May,25,17,29.28
2017,May,25,18,27.84
2017,May,25,19,24.1
2017,May,25,20,19.95
2017,May,25,21,18.36
2017,May,25,22,18.06
2017,May,25,23,18.07
2017,May,26,0,17.59
2017,May,26,1,17.31
2017,May,26,2,17.47
2017,May,26,3,16.05
2017,May,26,4,15.77
2017,May,26,5,17.52
2017,May,26,6,19.85
2017,May,26,7,22.26
2017,May,26,8,26.31
2017,May,26,9,28.42
2017,May,26,10,30.24
2017,May,26,11,31.3
2017,May,26,12,32.63
2017,May,26,13,32.62
2017,May,26,14,32.15
2017,May,26,15,30.92
2017,May,26,16,29.2
2017,May,26,17,26.67
2017,May,26,18,24.94
2017,May,26,19,22.32
2017,May,26,20,20.07
2017,May,26,21,18.66
2017,May,26,22,17.68
2017,May,26,23,17.07
2017,May,27,0,16.8
2017,May,27,1,16.8
2017,May,27,2,16.51
2017,May,27,3,15.67
2017,May,27,4,15.46
2017,May,27,5,17.4
2017,May,27,6,18.26
2017,May,27,7,21.14
2017,May,27,8,23.17
2017,May,27,9,22.94
2017,May,27,10,25.44
2017,May,27,11,29.63
2017,May,27,12,28.02
2017,May,27,13,24.4
2017,May,27,14,23.88
2017,May,27,15,19.6
2017,May,27,16,17.52
2017,May,27,17,15.97
2017,May,27,18,15.91
2017,May,27,19,14.9
2017,May,27,20,14.61
2017,May,27,21,14.03
2017,May,27,22,13.56
2017,May,27,23,13.48
2017,May,28,0,13.49
2017,May,28,1,13.23
2017,May,28,2,13.05
2017,May,28,3,12.66
2017,May,28,4,12.43
2017,May,28,5,12.43
2017,May,28,6,12.96
2017,May,28,7,13.41
2017,May,28,8,14.74
2017,May,28,9,15.01
2017,May,28,10,15.59
2017,May,28,11,17.27
2017,May,28,12,22.18
2017,May,28,13,24.64
2017,May,28,14,23.39
2017,May,28,15,22.52
2017,May,28,16,20.15
2017,May,28,17,19.26
2017,May,28,18,18.06
2017,May,28,19,16.04
2017,May,28,20,13.65
2017,May,28,21,13.18
2017,May,28,22,13.49
2017,May,28,23,14.47
2017,May,29,0,14.78
2017,May,29,1,14.44
2017,May,29,2,14.22
2017,May,29,3,13.33
2017,May,29,4,13.02
2017,May,29,5,13.64
2017,May,29,6,13.36
2017,May,29,7,13.04
2017,May,29,8,12.16
2017,May,29,9,12.25
2017,May,29,10,12.35
2017,May,29,11,13.02
2017,May,29,12,14.71
2017,May,29,13,16.38
2017,May,29,14,17.68
2017,May,29,15,16.99
2017,May,29,16,15.64
2017,May,29,17,15.37
2017,May,29,18,14.74
2017,May,29,19,14.87
2017,May,29,20,13.43
2017,May,29,21,13.59
2017,May,29,22,13.52
2017,May,29,23,13.64
2017,May,30,0,13.49
2017,May,30,1,13.11
2017,May,30,2,13.01
2017,May,30,3,13.04
2017,May,30,4,13.02
2017,May,30,5,13.25
2017,May,30,6,13.8
2017,May,30,7,15.2
2017,May,30,8,16.04
2017,May,30,9,15.82
2017,May,30,10,18.99
2017,May,30,11,19.49
2017,May,30,12,17.96
2017,May,30,13,18.33
2017,May,30,14,17.64
2017,May,30,15,14.89
2017,May,30,16,13.93
2017,May,30,17,14.42
2017,May,30,18,14.48
2017,May,30,19,14.19
2017,May,30,20,11.48
2017,May,30,21,9.31
2017,May,30,22,8.58
2017,May,30,23,8.35
2017,May,31,0,8.03
2017,May,31,1,6.5
2017,May,31,2,6.33
2017,May,31,3,5.62
2017,May,31,4,6.68
2017,May,31,5,9.53
2017,May,31,6,14.3
2017,May,31,7,17.65
2017,May,31,8,22.7
2017,May,31,9,25.96
2017,May,31,10,27.62
2017,May,31,11,27.84
2017,May,31,12,31.08
2017,May,31,13,31.22
2017,May,31,14,30.44
2017,May,31,15,29.33
2017,May,31,16,27.96
2017,May,31,17,22.09
2017,May,31,18,18.78
2017,May,31,19,17.33
2017,May,31,20,16.33
2017,May,31,21,15.63
2017,May,31,22,14.06
2017,May,31,23,14.27
