Year,Month,Day,Hour,temp
2016,December,1,0,6.86
2016,December,1,1,7.34
2016,December,1,2,7.36
2016,December,1,3,7.6
2016,December,1,4,7.61
2016,December,1,5,8.16
2016,December,1,6,7.92
2016,December,1,7,7.59
2016,December,1,8,7.88
2016,December,1,9,8.39
2016,December,1,10,8.87
2016,December,1,11,9.15
2016,December,1,12,9.23
2016,December,1,13,8.79
2016,December,1,14,8.54
2016,December,1,15,8.57
2016,December,1,16,8.55
2016,December,1,17,8.18
2016,December,1,18,7.68
2016,December,1,19,6.7
2016,December,1,20,7.09
2016,December,1,21,6.81
2016,December,1,22,6.44
2016,December,1,23,6.14
2016,December,2,0,6.08
2016,December,2,1,5.98
2016,December,2,2,6.07
2016,December,2,3,6.08
2016,December,2,4,6.18
2016,December,2,5,6.33
2016,December,2,6,5.98
2016,December,2,7,6.13
2016,December,2,8,5.63
2016,December,2,9,5.89
2016,December,2,10,6.69
2016,December,2,11,6.63
2016,December,2,12,7.13
2016,December,2,13,7.62
2016,December,2,14,7.52
2016,December,2,15,7.25
2016,December,2,16,6.45
2016,December,2,17,6.3
2016,December,2,18,5.37
2016,December,2,19,4.71
2016,December,2,20,4.2
2016,December,2,21,4.83
2016,December,2,22,4.85
2016,December,2,23,5.59
2016,December,3,0,6.1
2016,December,3,1,6.23
2016,December,3,2,6.21
2016,December,3,3,5.71
2016,December,3,4,5.14
2016,December,3,5,5.06
2016,December,3,6,4.61
2016,December,3,7,4.08
2016,December,3,8,3.06
2016,December,3,9,4.99
2016,December,3,10,6.15
2016,December,3,11,5.82
2016,December,3,12,5.84
2016,December,3,13,5.79
2016,December,3,14,5.61
2016,December,3,15,5.2
2016,December,3,16,4.82
2016,December,3,17,4.34
2016,December,3,18,4.03
2016,December,3,19,4.41
2016,December,3,20,4.12
2016,December,3,21,4.12
2016,December,3,22,4.31
2016,December,3,23,3.23
2016,December,4,0,1.51
2016,December,4,1,1.38
2016,December,4,2,2.01
2016,December,4,3,1.87
2016,December,4,4,3.31
2016,December,4,5,3.07
2016,December,4,6,2.79
2016,December,4,7,3.04
2016,December,4,8,3.38
2016,December,4,9,4.3
2016,December,4,10,5.57
2016,December,4,11,6.4
2016,December,4,12,6.66
2016,December,4,13,6.63
2016,December,4,14,6.57
2016,December,4,15,5.55
2016,December,4,16,4.71
2016,December,4,17,4.63
2016,December,4,18,4.42
2016,December,4,19,4.25
2016,December,4,20,3.98
2016,December,4,21,3.99
2016,December,4,22,3.7
2016,December,4,23,3.58
2016,December,5,0,3.91
2016,December,5,1,3.8
2016,December,5,2,3.43
2016,December,5,3,3.13
2016,December,5,4,3.48
2016,December,5,5,3.37
2016,December,5,6,3.28
2016,December,5,7,3.52
2016,December,5,8,3.35
2016,December,5,9,3.7
2016,December,5,10,4.38
2016,December,5,11,5
2016,December,5,12,5.79
2016,December,5,13,6.02
2016,December,5,14,5.33
2016,December,5,15,4.88
2016,December,5,16,5.16
2016,December,5,17,4.46
2016,December,5,18,4.6
2016,December,5,19,4.45
2016,December,5,20,4.8
2016,December,5,21,5.19
2016,December,5,22,5.06
2016,December,5,23,5.35
2016,December,6,0,5.31
2016,December,6,1,6.14
2016,December,6,2,5.94
2016,December,6,3,3.88
2016,December,6,4,4.88
2016,December,6,5,4.87
2016,December,6,6,5.01
2016,December,6,7,5.28
2016,December,6,8,6.61
2016,December,6,9,7.21
2016,December,6,10,7.48
2016,December,6,11,7.74
2016,December,6,12,8.23
2016,December,6,13,7.93
2016,December,6,14,7.57
2016,December,6,15,7.47
2016,December,6,16,7.68
2016,December,6,17,8.02
2016,December,6,18,7.84
2016,December,6,19,8.55
2016,December,6,20,9.72
2016,December,6,21,10.26
2016,December,6,22,10.84
2016,December,6,23,10.42
2016,December,7,0,10.36
2016,December,7,1,10.3
2016,December,7,2,10.36
2016,December,7,3,10.51
2016,December,7,4,10.48
2016,December,7,5,10.95
2016,December,7,6,10.82
2016,December,7,7,10.94
2016,December,7,8,11.34
2016,December,7,9,11.62
2016,December,7,10,11.42
2016,December,7,11,12.14
2016,December,7,12,12.57
2016,December,7,13,13.04
2016,December,7,14,13.17
2016,December,7,15,13.62
2016,December,7,16,13.8
2016,December,7,17,13.66
2016,December,7,18,13.13
2016,December,7,19,12.44
2016,December,7,20,12.11
2016,December,7,21,11.74
2016,December,7,22,11.59
2016,December,7,23,11.71
2016,December,8,0,11.45
2016,December,8,1,11.14
2016,December,8,2,11.12
2016,December,8,3,10.98
2016,December,8,4,10.89
2016,December,8,5,10.79
2016,December,8,6,11.45
2016,December,8,7,11.68
2016,December,8,8,11.67
2016,December,8,9,11.62
2016,December,8,10,11.76
2016,December,8,11,11.95
2016,December,8,12,11.08
2016,December,8,13,10.85
2016,December,8,14,10.07
2016,December,8,15,9.68
2016,December,8,16,9.38
2016,December,8,17,9.12
2016,December,8,18,8.76
2016,December,8,19,7.82
2016,December,8,20,7.59
2016,December,8,21,7.51
2016,December,8,22,7.67
2016,December,8,23,8.18
2016,December,9,0,9.29
2016,December,9,1,9.46
2016,December,9,2,10.24
2016,December,9,3,10.9
2016,December,9,4,11.33
2016,December,9,5,11.53
2016,December,9,6,11.67
2016,December,9,7,11.91
2016,December,9,8,12.04
2016,December,9,9,11.9
2016,December,9,10,12.02
2016,December,9,11,11.73
2016,December,9,12,11.28
2016,December,9,13,11.03
2016,December,9,14,11.07
2016,December,9,15,11.14
2016,December,9,16,11.12
2016,December,9,17,11.1
2016,December,9,18,10.86
2016,December,9,19,10.07
2016,December,9,20,9.66
2016,December,9,21,9.53
2016,December,9,22,9.59
2016,December,9,23,9.72
2016,December,10,0,10
2016,December,10,1,10.05
2016,December,10,2,9.89
2016,December,10,3,9.8
2016,December,10,4,9.5
2016,December,10,5,9.46
2016,December,10,6,8.88
2016,December,10,7,8.75
2016,December,10,8,8.86
2016,December,10,9,8.61
2016,December,10,10,8.87
2016,December,10,11,8.92
2016,December,10,12,9.3
2016,December,10,13,9.27
2016,December,10,14,9.1
2016,December,10,15,9.1
2016,December,10,16,8.87
2016,December,10,17,8.66
2016,December,10,18,8.43
2016,December,10,19,8.33
2016,December,10,20,8.01
2016,December,10,21,7.77
2016,December,10,22,7.68
2016,December,10,23,7.46
2016,December,11,0,7.64
2016,December,11,1,7.81
2016,December,11,2,7.72
2016,December,11,3,7.53
2016,December,11,4,7.47
2016,December,11,5,7.74
2016,December,11,6,7.68
2016,December,11,7,8.02
2016,December,11,8,8.12
2016,December,11,9,8.02
2016,December,11,10,8.24
2016,December,11,11,8.31
2016,December,11,12,8.45
2016,December,11,13,8.44
2016,December,11,14,8.37
2016,December,11,15,8.19
2016,December,11,16,8.13
2016,December,11,17,7.97
2016,December,11,18,8.08
2016,December,11,19,7.93
2016,December,11,20,7.91
2016,December,11,21,7.82
2016,December,11,22,7.95
2016,December,11,23,7.62
2016,December,12,0,6.49
2016,December,12,1,5.84
2016,December,12,2,5.68
2016,December,12,3,5.63
2016,December,12,4,5.94
2016,December,12,5,5.12
2016,December,12,6,4.59
2016,December,12,7,4.96
2016,December,12,8,6.11
2016,December,12,9,6.85
2016,December,12,10,7.13
2016,December,12,11,7.56
2016,December,12,12,8.05
2016,December,12,13,8.05
2016,December,12,14,7.94
2016,December,12,15,8.17
2016,December,12,16,8.23
2016,December,12,17,7.83
2016,December,12,18,7.78
2016,December,12,19,7.54
2016,December,12,20,7.24
2016,December,12,21,7.45
2016,December,12,22,8.16
2016,December,12,23,8.54
2016,December,13,0,8.54
2016,December,13,1,8.48
2016,December,13,2,8.6
2016,December,13,3,8.6
2016,December,13,4,8.41
2016,December,13,5,8.66
2016,December,13,6,8.22
2016,December,13,7,8.41
2016,December,13,8,8.68
2016,December,13,9,8.88
2016,December,13,10,8.98
2016,December,13,11,9.18
2016,December,13,12,9.22
2016,December,13,13,8.95
2016,December,13,14,9.66
2016,December,13,15,9.06
2016,December,13,16,8.76
2016,December,13,17,9.81
2016,December,13,18,10.08
2016,December,13,19,10.12
2016,December,13,20,10.38
2016,December,13,21,10.71
2016,December,13,22,11.09
2016,December,13,23,11.42
2016,December,14,0,11.45
2016,December,14,1,11.65
2016,December,14,2,11.75
2016,December,14,3,11.4
2016,December,14,4,11.16
2016,December,14,5,10.81
2016,December,14,6,10.64
2016,December,14,7,10.56
2016,December,14,8,10.21
2016,December,14,9,10.22
2016,December,14,10,10.45
2016,December,14,11,11.05
2016,December,14,12,11.58
2016,December,14,13,11.67
2016,December,14,14,11.73
2016,December,14,15,11.01
2016,December,14,16,10.1
2016,December,14,17,9.87
2016,December,14,18,9.55
2016,December,14,19,9.19
2016,December,14,20,8.97
2016,December,14,21,8.53
2016,December,14,22,8.45
2016,December,14,23,8.32
2016,December,15,0,7.8
2016,December,15,1,7.42
2016,December,15,2,7.7
2016,December,15,3,8.04
2016,December,15,4,8.71
2016,December,15,5,9.07
2016,December,15,6,9.15
2016,December,15,7,9.24
2016,December,15,8,9.08
2016,December,15,9,9.27
2016,December,15,10,9.53
2016,December,15,11,9.69
2016,December,15,12,9.71
2016,December,15,13,9.9
2016,December,15,14,9.72
2016,December,15,15,9.76
2016,December,15,16,9.73
2016,December,15,17,9.69
2016,December,15,18,9.7
2016,December,15,19,9.61
2016,December,15,20,9.7
2016,December,15,21,9.29
2016,December,15,22,8.57
2016,December,15,23,8.53
2016,December,16,0,8.71
2016,December,16,1,8.54
2016,December,16,2,8.22
2016,December,16,3,8.17
2016,December,16,4,8.46
2016,December,16,5,8.59
2016,December,16,6,8.4
2016,December,16,7,8.51
2016,December,16,8,8.64
2016,December,16,9,8.97
2016,December,16,10,9.25
2016,December,16,11,9.9
2016,December,16,12,10
2016,December,16,13,9.56
2016,December,16,14,9.16
2016,December,16,15,8.52
2016,December,16,16,8.58
2016,December,16,17,8.76
2016,December,16,18,8.65
2016,December,16,19,8.55
2016,December,16,20,8.54
2016,December,16,21,8.06
2016,December,16,22,7.49
2016,December,16,23,6.66
2016,December,17,0,5.54
2016,December,17,1,5.11
2016,December,17,2,4.77
2016,December,17,3,4.61
2016,December,17,4,4.53
2016,December,17,5,4.45
2016,December,17,6,4.22
2016,December,17,7,4.13
2016,December,17,8,3.84
2016,December,17,9,4.11
2016,December,17,10,4.85
2016,December,17,11,5.18
2016,December,17,12,5.49
2016,December,17,13,5.52
2016,December,17,14,5.35
2016,December,17,15,5.1
2016,December,17,16,4.86
2016,December,17,17,4.69
2016,December,17,18,4.44
2016,December,17,19,4.27
2016,December,17,20,4.23
2016,December,17,21,4.14
2016,December,17,22,4.4
2016,December,17,23,4.43
2016,December,18,0,4.42
2016,December,18,1,5.02
2016,December,18,2,5.13
2016,December,18,3,5.29
2016,December,18,4,5.71
2016,December,18,5,6.06
2016,December,18,6,5.89
2016,December,18,7,5.92
2016,December,18,8,6.15
2016,December,18,9,6.38
2016,December,18,10,6.68
2016,December,18,11,6.94
2016,December,18,12,7.58
2016,December,18,13,7.78
2016,December,18,14,7.64
2016,December,18,15,7.39
2016,December,18,16,7.27
2016,December,18,17,7.37
2016,December,18,18,7.24
2016,December,18,19,7.14
2016,December,18,20,6.69
2016,December,18,21,6.75
2016,December,18,22,6.63
2016,December,18,23,6.76
2016,December,19,0,7
2016,December,19,1,7.06
2016,December,19,2,6.56
2016,December,19,3,6.55
2016,December,19,4,6.46
2016,December,19,5,6.54
2016,December,19,6,6.46
2016,December,19,7,6.33
2016,December,19,8,6.36
2016,December,19,9,6.3
2016,December,19,10,6.68
2016,December,19,11,6.98
2016,December,19,12,7.24
2016,December,19,13,7.26
2016,December,19,14,7.52
2016,December,19,15,7.55
2016,December,19,16,7.36
2016,December,19,17,7
2016,December,19,18,6.99
2016,December,19,19,7.22
2016,December,19,20,7.06
2016,December,19,21,7.55
2016,December,19,22,7.16
2016,December,19,23,7.65
2016,December,20,0,7.49
2016,December,20,1,6.79
2016,December,20,2,6.78
2016,December,20,3,6.71
2016,December,20,4,6.38
2016,December,20,5,6.1
2016,December,20,6,6.1
2016,December,20,7,5.96
2016,December,20,8,5.54
2016,December,20,9,4.99
2016,December,20,10,4.95
2016,December,20,11,5.13
2016,December,20,12,5.15
2016,December,20,13,5.29
2016,December,20,14,5.04
2016,December,20,15,4.78
2016,December,20,16,4.49
2016,December,20,17,4.23
2016,December,20,18,3.85
2016,December,20,19,4.11
2016,December,20,20,4.37
2016,December,20,21,4.62
2016,December,20,22,4.39
2016,December,20,23,4.45
2016,December,21,0,4.73
2016,December,21,1,4.85
2016,December,21,2,4.83
2016,December,21,3,5.05
2016,December,21,4,5.75
2016,December,21,5,5.94
2016,December,21,6,5.73
2016,December,21,7,6.13
2016,December,21,8,6.05
2016,December,21,9,6.21
2016,December,21,10,6.04
2016,December,21,11,5.73
2016,December,21,12,5.98
2016,December,21,13,7.03
2016,December,21,14,7.33
2016,December,21,15,6.73
2016,December,21,16,6.31
2016,December,21,17,6.18
2016,December,21,18,6.2
2016,December,21,19,5.85
2016,December,21,20,4.77
2016,December,21,21,3.77
2016,December,21,22,3.62
2016,December,21,23,3.43
2016,December,22,0,3
2016,December,22,1,3.21
2016,December,22,2,3.53
2016,December,22,3,3.92
2016,December,22,4,3.88
2016,December,22,5,4.14
2016,December,22,6,4.56
2016,December,22,7,4.54
2016,December,22,8,6.05
2016,December,22,9,6.92
2016,December,22,10,7.69
2016,December,22,11,7.47
2016,December,22,12,7.53
2016,December,22,13,7.56
2016,December,22,14,7.58
2016,December,22,15,7.17
2016,December,22,16,6.76
2016,December,22,17,7.25
2016,December,22,18,7.19
2016,December,22,19,7.17
2016,December,22,20,7.41
2016,December,22,21,7.26
2016,December,22,22,7.48
2016,December,22,23,7.32
2016,December,23,0,7.03
2016,December,23,1,6.42
2016,December,23,2,5.82
2016,December,23,3,5.82
2016,December,23,4,5.73
2016,December,23,5,5.83
2016,December,23,6,5.61
2016,December,23,7,5.92
2016,December,23,8,6.6
2016,December,23,9,7.25
2016,December,23,10,7.73
2016,December,23,11,8.55
2016,December,23,12,9.3
2016,December,23,13,9.75
2016,December,23,14,9.69
2016,December,23,15,6.47
2016,December,23,16,7.61
2016,December,23,17,7.17
2016,December,23,18,7.53
2016,December,23,19,7.4
2016,December,23,20,7.2
2016,December,23,21,6.91
2016,December,23,22,6.61
2016,December,23,23,6.45
2016,December,24,0,6.43
2016,December,24,1,6.84
2016,December,24,2,7.11
2016,December,24,3,7.5
2016,December,24,4,6.7
2016,December,24,5,6.56
2016,December,24,6,7.2
2016,December,24,7,7.16
2016,December,24,8,6.99
2016,December,24,9,7.23
2016,December,24,10,7.72
2016,December,24,11,7.88
2016,December,24,12,8.07
2016,December,24,13,8.06
2016,December,24,14,8.23
2016,December,24,15,7.93
2016,December,24,16,7.73
2016,December,24,17,8.01
2016,December,24,18,8.43
2016,December,24,19,8.35
2016,December,24,20,8.5
2016,December,24,21,8.91
2016,December,24,22,9.32
2016,December,24,23,9.63
2016,December,25,0,9.66
2016,December,25,1,9.96
2016,December,25,2,10.05
2016,December,25,3,10.12
2016,December,25,4,10.05
2016,December,25,5,10.11
2016,December,25,6,10.49
2016,December,25,7,10.45
2016,December,25,8,10.73
2016,December,25,9,10.79
2016,December,25,10,10.66
2016,December,25,11,10.86
2016,December,25,12,11.22
2016,December,25,13,11.14
2016,December,25,14,11.18
2016,December,25,15,11.22
2016,December,25,16,11.15
2016,December,25,17,10.88
2016,December,25,18,8.59
2016,December,25,19,7.74
2016,December,25,20,7.33
2016,December,25,21,6.95
2016,December,25,22,6.98
2016,December,25,23,7.53
2016,December,26,0,7.07
2016,December,26,1,7.28
2016,December,26,2,7.6
2016,December,26,3,6.21
2016,December,26,4,6.24
2016,December,26,5,5.9
2016,December,26,6,5.94
2016,December,26,7,5.64
2016,December,26,8,5.68
2016,December,26,9,5.69
2016,December,26,10,5.76
2016,December,26,11,6.14
2016,December,26,12,6.45
2016,December,26,13,6.79
2016,December,26,14,6.69
2016,December,26,15,6.48
2016,December,26,16,6.11
2016,December,26,17,6.14
2016,December,26,18,6.31
2016,December,26,19,6.29
2016,December,26,20,6.34
2016,December,26,21,6.76
2016,December,26,22,6.72
2016,December,26,23,6.6
2016,December,27,0,6.6
2016,December,27,1,5.71
2016,December,27,2,5.45
2016,December,27,3,5.5
2016,December,27,4,4.9
2016,December,27,5,4.74
2016,December,27,6,4.54
2016,December,27,7,4.02
2016,December,27,8,3.81
2016,December,27,9,4.52
2016,December,27,10,5.56
2016,December,27,11,6.74
2016,December,27,12,7.07
2016,December,27,13,6.86
2016,December,27,14,6.16
2016,December,27,15,6.34
2016,December,27,16,6.31
2016,December,27,17,5.21
2016,December,27,18,4.83
2016,December,27,19,4.39
2016,December,27,20,3.27
2016,December,27,21,2.81
2016,December,27,22,2.26
2016,December,27,23,2.04
2016,December,28,0,1.79
2016,December,28,1,1.71
2016,December,28,2,1.8
2016,December,28,3,1.6
2016,December,28,4,1.48
2016,December,28,5,1.68
2016,December,28,6,1.41
2016,December,28,7,1.04
2016,December,28,8,1.06
2016,December,28,9,1.94
2016,December,28,10,3.33
2016,December,28,11,4.68
2016,December,28,12,5.5
2016,December,28,13,5.81
2016,December,28,14,5.79
2016,December,28,15,4.82
2016,December,28,16,2.64
2016,December,28,17,1.93
2016,December,28,18,1.4
2016,December,28,19,1.15
2016,December,28,20,1.22
2016,December,28,21,0.89
2016,December,28,22,1.05
2016,December,28,23,0.43
2016,December,29,0,0.55
2016,December,29,1,0.05
2016,December,29,2,0.26
2016,December,29,3,0.93
2016,December,29,4,0.32
2016,December,29,5,0.32
2016,December,29,6,0.45
2016,December,29,7,1.36
2016,December,29,8,1.64
2016,December,29,9,2.65
2016,December,29,10,5.05
2016,December,29,11,5.31
2016,December,29,12,5.34
2016,December,29,13,5.62
2016,December,29,14,5.97
2016,December,29,15,5.54
2016,December,29,16,4.98
2016,December,29,17,5.22
2016,December,29,18,5.39
2016,December,29,19,5.51
2016,December,29,20,5.68
2016,December,29,21,5.82
2016,December,29,22,5.85
2016,December,29,23,5.71
2016,December,30,0,6.22
2016,December,30,1,6.65
2016,December,30,2,6.62
2016,December,30,3,6.48
2016,December,30,4,6.34
2016,December,30,5,6.57
2016,December,30,6,6.91
2016,December,30,7,6.92
2016,December,30,8,6.96
2016,December,30,9,7.39
2016,December,30,10,7.43
2016,December,30,11,7.51
2016,December,30,12,7.87
2016,December,30,13,8.68
2016,December,30,14,9.02
2016,December,30,15,9.4
2016,December,30,16,9.42
2016,December,30,17,9.35
2016,December,30,18,9.37
2016,December,30,19,9.38
2016,December,30,20,9.51
2016,December,30,21,9.46
2016,December,30,22,9.41
2016,December,30,23,9.49
2016,December,31,0,9.49
2016,December,31,1,9.15
2016,December,31,2,9.59
2016,December,31,3,9.32
2016,December,31,4,9.07
2016,December,31,5,8.97
2016,December,31,6,8.78
2016,December,31,7,8.8
2016,December,31,8,8.7
2016,December,31,9,8.6
2016,December,31,10,8.75
2016,December,31,11,9
2016,December,31,12,9.08
2016,December,31,13,9.08
2016,December,31,14,8.98
2016,December,31,15,8.86
2016,December,31,16,8.77
2016,December,31,17,8.73
2016,December,31,18,8.72
2016,December,31,19,8.68
2016,December,31,20,8.75
2016,December,31,21,8.68
2016,December,31,22,8.32
2016,December,31,23,7.98
2017,January,1,0,7.82
2017,January,1,1,7.39
2017,January,1,2,5.66
2017,January,1,3,4.95
2017,January,1,4,4.67
2017,January,1,5,4.37
2017,January,1,6,3.88
2017,January,1,7,3.89
2017,January,1,8,3.96
2017,January,1,9,3.32
2017,January,1,10,2.88
2017,January,1,11,2.64
2017,January,1,12,3.86
2017,January,1,13,4.18
2017,January,1,14,3.81
2017,January,1,15,3.33
2017,January,1,16,2.74
2017,January,1,17,2.82
2017,January,1,18,2.25
2017,January,1,19,1.83
2017,January,1,20,1.39
2017,January,1,21,1.86
2017,January,1,22,2.5
2017,January,1,23,2.51
2017,January,2,0,2.14
2017,January,2,1,1.44
2017,January,2,2,0.49
2017,January,2,3,0.68
2017,January,2,4,0.32
2017,January,2,5,0.48
2017,January,2,6,-0.61
2017,January,2,7,-0.66
2017,January,2,8,-0.92
2017,January,2,9,-0.17
2017,January,2,10,0.66
2017,January,2,11,2.69
2017,January,2,12,3.51
2017,January,2,13,3.85
2017,January,2,14,4.1
2017,January,2,15,3.67
2017,January,2,16,2.34
2017,January,2,17,1.62
2017,January,2,18,1.35
2017,January,2,19,1.01
2017,January,2,20,1.06
2017,January,2,21,1.44
2017,January,2,22,1.55
2017,January,2,23,2.58
2017,January,3,0,3.46
2017,January,3,1,4.7
2017,January,3,2,5.38
2017,January,3,3,5.5
2017,January,3,4,5.58
2017,January,3,5,5.7
2017,January,3,6,5.77
2017,January,3,7,5.61
2017,January,3,8,5.58
2017,January,3,9,5.69
2017,January,3,10,5.8
2017,January,3,11,5.96
2017,January,3,12,6.2
2017,January,3,13,6.21
2017,January,3,14,6.31
2017,January,3,15,6.46
2017,January,3,16,6.53
2017,January,3,17,6.63
2017,January,3,18,6.78
2017,January,3,19,6.77
2017,January,3,20,6.73
2017,January,3,21,6.74
2017,January,3,22,6.61
2017,January,3,23,6.47
2017,January,4,0,6.47
2017,January,4,1,6.84
2017,January,4,2,7.13
2017,January,4,3,7.09
2017,January,4,4,6.89
2017,January,4,5,6.44
2017,January,4,6,6.26
2017,January,4,7,5.79
2017,January,4,8,4.76
2017,January,4,9,4.57
2017,January,4,10,4.65
2017,January,4,11,5.14
2017,January,4,12,5.41
2017,January,4,13,5.17
2017,January,4,14,4.93
2017,January,4,15,3.64
2017,January,4,16,2.23
2017,January,4,17,1.67
2017,January,4,18,1.3
2017,January,4,19,0.79
2017,January,4,20,0.7
2017,January,4,21,1.01
2017,January,4,22,0.31
2017,January,4,23,-0.27
2017,January,5,0,-0.7
2017,January,5,1,-0.47
2017,January,5,2,0.33
2017,January,5,3,0.63
2017,January,5,4,-0.15
2017,January,5,5,-1.63
2017,January,5,6,-1.63
2017,January,5,7,-0.69
2017,January,5,8,-1.03
2017,January,5,9,-0.22
2017,January,5,10,1.71
2017,January,5,11,2.05
2017,January,5,12,2.59
2017,January,5,13,3.87
2017,January,5,14,3.88
2017,January,5,15,3.11
2017,January,5,16,1.77
2017,January,5,17,1.73
2017,January,5,18,1.48
2017,January,5,19,1.53
2017,January,5,20,2.24
2017,January,5,21,2.65
2017,January,5,22,2.92
2017,January,5,23,3.08
2017,January,6,0,3.37
2017,January,6,1,3.58
2017,January,6,2,3.46
2017,January,6,3,3.53
2017,January,6,4,3.38
2017,January,6,5,3.72
2017,January,6,6,3.79
2017,January,6,7,3.41
2017,January,6,8,3.35
2017,January,6,9,3.7
2017,January,6,10,3.95
2017,January,6,11,4.47
2017,January,6,12,4.74
2017,January,6,13,5.08
2017,January,6,14,5.62
2017,January,6,15,5.93
2017,January,6,16,6.16
2017,January,6,17,6.45
2017,January,6,18,6.79
2017,January,6,19,6.9
2017,January,6,20,6.92
2017,January,6,21,7.02
2017,January,6,22,7.25
2017,January,6,23,7.44
2017,January,7,0,7.56
2017,January,7,1,7.73
2017,January,7,2,7.7
2017,January,7,3,7.87
2017,January,7,4,7.79
2017,January,7,5,7.58
2017,January,7,6,7.55
2017,January,7,7,7.71
2017,January,7,8,7.29
2017,January,7,9,7.55
2017,January,7,10,8.08
2017,January,7,11,8.52
2017,January,7,12,8.33
2017,January,7,13,8.62
2017,January,7,14,8.52
2017,January,7,15,8.25
2017,January,7,16,8.05
2017,January,7,17,7.95
2017,January,7,18,7.94
2017,January,7,19,7.75
2017,January,7,20,7.91
2017,January,7,21,7.81
2017,January,7,22,7.66
2017,January,7,23,7.41
2017,January,8,0,7.23
2017,January,8,1,7.08
2017,January,8,2,6.95
2017,January,8,3,7.09
2017,January,8,4,6.97
2017,January,8,5,6.99
2017,January,8,6,7.37
2017,January,8,7,7.54
2017,January,8,8,7.71
2017,January,8,9,7.63
2017,January,8,10,7.85
2017,January,8,11,8.09
2017,January,8,12,8.2
2017,January,8,13,7.93
2017,January,8,14,7.94
2017,January,8,15,7.54
2017,January,8,16,7.26
2017,January,8,17,7.19
2017,January,8,18,7.23
2017,January,8,19,7.44
2017,January,8,20,7.61
2017,January,8,21,7.73
2017,January,8,22,7.93
2017,January,8,23,7.94
2017,January,9,0,7.7
2017,January,9,1,7.9
2017,January,9,2,7.89
2017,January,9,3,7.96
2017,January,9,4,8.45
2017,January,9,5,8.09
2017,January,9,6,8.4
2017,January,9,7,8.08
2017,January,9,8,7.61
2017,January,9,9,7.71
2017,January,9,10,6.45
2017,January,9,11,6.15
2017,January,9,12,6.82
2017,January,9,13,6.98
2017,January,9,14,6.69
2017,January,9,15,6.52
2017,January,9,16,6.06
2017,January,9,17,6.03
2017,January,9,18,6.25
2017,January,9,19,6.27
2017,January,9,20,6.07
2017,January,9,21,6.29
2017,January,9,22,6.31
2017,January,9,23,6.1
2017,January,10,0,6.4
2017,January,10,1,6.52
2017,January,10,2,6.54
2017,January,10,3,6.77
2017,January,10,4,6.83
2017,January,10,5,6.59
2017,January,10,6,6.69
2017,January,10,7,6.97
2017,January,10,8,7
2017,January,10,9,6.84
2017,January,10,10,7.18
2017,January,10,11,7.32
2017,January,10,12,7.62
2017,January,10,13,7.27
2017,January,10,14,7.18
2017,January,10,15,7.5
2017,January,10,16,7.65
2017,January,10,17,8.05
2017,January,10,18,7.97
2017,January,10,19,8.47
2017,January,10,20,7.94
2017,January,10,21,7.79
2017,January,10,22,8.06
2017,January,10,23,7.97
2017,January,11,0,8.38
2017,January,11,1,8.76
2017,January,11,2,8.7
2017,January,11,3,8.94
2017,January,11,4,8.79
2017,January,11,5,8.11
2017,January,11,6,7.66
2017,January,11,7,7.05
2017,January,11,8,7.02
2017,January,11,9,6.88
2017,January,11,10,6.81
2017,January,11,11,6.75
2017,January,11,12,6.65
2017,January,11,13,6.39
2017,January,11,14,5.96
2017,January,11,15,5.8
2017,January,11,16,5.74
2017,January,11,17,5.08
2017,January,11,18,5.56
2017,January,11,19,5.34
2017,January,11,20,5.33
2017,January,11,21,5.35
2017,January,11,22,5.22
2017,January,11,23,5.35
2017,January,12,0,5.29
2017,January,12,1,4.72
2017,January,12,2,4.83
2017,January,12,3,4.74
2017,January,12,4,4.94
2017,January,12,5,4.71
2017,January,12,6,4.5
2017,January,12,7,4.56
2017,January,12,8,3.52
2017,January,12,9,3.71
2017,January,12,10,3.1
2017,January,12,11,2.31
2017,January,12,12,3.9
2017,January,12,13,3.86
2017,January,12,14,3.79
2017,January,12,15,3.21
2017,January,12,16,2.64
2017,January,12,17,2.01
2017,January,12,18,1.66
2017,January,12,19,0.45
2017,January,12,20,0.7
2017,January,12,21,0.4
2017,January,12,22,0.86
2017,January,12,23,0.73
2017,January,13,0,0.28
2017,January,13,1,0.56
2017,January,13,2,1.19
2017,January,13,3,1.57
2017,January,13,4,1.91
2017,January,13,5,2.42
2017,January,13,6,1.76
2017,January,13,7,3.09
2017,January,13,8,3.2
2017,January,13,9,3.4
2017,January,13,10,3.87
2017,January,13,11,4.27
2017,January,13,12,4.63
2017,January,13,13,4.64
2017,January,13,14,4.28
2017,January,13,15,4.01
2017,January,13,16,2.88
2017,January,13,17,2.2
2017,January,13,18,1.05
2017,January,13,19,0.74
2017,January,13,20,0.37
2017,January,13,21,0.59
2017,January,13,22,0.29
2017,January,13,23,1.11
2017,January,14,0,2.42
2017,January,14,1,3.12
2017,January,14,2,3.6
2017,January,14,3,3.77
2017,January,14,4,3.62
2017,January,14,5,4.24
2017,January,14,6,4.16
2017,January,14,7,4.09
2017,January,14,8,3.92
2017,January,14,9,3.34
2017,January,14,10,3.96
2017,January,14,11,4.83
2017,January,14,12,5.03
2017,January,14,13,5.07
2017,January,14,14,5.12
2017,January,14,15,4.84
2017,January,14,16,4.45
2017,January,14,17,4.33
2017,January,14,18,3.71
2017,January,14,19,3.77
2017,January,14,20,3.87
2017,January,14,21,3.43
2017,January,14,22,3.29
2017,January,14,23,3.52
2017,January,15,0,4.44
2017,January,15,1,4.89
2017,January,15,2,5.21
2017,January,15,3,5.35
2017,January,15,4,5.81
2017,January,15,5,6.14
2017,January,15,6,6.39
2017,January,15,7,6.8
2017,January,15,8,7.17
2017,January,15,9,7.48
2017,January,15,10,7.59
2017,January,15,11,7.7
2017,January,15,12,7.9
2017,January,15,13,8.17
2017,January,15,14,8.41
2017,January,15,15,8.38
2017,January,15,16,8.16
2017,January,15,17,7.93
2017,January,15,18,7.67
2017,January,15,19,7.73
2017,January,15,20,7.43
2017,January,15,21,7.07
2017,January,15,22,7.39
2017,January,15,23,7.39
2017,January,16,0,7.26
2017,January,16,1,7.38
2017,January,16,2,7.5
2017,January,16,3,7.64
2017,January,16,4,7.76
2017,January,16,5,7.83
2017,January,16,6,7.97
2017,January,16,7,7.84
2017,January,16,8,7.76
2017,January,16,9,7.78
2017,January,16,10,7.84
2017,January,16,11,8.42
2017,January,16,12,9.15
2017,January,16,13,9.45
2017,January,16,14,8.99
2017,January,16,15,8.84
2017,January,16,16,8.7
2017,January,16,17,8.08
2017,January,16,18,8.07
2017,January,16,19,8
2017,January,16,20,7.81
2017,January,16,21,7.45
2017,January,16,22,7.55
2017,January,16,23,7.92
2017,January,17,0,7.49
2017,January,17,1,6.97
2017,January,17,2,6.85
2017,January,17,3,6.81
2017,January,17,4,6.73
2017,January,17,5,6.84
2017,January,17,6,6.83
2017,January,17,7,6.91
2017,January,17,8,6.8
2017,January,17,9,6.79
2017,January,17,10,6.86
2017,January,17,11,6.96
2017,January,17,12,7.02
2017,January,17,13,7.02
2017,January,17,14,7.16
2017,January,17,15,7.33
2017,January,17,16,7.46
2017,January,17,17,7.35
2017,January,17,18,7.37
2017,January,17,19,7.36
2017,January,17,20,7.28
2017,January,17,21,7.17
2017,January,17,22,7.12
2017,January,17,23,7.04
2017,January,18,0,6.98
2017,January,18,1,6.88
2017,January,18,2,6.89
2017,January,18,3,7.01
2017,January,18,4,6.86
2017,January,18,5,6.6
2017,January,18,6,6.5
2017,January,18,7,6.43
2017,January,18,8,6.45
2017,January,18,9,6.56
2017,January,18,10,6.94
2017,January,18,11,7.16
2017,January,18,12,7.28
2017,January,18,13,6.86
2017,January,18,14,6.82
2017,January,18,15,6.84
2017,January,18,16,6.98
2017,January,18,17,6.8
2017,January,18,18,6.64
2017,January,18,19,6.61
2017,January,18,20,6.59
2017,January,18,21,6.43
2017,January,18,22,6.58
2017,January,18,23,6.62
2017,January,19,0,6.57
2017,January,19,1,6.52
2017,January,19,2,6.5
2017,January,19,3,6.37
2017,January,19,4,6.32
2017,January,19,5,6.27
2017,January,19,6,6.21
2017,January,19,7,6.25
2017,January,19,8,6.27
2017,January,19,9,6.38
2017,January,19,10,6.59
2017,January,19,11,6.87
2017,January,19,12,7.18
2017,January,19,13,7.09
2017,January,19,14,7
2017,January,19,15,6.84
2017,January,19,16,6.6
2017,January,19,17,6.42
2017,January,19,18,6.21
2017,January,19,19,6.14
2017,January,19,20,6.08
2017,January,19,21,6
2017,January,19,22,5.84
2017,January,19,23,5.69
2017,January,20,0,5.48
2017,January,20,1,5.13
2017,January,20,2,5.04
2017,January,20,3,5.06
2017,January,20,4,4.93
2017,January,20,5,4.99
2017,January,20,6,5.01
2017,January,20,7,4.88
2017,January,20,8,5.12
2017,January,20,9,5.41
2017,January,20,10,5.66
2017,January,20,11,5.91
2017,January,20,12,6.69
2017,January,20,13,6.71
2017,January,20,14,7.67
2017,January,20,15,6.92
2017,January,20,16,5.19
2017,January,20,17,4.19
2017,January,20,18,4.37
2017,January,20,19,3.97
2017,January,20,20,4.04
2017,January,20,21,3.69
2017,January,20,22,3.56
2017,January,20,23,3.77
2017,January,21,0,3.78
2017,January,21,1,3.49
2017,January,21,2,2.77
2017,January,21,3,2.45
2017,January,21,4,2.16
2017,January,21,5,1.97
2017,January,21,6,1.99
2017,January,21,7,2.15
2017,January,21,8,2.31
2017,January,21,9,2.54
2017,January,21,10,3.28
2017,January,21,11,3.83
2017,January,21,12,4.09
2017,January,21,13,4.2
2017,January,21,14,4.37
2017,January,21,15,4.21
2017,January,21,16,3.97
2017,January,21,17,3.28
2017,January,21,18,2.7
2017,January,21,19,3.16
2017,January,21,20,3.6
2017,January,21,21,3.39
2017,January,21,22,3.21
2017,January,21,23,3.31
2017,January,22,0,3.28
2017,January,22,1,2.97
2017,January,22,2,2.63
2017,January,22,3,2.42
2017,January,22,4,1.23
2017,January,22,5,0.66
2017,January,22,6,1
2017,January,22,7,0.15
2017,January,22,8,-0.02
2017,January,22,9,0.51
2017,January,22,10,1.3
2017,January,22,11,2.4
2017,January,22,12,2.7
2017,January,22,13,3.33
2017,January,22,14,2.86
2017,January,22,15,2.77
2017,January,22,16,2.52
2017,January,22,17,1.98
2017,January,22,18,1.16
2017,January,22,19,0.96
2017,January,22,20,0.84
2017,January,22,21,0.83
2017,January,22,22,1.39
2017,January,22,23,1.6
2017,January,23,0,1.07
2017,January,23,1,0.38
2017,January,23,2,0.11
2017,January,23,3,0.12
2017,January,23,4,0.2
2017,January,23,5,-0.06
2017,January,23,6,-0.27
2017,January,23,7,-0.13
2017,January,23,8,-0.12
2017,January,23,9,-0.14
2017,January,23,10,0.58
2017,January,23,11,1.49
2017,January,23,12,3.11
2017,January,23,13,3.03
2017,January,23,14,4.03
2017,January,23,15,4
2017,January,23,16,4.53
2017,January,23,17,4.87
2017,January,23,18,4.9
2017,January,23,19,4.33
2017,January,23,20,3.79
2017,January,23,21,3.51
2017,January,23,22,3.28
2017,January,23,23,3.32
2017,January,24,0,2.89
2017,January,24,1,3.03
2017,January,24,2,2.92
2017,January,24,3,3.43
2017,January,24,4,3.86
2017,January,24,5,4.05
2017,January,24,6,4.05
2017,January,24,7,4.76
2017,January,24,8,5.75
2017,January,24,9,6.13
2017,January,24,10,6.3
2017,January,24,11,6.66
2017,January,24,12,7
2017,January,24,13,7.24
2017,January,24,14,7.28
2017,January,24,15,6.56
2017,January,24,16,6.55
2017,January,24,17,6.87
2017,January,24,18,7.27
2017,January,24,19,7.39
2017,January,24,20,7.21
2017,January,24,21,7.57
2017,January,24,22,7.42
2017,January,24,23,7.63
2017,January,25,0,7.08
2017,January,25,1,6.96
2017,January,25,2,7.02
2017,January,25,3,6.76
2017,January,25,4,6.56
2017,January,25,5,6.36
2017,January,25,6,5.89
2017,January,25,7,5.39
2017,January,25,8,4.78
2017,January,25,9,5.31
2017,January,25,10,6.18
2017,January,25,11,6.83
2017,January,25,12,7.02
2017,January,25,13,7.03
2017,January,25,14,6.9
2017,January,25,15,6.5
2017,January,25,16,5.73
2017,January,25,17,4.94
2017,January,25,18,4.89
2017,January,25,19,4.68
2017,January,25,20,3.63
2017,January,25,21,2.86
2017,January,25,22,3.24
2017,January,25,23,3.23
2017,January,26,0,2.62
2017,January,26,1,2.07
2017,January,26,2,0.96
2017,January,26,3,0.25
2017,January,26,4,0.14
2017,January,26,5,0.11
2017,January,26,6,0.05
2017,January,26,7,-0.35
2017,January,26,8,-1
2017,January,26,9,-0.67
2017,January,26,10,0
2017,January,26,11,0.65
2017,January,26,12,0.67
2017,January,26,13,0.53
2017,January,26,14,-0.19
2017,January,26,15,-0.12
2017,January,26,16,-0.46
2017,January,26,17,-0.84
2017,January,26,18,-0.8
2017,January,26,19,-0.98
2017,January,26,20,-1.22
2017,January,26,21,-0.86
2017,January,26,22,-0.51
2017,January,26,23,0.26
2017,January,27,0,0.45
2017,January,27,1,0.8
2017,January,27,2,0.57
2017,January,27,3,0.32
2017,January,27,4,1.08
2017,January,27,5,1.39
2017,January,27,6,0.72
2017,January,27,7,0.8
2017,January,27,8,0.2
2017,January,27,9,0.66
2017,January,27,10,2.04
2017,January,27,11,1.52
2017,January,27,12,1.79
2017,January,27,13,2.77
2017,January,27,14,3.11
2017,January,27,15,2.61
2017,January,27,16,2.77
2017,January,27,17,3.11
2017,January,27,18,3.44
2017,January,27,19,3.73
2017,January,27,20,3.72
2017,January,27,21,3.59
2017,January,27,22,3.75
2017,January,27,23,3.64
2017,January,28,0,3.25
2017,January,28,1,3.3
2017,January,28,2,4.09
2017,January,28,3,3.96
2017,January,28,4,3.91
2017,January,28,5,4.38
2017,January,28,6,4.51
2017,January,28,7,5.07
2017,January,28,8,5.26
2017,January,28,9,4.97
2017,January,28,10,4.79
2017,January,28,11,4.6
2017,January,28,12,4.73
2017,January,28,13,4.72
2017,January,28,14,4.83
2017,January,28,15,4.93
2017,January,28,16,4.69
2017,January,28,17,3.37
2017,January,28,18,3.24
2017,January,28,19,2.86
2017,January,28,20,2.96
2017,January,28,21,3.07
2017,January,28,22,2.13
2017,January,28,23,0.05
2017,January,29,0,0.8
2017,January,29,1,1.48
2017,January,29,2,1.86
2017,January,29,3,1.93
2017,January,29,4,1.74
2017,January,29,5,1.99
2017,January,29,6,2.16
2017,January,29,7,2.27
2017,January,29,8,2.39
2017,January,29,9,2.77
2017,January,29,10,3.81
2017,January,29,11,4.84
2017,January,29,12,4.94
2017,January,29,13,5.74
2017,January,29,14,5.41
2017,January,29,15,4.97
2017,January,29,16,4.81
2017,January,29,17,4.87
2017,January,29,18,4.87
2017,January,29,19,5.07
2017,January,29,20,5.3
2017,January,29,21,4.75
2017,January,29,22,4.19
2017,January,29,23,4.07
2017,January,30,0,3.77
2017,January,30,1,2.79
2017,January,30,2,1.94
2017,January,30,3,2.84
2017,January,30,4,2.97
2017,January,30,5,2.97
2017,January,30,6,3.09
2017,January,30,7,3.44
2017,January,30,8,3.16
2017,January,30,9,4.69
2017,January,30,10,5.84
2017,January,30,11,5.7
2017,January,30,12,6.31
2017,January,30,13,6.59
2017,January,30,14,6.29
2017,January,30,15,6.08
2017,January,30,16,6
2017,January,30,17,5.81
2017,January,30,18,5.75
2017,January,30,19,5.82
2017,January,30,20,5.69
2017,January,30,21,5.54
2017,January,30,22,5.71
2017,January,30,23,6.33
2017,January,31,0,6.25
2017,January,31,1,6.05
2017,January,31,2,6.04
2017,January,31,3,5.3
2017,January,31,4,5.38
2017,January,31,5,5.76
2017,January,31,6,5.65
2017,January,31,7,6.11
2017,January,31,8,5.94
2017,January,31,9,5.81
2017,January,31,10,6.22
2017,January,31,11,7.28
2017,January,31,12,7.64
2017,January,31,13,8.81
2017,January,31,14,9.08
2017,January,31,15,9.28
2017,January,31,16,9.26
2017,January,31,17,9.1
2017,January,31,18,8.99
2017,January,31,19,8.73
2017,January,31,20,8.06
2017,January,31,21,7.91
2017,January,31,22,7.68
2017,January,31,23,7.38
2017,February,1,0,7.36
2017,February,1,1,7.54
2017,February,1,2,7.38
2017,February,1,3,7.58
2017,February,1,4,7.51
2017,February,1,5,7.79
2017,February,1,6,7.93
2017,February,1,7,8.17
2017,February,1,8,8.12
2017,February,1,9,8.48
2017,February,1,10,8.56
2017,February,1,11,9.34
2017,February,1,12,9.28
2017,February,1,13,9.25
2017,February,1,14,9.98
2017,February,1,15,9.83
2017,February,1,16,9.33
2017,February,1,17,9.03
2017,February,1,18,9.55
2017,February,1,19,9.67
2017,February,1,20,9.4
2017,February,1,21,9.24
2017,February,1,22,8.99
2017,February,1,23,8.35
2017,February,2,0,8.32
2017,February,2,1,8.84
2017,February,2,2,9.43
2017,February,2,3,9.98
2017,February,2,4,10.53
2017,February,2,5,10.75
2017,February,2,6,11.11
2017,February,2,7,11.06
2017,February,2,8,10.76
2017,February,2,9,10.54
2017,February,2,10,10.64
2017,February,2,11,10.88
2017,February,2,12,10.78
2017,February,2,13,10.7
2017,February,2,14,11.31
2017,February,2,15,11.44
2017,February,2,16,11.36
2017,February,2,17,11.23
2017,February,2,18,11.32
2017,February,2,19,11.23
2017,February,2,20,10.59
2017,February,2,21,10.62
2017,February,2,22,10.53
2017,February,2,23,10.31
2017,February,3,0,9.92
2017,February,3,1,9.19
2017,February,3,2,8.21
2017,February,3,3,7.91
2017,February,3,4,7.76
2017,February,3,5,7.28
2017,February,3,6,6.76
2017,February,3,7,6.27
2017,February,3,8,5.75
2017,February,3,9,6.52
2017,February,3,10,7.38
2017,February,3,11,7.78
2017,February,3,12,8.35
2017,February,3,13,8.57
2017,February,3,14,8.38
2017,February,3,15,8.23
2017,February,3,16,7.69
2017,February,3,17,7.6
2017,February,3,18,7.63
2017,February,3,19,7.81
2017,February,3,20,7.38
2017,February,3,21,6.92
2017,February,3,22,6.53
2017,February,3,23,4.27
2017,February,4,0,3.64
2017,February,4,1,3.92
2017,February,4,2,3.98
2017,February,4,3,3.76
2017,February,4,4,3.51
2017,February,4,5,3.04
2017,February,4,6,2.36
2017,February,4,7,2.29
2017,February,4,8,2.4
2017,February,4,9,2.81
2017,February,4,10,3.15
2017,February,4,11,4.41
2017,February,4,12,4.32
2017,February,4,13,6.43
2017,February,4,14,6.03
2017,February,4,15,6.01
2017,February,4,16,4.77
2017,February,4,17,3.79
2017,February,4,18,3.63
2017,February,4,19,3.81
2017,February,4,20,3.77
2017,February,4,21,3.63
2017,February,4,22,3.49
2017,February,4,23,3.6
2017,February,5,0,3.78
2017,February,5,1,3.18
2017,February,5,2,2.92
2017,February,5,3,3.2
2017,February,5,4,2.86
2017,February,5,5,3.18
2017,February,5,6,3.54
2017,February,5,7,3.7
2017,February,5,8,3.59
2017,February,5,9,3.6
2017,February,5,10,4.6
2017,February,5,11,5.52
2017,February,5,12,5.53
2017,February,5,13,5.58
2017,February,5,14,5.64
2017,February,5,15,4.84
2017,February,5,16,4.5
2017,February,5,17,3.32
2017,February,5,18,2.67
2017,February,5,19,3.23
2017,February,5,20,3.54
2017,February,5,21,3.37
2017,February,5,22,3.21
2017,February,5,23,2.87
2017,February,6,0,2.75
2017,February,6,1,2.58
2017,February,6,2,2.5
2017,February,6,3,2.33
2017,February,6,4,2.04
2017,February,6,5,2.33
2017,February,6,6,2.49
2017,February,6,7,1.47
2017,February,6,8,2.17
2017,February,6,9,3.06
2017,February,6,10,3.85
2017,February,6,11,4.82
2017,February,6,12,5.22
2017,February,6,13,5.46
2017,February,6,14,5.61
2017,February,6,15,5.55
2017,February,6,16,4.72
2017,February,6,17,3.21
2017,February,6,18,3.18
2017,February,6,19,3.36
2017,February,6,20,3.62
2017,February,6,21,3.86
2017,February,6,22,4.28
2017,February,6,23,4.54
2017,February,7,0,4.71
2017,February,7,1,4.87
2017,February,7,2,4.92
2017,February,7,3,4.9
2017,February,7,4,5.16
2017,February,7,5,5.33
2017,February,7,6,5.27
2017,February,7,7,5.94
2017,February,7,8,5.8
2017,February,7,9,5.76
2017,February,7,10,6.48
2017,February,7,11,7.43
2017,February,7,12,7.56
2017,February,7,13,8.03
2017,February,7,14,7.75
2017,February,7,15,7.36
2017,February,7,16,6.13
2017,February,7,17,4.56
2017,February,7,18,3.67
2017,February,7,19,3.1
2017,February,7,20,3.39
2017,February,7,21,3.6
2017,February,7,22,3.64
2017,February,7,23,3.28
2017,February,8,0,3.09
2017,February,8,1,3.27
2017,February,8,2,3.15
2017,February,8,3,2.45
2017,February,8,4,2.12
2017,February,8,5,1.79
2017,February,8,6,2.31
2017,February,8,7,3.18
2017,February,8,8,3.58
2017,February,8,9,4.57
2017,February,8,10,4.58
2017,February,8,11,4.1
2017,February,8,12,4.86
2017,February,8,13,4.34
2017,February,8,14,4.26
2017,February,8,15,3.8
2017,February,8,16,3.57
2017,February,8,17,3.03
2017,February,8,18,1.86
2017,February,8,19,0.78
2017,February,8,20,0.11
2017,February,8,21,0.91
2017,February,8,22,0.7
2017,February,8,23,0.33
2017,February,9,0,0.57
2017,February,9,1,0.59
2017,February,9,2,0.42
2017,February,9,3,0.55
2017,February,9,4,0.85
2017,February,9,5,0.98
2017,February,9,6,1
2017,February,9,7,0.77
2017,February,9,8,0.98
2017,February,9,9,1.12
2017,February,9,10,1.55
2017,February,9,11,1.82
2017,February,9,12,2.1
2017,February,9,13,2.37
2017,February,9,14,2.21
2017,February,9,15,1.89
2017,February,9,16,1.73
2017,February,9,17,1.53
2017,February,9,18,1.46
2017,February,9,19,1.43
2017,February,9,20,1.36
2017,February,9,21,1.14
2017,February,9,22,0.92
2017,February,9,23,0.68
2017,February,10,0,1.06
2017,February,10,1,0.9
2017,February,10,2,1.08
2017,February,10,3,1
2017,February,10,4,1.01
2017,February,10,5,1.04
2017,February,10,6,1.05
2017,February,10,7,1
2017,February,10,8,1.04
2017,February,10,9,1.3
2017,February,10,10,2.03
2017,February,10,11,2.66
2017,February,10,12,2.93
2017,February,10,13,3.3
2017,February,10,14,2.9
2017,February,10,15,2.6
2017,February,10,16,2.31
2017,February,10,17,1.87
2017,February,10,18,1.64
2017,February,10,19,1.32
2017,February,10,20,0.98
2017,February,10,21,0.43
2017,February,10,22,0.51
2017,February,10,23,0.87
2017,February,11,0,0.8
2017,February,11,1,0.62
2017,February,11,2,0.91
2017,February,11,3,1.01
2017,February,11,4,1.09
2017,February,11,5,1.37
2017,February,11,6,1.6
2017,February,11,7,1.77
2017,February,11,8,1.97
2017,February,11,9,2.39
2017,February,11,10,3.05
2017,February,11,11,3.69
2017,February,11,12,4.02
2017,February,11,13,4.08
2017,February,11,14,4.03
2017,February,11,15,3.84
2017,February,11,16,3.83
2017,February,11,17,3.55
2017,February,11,18,3.34
2017,February,11,19,3.35
2017,February,11,20,3.59
2017,February,11,21,3.76
2017,February,11,22,3.37
2017,February,11,23,3.21
2017,February,12,0,3.2
2017,February,12,1,3.02
2017,February,12,2,2.67
2017,February,12,3,2.62
2017,February,12,4,2.39
2017,February,12,5,2.19
2017,February,12,6,2.31
2017,February,12,7,2.12
2017,February,12,8,2.06
2017,February,12,9,2.43
2017,February,12,10,2.88
2017,February,12,11,3.07
2017,February,12,12,3.32
2017,February,12,13,3.27
2017,February,12,14,3.13
2017,February,12,15,2.66
2017,February,12,16,2.79
2017,February,12,17,3.05
2017,February,12,18,3.09
2017,February,12,19,3.15
2017,February,12,20,3.31
2017,February,12,21,3.34
2017,February,12,22,3.18
2017,February,12,23,3.38
2017,February,13,0,3.38
2017,February,13,1,3.42
2017,February,13,2,3.19
2017,February,13,3,3.13
2017,February,13,4,3.16
2017,February,13,5,3.35
2017,February,13,6,3.57
2017,February,13,7,3.64
2017,February,13,8,3.92
2017,February,13,9,4.77
2017,February,13,10,5.13
2017,February,13,11,5.73
2017,February,13,12,6.75
2017,February,13,13,7.53
2017,February,13,14,8.18
2017,February,13,15,8
2017,February,13,16,6.92
2017,February,13,17,5.88
2017,February,13,18,4.72
2017,February,13,19,4.24
2017,February,13,20,4.2
2017,February,13,21,4.14
2017,February,13,22,3.99
2017,February,13,23,3.87
2017,February,14,0,3.95
2017,February,14,1,4.02
2017,February,14,2,3.93
2017,February,14,3,3.79
2017,February,14,4,3.61
2017,February,14,5,3.44
2017,February,14,6,3.15
2017,February,14,7,2.96
2017,February,14,8,3.07
2017,February,14,9,3.78
2017,February,14,10,4.82
2017,February,14,11,4.9
2017,February,14,12,6.01
2017,February,14,13,7
2017,February,14,14,6.94
2017,February,14,15,6.92
2017,February,14,16,6.98
2017,February,14,17,6.66
2017,February,14,18,6.88
2017,February,14,19,7.26
2017,February,14,20,6.93
2017,February,14,21,7.18
2017,February,14,22,7.26
2017,February,14,23,7.87
2017,February,15,0,7.77
2017,February,15,1,7.84
2017,February,15,2,7.83
2017,February,15,3,7.58
2017,February,15,4,7.07
2017,February,15,5,7.47
2017,February,15,6,7.23
2017,February,15,7,6.96
2017,February,15,8,7.85
2017,February,15,9,8.57
2017,February,15,10,9.38
2017,February,15,11,9.38
2017,February,15,12,10.08
2017,February,15,13,10.01
2017,February,15,14,9.53
2017,February,15,15,9.46
2017,February,15,16,9.27
2017,February,15,17,8.75
2017,February,15,18,8.42
2017,February,15,19,8.65
2017,February,15,20,8.58
2017,February,15,21,8.36
2017,February,15,22,8.24
2017,February,15,23,7.72
2017,February,16,0,7.38
2017,February,16,1,7.02
2017,February,16,2,6.81
2017,February,16,3,6.65
2017,February,16,4,6.71
2017,February,16,5,6.46
2017,February,16,6,6.5
2017,February,16,7,6.5
2017,February,16,8,6.72
2017,February,16,9,7.01
2017,February,16,10,7.87
2017,February,16,11,8
2017,February,16,12,7.49
2017,February,16,13,7.48
2017,February,16,14,7.42
2017,February,16,15,7.45
2017,February,16,16,7.31
2017,February,16,17,7.19
2017,February,16,18,7.03
2017,February,16,19,7.16
2017,February,16,20,7.29
2017,February,16,21,7.13
2017,February,16,22,6.89
2017,February,16,23,6.84
2017,February,17,0,6.89
2017,February,17,1,6.83
2017,February,17,2,6.86
2017,February,17,3,6.77
2017,February,17,4,6.74
2017,February,17,5,6.87
2017,February,17,6,6.99
2017,February,17,7,7.21
2017,February,17,8,7.32
2017,February,17,9,7.61
2017,February,17,10,7.93
2017,February,17,11,8.25
2017,February,17,12,9.02
2017,February,17,13,9.65
2017,February,17,14,10.09
2017,February,17,15,10.27
2017,February,17,16,9.96
2017,February,17,17,9.48
2017,February,17,18,9.15
2017,February,17,19,9.43
2017,February,17,20,9.53
2017,February,17,21,9.37
2017,February,17,22,9.31
2017,February,17,23,9.19
2017,February,18,0,8.94
2017,February,18,1,9.03
2017,February,18,2,9.27
2017,February,18,3,8.91
2017,February,18,4,8.72
2017,February,18,5,8.52
2017,February,18,6,8.11
2017,February,18,7,7.9
2017,February,18,8,7.86
2017,February,18,9,8.01
2017,February,18,10,8.22
2017,February,18,11,8.75
2017,February,18,12,8.92
2017,February,18,13,9.3
2017,February,18,14,9.21
2017,February,18,15,9.53
2017,February,18,16,9.31
2017,February,18,17,8.78
2017,February,18,18,8.81
2017,February,18,19,8.43
2017,February,18,20,7.73
2017,February,18,21,7.85
2017,February,18,22,8
2017,February,18,23,7.82
2017,February,19,0,7.43
2017,February,19,1,7.3
2017,February,19,2,7.33
2017,February,19,3,7.19
2017,February,19,4,7.13
2017,February,19,5,7.3
2017,February,19,6,6.99
2017,February,19,7,6.86
2017,February,19,8,6.99
2017,February,19,9,7.09
2017,February,19,10,7.11
2017,February,19,11,7.22
2017,February,19,12,7.46
2017,February,19,13,7.67
2017,February,19,14,7.68
2017,February,19,15,7.63
2017,February,19,16,7.66
2017,February,19,17,7.73
2017,February,19,18,7.84
2017,February,19,19,8.09
2017,February,19,20,8.12
2017,February,19,21,8.06
2017,February,19,22,8.14
2017,February,19,23,8.32
2017,February,20,0,8.28
2017,February,20,1,8.18
2017,February,20,2,8.27
2017,February,20,3,8.12
2017,February,20,4,8.17
2017,February,20,5,8.22
2017,February,20,6,8.28
2017,February,20,7,7.93
2017,February,20,8,8.26
2017,February,20,9,8.62
2017,February,20,10,8.58
2017,February,20,11,9.08
2017,February,20,12,9.12
2017,February,20,13,8.88
2017,February,20,14,8.81
2017,February,20,15,8.39
2017,February,20,16,8.48
2017,February,20,17,8.34
2017,February,20,18,7.49
2017,February,20,19,7.74
2017,February,20,20,7.76
2017,February,20,21,7.67
2017,February,20,22,7.76
2017,February,20,23,7.71
2017,February,21,0,7.79
2017,February,21,1,7.44
2017,February,21,2,6.96
2017,February,21,3,6.24
2017,February,21,4,6.87
2017,February,21,5,6.8
2017,February,21,6,6.4
2017,February,21,7,6.06
2017,February,21,8,5.47
2017,February,21,9,6.16
2017,February,21,10,6.98
2017,February,21,11,8
2017,February,21,12,8.69
2017,February,21,13,8.5
2017,February,21,14,9.2
2017,February,21,15,9.53
2017,February,21,16,9.53
2017,February,21,17,9.66
2017,February,21,18,9.85
2017,February,21,19,9.67
2017,February,21,20,9.72
2017,February,21,21,9.14
2017,February,21,22,9.05
2017,February,21,23,9.19
2017,February,22,0,9.16
2017,February,22,1,8.83
2017,February,22,2,7.32
2017,February,22,3,6.57
2017,February,22,4,6.71
2017,February,22,5,6.95
2017,February,22,6,6.81
2017,February,22,7,6.79
2017,February,22,8,7.04
2017,February,22,9,6.97
2017,February,22,10,7.21
2017,February,22,11,7.43
2017,February,22,12,7.68
2017,February,22,13,7.77
2017,February,22,14,7.68
2017,February,22,15,7.52
2017,February,22,16,7.31
2017,February,22,17,6.9
2017,February,22,18,6.44
2017,February,22,19,6.37
2017,February,22,20,6.44
2017,February,22,21,6.62
2017,February,22,22,6.42
2017,February,22,23,6.15
2017,February,23,0,5.74
2017,February,23,1,6.26
2017,February,23,2,6.97
2017,February,23,3,7.94
2017,February,23,4,8.44
2017,February,23,5,8.63
2017,February,23,6,7.89
2017,February,23,7,7.3
2017,February,23,8,5.17
2017,February,23,9,5.15
2017,February,23,10,5.54
2017,February,23,11,5.58
2017,February,23,12,4.33
2017,February,23,13,4.55
2017,February,23,14,5.6
2017,February,23,15,5.09
2017,February,23,16,4.8
2017,February,23,17,4.71
2017,February,23,18,4.11
2017,February,23,19,4
2017,February,23,20,4.03
2017,February,23,21,4.16
2017,February,23,22,4.2
2017,February,23,23,4.25
2017,February,24,0,4.41
2017,February,24,1,3.46
2017,February,24,2,3.45
2017,February,24,3,3.13
2017,February,24,4,3.5
2017,February,24,5,3.28
2017,February,24,6,3.15
2017,February,24,7,3.05
2017,February,24,8,3.51
2017,February,24,9,4.66
2017,February,24,10,5.55
2017,February,24,11,5.59
2017,February,24,12,6.58
2017,February,24,13,6.65
2017,February,24,14,6.48
2017,February,24,15,6.32
2017,February,24,16,6.17
2017,February,24,17,5.8
2017,February,24,18,5.35
2017,February,24,19,5.2
2017,February,24,20,5.35
2017,February,24,21,5.54
2017,February,24,22,5.32
2017,February,24,23,5.35
2017,February,25,0,4.98
2017,February,25,1,5.28
2017,February,25,2,5.49
2017,February,25,3,5.79
2017,February,25,4,6.21
2017,February,25,5,6.89
2017,February,25,6,7.48
2017,February,25,7,7.74
2017,February,25,8,7.41
2017,February,25,9,7.34
2017,February,25,10,7.62
2017,February,25,11,7.96
2017,February,25,12,8.58
2017,February,25,13,9.08
2017,February,25,14,8.91
2017,February,25,15,8.89
2017,February,25,16,8.8
2017,February,25,17,8.9
2017,February,25,18,8.75
2017,February,25,19,8.63
2017,February,25,20,8.49
2017,February,25,21,8.16
2017,February,25,22,7.4
2017,February,25,23,7.02
2017,February,26,0,6.51
2017,February,26,1,6.26
2017,February,26,2,6.35
2017,February,26,3,6.63
2017,February,26,4,6.78
2017,February,26,5,6.75
2017,February,26,6,6.78
2017,February,26,7,6.9
2017,February,26,8,7.02
2017,February,26,9,7.71
2017,February,26,10,8.47
2017,February,26,11,8.24
2017,February,26,12,8.76
2017,February,26,13,9.29
2017,February,26,14,9.67
2017,February,26,15,9.69
2017,February,26,16,9.81
2017,February,26,17,9.36
2017,February,26,18,7.67
2017,February,26,19,6.72
2017,February,26,20,5.97
2017,February,26,21,6.16
2017,February,26,22,6.06
2017,February,26,23,5.36
2017,February,27,0,4.95
2017,February,27,1,5.14
2017,February,27,2,4.33
2017,February,27,3,4.39
2017,February,27,4,3.91
2017,February,27,5,4.09
2017,February,27,6,4.39
2017,February,27,7,4.09
2017,February,27,8,4.43
2017,February,27,9,4.77
2017,February,27,10,4.84
2017,February,27,11,5.25
2017,February,27,12,5.54
2017,February,27,13,5.54
2017,February,27,14,5.16
2017,February,27,15,5.05
2017,February,27,16,4.56
2017,February,27,17,4.63
2017,February,27,18,3.1
2017,February,27,19,2.55
2017,February,27,20,2.13
2017,February,27,21,2.07
2017,February,27,22,1.18
2017,February,27,23,0.57
2017,February,28,0,0.42
2017,February,28,1,0.33
2017,February,28,2,0.42
2017,February,28,3,0.57
2017,February,28,4,0.63
2017,February,28,5,0.1
2017,February,28,6,0.69
2017,February,28,7,0.97
2017,February,28,8,1.01
2017,February,28,9,1.93
2017,February,28,10,3.56
2017,February,28,11,4.96
2017,February,28,12,4.26
2017,February,28,13,3.84
2017,February,28,14,3.68
2017,February,28,15,4.18
2017,February,28,16,4.34
2017,February,28,17,4.45
2017,February,28,18,4.21
2017,February,28,19,3.93
2017,February,28,20,3.7
2017,February,28,21,3.05
2017,February,28,22,3.3
2017,February,28,23,3.02
2017,March,1,0,2.65
2017,March,1,1,2.46
2017,March,1,2,2.7
2017,March,1,3,2.55
2017,March,1,4,3
2017,March,1,5,2.68
2017,March,1,6,2.31
2017,March,1,7,1.87
2017,March,1,8,2.89
2017,March,1,9,4.2
2017,March,1,10,5.01
2017,March,1,11,5.09
2017,March,1,12,5.92
2017,March,1,13,7.13
2017,March,1,14,7.13
2017,March,1,15,6.93
2017,March,1,16,6.58
2017,March,1,17,5.7
2017,March,1,18,4.98
2017,March,1,19,4.56
2017,March,1,20,3.89
2017,March,1,21,3.44
2017,March,1,22,3.97
2017,March,1,23,3.87
2017,March,2,0,3.43
2017,March,2,1,3.35
2017,March,2,2,3.82
2017,March,2,3,3.94
2017,March,2,4,3.89
2017,March,2,5,4
2017,March,2,6,4.07
2017,March,2,7,4.03
2017,March,2,8,4.66
2017,March,2,9,5.37
2017,March,2,10,6.19
2017,March,2,11,6.34
2017,March,2,12,6.49
2017,March,2,13,6.02
2017,March,2,14,6.32
2017,March,2,15,6.58
2017,March,2,16,6.35
2017,March,2,17,6.08
2017,March,2,18,5.67
2017,March,2,19,5.18
2017,March,2,20,5.28
2017,March,2,21,5.66
2017,March,2,22,5.83
2017,March,2,23,5.73
2017,March,3,0,5.71
2017,March,3,1,5.39
2017,March,3,2,5.2
2017,March,3,3,5.37
2017,March,3,4,5.25
2017,March,3,5,5.29
2017,March,3,6,5.53
2017,March,3,7,5.43
2017,March,3,8,5.91
2017,March,3,9,6.17
2017,March,3,10,6.47
2017,March,3,11,6.63
2017,March,3,12,6.38
2017,March,3,13,5.81
2017,March,3,14,5.64
2017,March,3,15,5.11
2017,March,3,16,4.77
2017,March,3,17,4.83
2017,March,3,18,5.01
2017,March,3,19,5.38
2017,March,3,20,5.73
2017,March,3,21,5.59
2017,March,3,22,5.97
2017,March,3,23,6.54
2017,March,4,0,6.6
2017,March,4,1,7.19
2017,March,4,2,7.39
2017,March,4,3,7.55
2017,March,4,4,7.78
2017,March,4,5,7.01
2017,March,4,6,6.38
2017,March,4,7,6.06
2017,March,4,8,6.36
2017,March,4,9,7.33
2017,March,4,10,7.59
2017,March,4,11,8.6
2017,March,4,12,9.19
2017,March,4,13,9.31
2017,March,4,14,9.32
2017,March,4,15,9.08
2017,March,4,16,8.52
2017,March,4,17,8
2017,March,4,18,6.49
2017,March,4,19,5.78
2017,March,4,20,5.92
2017,March,4,21,5.6
2017,March,4,22,5.27
2017,March,4,23,5.54
2017,March,5,0,5.43
2017,March,5,1,5.44
2017,March,5,2,5.2
2017,March,5,3,4.79
2017,March,5,4,4.98
2017,March,5,5,4.81
2017,March,5,6,4
2017,March,5,7,3.9
2017,March,5,8,5.07
2017,March,5,9,5.67
2017,March,5,10,6.31
2017,March,5,11,6.27
2017,March,5,12,6.15
2017,March,5,13,6.36
2017,March,5,14,6.48
2017,March,5,15,6.71
2017,March,5,16,7.01
2017,March,5,17,6.45
2017,March,5,18,6.35
2017,March,5,19,5.86
2017,March,5,20,5.28
2017,March,5,21,5.43
2017,March,5,22,5.56
2017,March,5,23,5.39
2017,March,6,0,5.53
2017,March,6,1,5.53
2017,March,6,2,4.94
2017,March,6,3,4.94
2017,March,6,4,4.96
2017,March,6,5,4.57
2017,March,6,6,3.85
2017,March,6,7,3.86
2017,March,6,8,5.22
2017,March,6,9,6.47
2017,March,6,10,7.22
2017,March,6,11,6.92
2017,March,6,12,7.35
2017,March,6,13,8.19
2017,March,6,14,8.05
2017,March,6,15,8.06
2017,March,6,16,7.63
2017,March,6,17,6.29
2017,March,6,18,5.47
2017,March,6,19,5.09
2017,March,6,20,4.7
2017,March,6,21,5.25
2017,March,6,22,5.77
2017,March,6,23,5.33
2017,March,7,0,5
2017,March,7,1,4.54
2017,March,7,2,4
2017,March,7,3,4.66
2017,March,7,4,4.82
2017,March,7,5,4.28
2017,March,7,6,4.05
2017,March,7,7,3.88
2017,March,7,8,5.07
2017,March,7,9,5.37
2017,March,7,10,6.27
2017,March,7,11,6.6
2017,March,7,12,7.03
2017,March,7,13,7.48
2017,March,7,14,7.25
2017,March,7,15,7.42
2017,March,7,16,7.62
2017,March,7,17,7.34
2017,March,7,18,7.3
2017,March,7,19,7.45
2017,March,7,20,7.35
2017,March,7,21,6.98
2017,March,7,22,6.3
2017,March,7,23,6.31
2017,March,8,0,6.52
2017,March,8,1,6.79
2017,March,8,2,7.29
2017,March,8,3,8.45
2017,March,8,4,7.81
2017,March,8,5,6.93
2017,March,8,6,6.28
2017,March,8,7,6.23
2017,March,8,8,6.71
2017,March,8,9,7.25
2017,March,8,10,7.71
2017,March,8,11,8.44
2017,March,8,12,8.7
2017,March,8,13,8.97
2017,March,8,14,9.92
2017,March,8,15,9.87
2017,March,8,16,9.69
2017,March,8,17,9.15
2017,March,8,18,8.05
2017,March,8,19,7.29
2017,March,8,20,7.63
2017,March,8,21,6.9
2017,March,8,22,6.1
2017,March,8,23,5.96
2017,March,9,0,6.19
2017,March,9,1,6.73
2017,March,9,2,7.33
2017,March,9,3,7.51
2017,March,9,4,7.46
2017,March,9,5,7.66
2017,March,9,6,7.42
2017,March,9,7,7.41
2017,March,9,8,7.61
2017,March,9,9,7.88
2017,March,9,10,8.38
2017,March,9,11,8.69
2017,March,9,12,8.76
2017,March,9,13,9.03
2017,March,9,14,8.69
2017,March,9,15,8.84
2017,March,9,16,8.5
2017,March,9,17,7.6
2017,March,9,18,6.39
2017,March,9,19,5.8
2017,March,9,20,5.74
2017,March,9,21,5.63
2017,March,9,22,5.4
2017,March,9,23,4.98
2017,March,10,0,5.18
2017,March,10,1,5.41
2017,March,10,2,6.05
2017,March,10,3,6.1
2017,March,10,4,7.32
2017,March,10,5,8
2017,March,10,6,7.9
2017,March,10,7,6.55
2017,March,10,8,7.02
2017,March,10,9,7.39
2017,March,10,10,8.65
2017,March,10,11,9.67
2017,March,10,12,10.15
2017,March,10,13,10.14
2017,March,10,14,9.95
2017,March,10,15,10.25
2017,March,10,16,10.43
2017,March,10,17,10.14
2017,March,10,18,9.18
2017,March,10,19,9.83
2017,March,10,20,10.13
2017,March,10,21,10.39
2017,March,10,22,10.34
2017,March,10,23,10.27
2017,March,11,0,9.74
2017,March,11,1,9.43
2017,March,11,2,8.99
2017,March,11,3,8.39
2017,March,11,4,8.37
2017,March,11,5,8.27
2017,March,11,6,8.62
2017,March,11,7,8.76
2017,March,11,8,8.72
2017,March,11,9,8.9
2017,March,11,10,9.26
2017,March,11,11,9.73
2017,March,11,12,10.24
2017,March,11,13,10.4
2017,March,11,14,10.63
2017,March,11,15,10.57
2017,March,11,16,10.74
2017,March,11,17,10.77
2017,March,11,18,10.42
2017,March,11,19,10.38
2017,March,11,20,10.43
2017,March,11,21,10.43
2017,March,11,22,9.97
2017,March,11,23,9.63
2017,March,12,0,9.4
2017,March,12,1,9.3
2017,March,12,2,9.4
2017,March,12,3,9.07
2017,March,12,4,8.75
2017,March,12,5,8.31
2017,March,12,6,8.03
2017,March,12,7,7.85
2017,March,12,8,7.81
2017,March,12,9,8.58
2017,March,12,10,9.24
2017,March,12,11,9.08
2017,March,12,12,8.66
2017,March,12,13,8.57
2017,March,12,14,8.39
2017,March,12,15,8.08
2017,March,12,16,8.32
2017,March,12,17,8.56
2017,March,12,18,7.59
2017,March,12,19,6.89
2017,March,12,20,6.23
2017,March,12,21,5.72
2017,March,12,22,5.51
2017,March,12,23,5.21
2017,March,13,0,4.81
2017,March,13,1,4.76
2017,March,13,2,5.03
2017,March,13,3,4.93
2017,March,13,4,4.1
2017,March,13,5,4.44
2017,March,13,6,5.37
2017,March,13,7,6.49
2017,March,13,8,6.29
2017,March,13,9,6.85
2017,March,13,10,7.49
2017,March,13,11,8.22
2017,March,13,12,8.81
2017,March,13,13,9.5
2017,March,13,14,9.23
2017,March,13,15,9.19
2017,March,13,16,9.11
2017,March,13,17,8.88
2017,March,13,18,8.73
2017,March,13,19,8.82
2017,March,13,20,8.78
2017,March,13,21,8.77
2017,March,13,22,8.67
2017,March,13,23,9.02
2017,March,14,0,9.07
2017,March,14,1,9.14
2017,March,14,2,9.41
2017,March,14,3,9.41
2017,March,14,4,9.72
2017,March,14,5,9.7
2017,March,14,6,9.74
2017,March,14,7,9.9
2017,March,14,8,9.8
2017,March,14,9,9.73
2017,March,14,10,9.72
2017,March,14,11,10.19
2017,March,14,12,10.06
2017,March,14,13,10.56
2017,March,14,14,11.02
2017,March,14,15,10.5
2017,March,14,16,10.34
2017,March,14,17,9.91
2017,March,14,18,9.08
2017,March,14,19,8.56
2017,March,14,20,8.4
2017,March,14,21,7.91
2017,March,14,22,7.73
2017,March,14,23,7.67
2017,March,15,0,7.27
2017,March,15,1,6.83
2017,March,15,2,6.61
2017,March,15,3,6.06
2017,March,15,4,5.03
2017,March,15,5,4.5
2017,March,15,6,4.43
2017,March,15,7,4.98
2017,March,15,8,5.98
2017,March,15,9,7.42
2017,March,15,10,8.72
2017,March,15,11,10.04
2017,March,15,12,11.14
2017,March,15,13,10.88
2017,March,15,14,11.09
2017,March,15,15,11.22
2017,March,15,16,10.75
2017,March,15,17,10.2
2017,March,15,18,9.2
2017,March,15,19,8.56
2017,March,15,20,8.08
2017,March,15,21,7.46
2017,March,15,22,7.37
2017,March,15,23,7.17
2017,March,16,0,7.07
2017,March,16,1,6.99
2017,March,16,2,6.88
2017,March,16,3,7.12
2017,March,16,4,7.21
2017,March,16,5,7.16
2017,March,16,6,7.12
2017,March,16,7,6.98
2017,March,16,8,7.04
2017,March,16,9,7.3
2017,March,16,10,8.16
2017,March,16,11,8.42
2017,March,16,12,9.62
2017,March,16,13,10.34
2017,March,16,14,9.51
2017,March,16,15,9.68
2017,March,16,16,7.69
2017,March,16,17,6.24
2017,March,16,18,6.59
2017,March,16,19,5.8
2017,March,16,20,5.1
2017,March,16,21,4.94
2017,March,16,22,5.21
2017,March,16,23,5.18
2017,March,17,0,5.41
2017,March,17,1,5.61
2017,March,17,2,5.57
2017,March,17,3,5.57
2017,March,17,4,5.97
2017,March,17,5,5.7
2017,March,17,6,5.6
2017,March,17,7,5.77
2017,March,17,8,6.22
2017,March,17,9,6.46
2017,March,17,10,6.51
2017,March,17,11,6.69
2017,March,17,12,7.12
2017,March,17,13,7.31
2017,March,17,14,7.09
2017,March,17,15,7.06
2017,March,17,16,7.19
2017,March,17,17,7.36
2017,March,17,18,7.79
2017,March,17,19,8.2
2017,March,17,20,8.45
2017,March,17,21,8.7
2017,March,17,22,8.73
2017,March,17,23,8.83
2017,March,18,0,8.8
2017,March,18,1,8.71
2017,March,18,2,8.64
2017,March,18,3,8.56
2017,March,18,4,8.58
2017,March,18,5,8.51
2017,March,18,6,8.45
2017,March,18,7,8.48
2017,March,18,8,8.58
2017,March,18,9,8.8
2017,March,18,10,8.97
2017,March,18,11,8.84
2017,March,18,12,8.82
2017,March,18,13,8.97
2017,March,18,14,8.85
2017,March,18,15,8.18
2017,March,18,16,8.41
2017,March,18,17,8.4
2017,March,18,18,8.61
2017,March,18,19,9.11
2017,March,18,20,9.13
2017,March,18,21,9.14
2017,March,18,22,9.56
2017,March,18,23,9.86
2017,March,19,0,9.83
2017,March,19,1,9.57
2017,March,19,2,9.3
2017,March,19,3,9.24
2017,March,19,4,9.2
2017,March,19,5,9.07
2017,March,19,6,8.9
2017,March,19,7,8.99
2017,March,19,8,9.34
2017,March,19,9,9.64
2017,March,19,10,9.69
2017,March,19,11,9.8
2017,March,19,12,9.71
2017,March,19,13,10.23
2017,March,19,14,9.83
2017,March,19,15,9.14
2017,March,19,16,9.16
2017,March,19,17,9.24
2017,March,19,18,8.59
2017,March,19,19,8.41
2017,March,19,20,8.05
2017,March,19,21,8.1
2017,March,19,22,8.41
2017,March,19,23,8.53
2017,March,20,0,8.72
2017,March,20,1,8.62
2017,March,20,2,8.57
2017,March,20,3,8.7
2017,March,20,4,8.51
2017,March,20,5,8.44
2017,March,20,6,8.48
2017,March,20,7,8.61
2017,March,20,8,8.48
2017,March,20,9,8.19
2017,March,20,10,8.24
2017,March,20,11,7.82
2017,March,20,12,7.78
2017,March,20,13,8.03
2017,March,20,14,8.13
2017,March,20,15,8.35
2017,March,20,16,8.1
2017,March,20,17,7.04
2017,March,20,18,6.27
2017,March,20,19,6
2017,March,20,20,5.74
2017,March,20,21,5.24
2017,March,20,22,5.03
2017,March,20,23,4.3
2017,March,21,0,4.65
2017,March,21,1,4.63
2017,March,21,2,4.39
2017,March,21,3,4.25
2017,March,21,4,4.13
2017,March,21,5,4.38
2017,March,21,6,4.37
2017,March,21,7,4.32
2017,March,21,8,4.63
2017,March,21,9,5.08
2017,March,21,10,5.24
2017,March,21,11,5.67
2017,March,21,12,5.27
2017,March,21,13,6.36
2017,March,21,14,6.54
2017,March,21,15,6.51
2017,March,21,16,6.39
2017,March,21,17,4.96
2017,March,21,18,3.61
2017,March,21,19,3.76
2017,March,21,20,3.41
2017,March,21,21,2.84
2017,March,21,22,3.03
2017,March,21,23,3.47
2017,March,22,0,3.5
2017,March,22,1,2.62
2017,March,22,2,1.74
2017,March,22,3,2.18
2017,March,22,4,2.5
2017,March,22,5,2.88
2017,March,22,6,3.33
2017,March,22,7,3.71
2017,March,22,8,4.13
2017,March,22,9,4.22
2017,March,22,10,4.36
2017,March,22,11,4.52
2017,March,22,12,4.95
2017,March,22,13,5.45
2017,March,22,14,5.29
2017,March,22,15,5.75
2017,March,22,16,5.11
2017,March,22,17,4.28
2017,March,22,18,4.07
2017,March,22,19,4.17
2017,March,22,20,4.42
2017,March,22,21,4.33
2017,March,22,22,4.53
2017,March,22,23,4.69
2017,March,23,0,4.9
2017,March,23,1,4.99
2017,March,23,2,4.53
2017,March,23,3,3.76
2017,March,23,4,4.37
2017,March,23,5,3.6
2017,March,23,6,4.25
2017,March,23,7,4.89
2017,March,23,8,6.43
2017,March,23,9,7.37
2017,March,23,10,8.87
2017,March,23,11,9.59
2017,March,23,12,10.47
2017,March,23,13,10.59
2017,March,23,14,10.55
2017,March,23,15,10.05
2017,March,23,16,9.37
2017,March,23,17,8.68
2017,March,23,18,7.13
2017,March,23,19,5.57
2017,March,23,20,4.6
2017,March,23,21,3.85
2017,March,23,22,3.34
2017,March,23,23,3.65
2017,March,24,0,3.76
2017,March,24,1,3.69
2017,March,24,2,2.83
2017,March,24,3,2.73
2017,March,24,4,3.41
2017,March,24,5,3.54
2017,March,24,6,3.89
2017,March,24,7,5.1
2017,March,24,8,5.74
2017,March,24,9,8.71
2017,March,24,10,10.41
2017,March,24,11,10.77
2017,March,24,12,11.64
2017,March,24,13,12.21
2017,March,24,14,12.42
2017,March,24,15,12.2
2017,March,24,16,12.08
2017,March,24,17,11.45
2017,March,24,18,9.14
2017,March,24,19,7.66
2017,March,24,20,7.23
2017,March,24,21,6.66
2017,March,24,22,6.9
2017,March,24,23,5.08
2017,March,25,0,3.36
2017,March,25,1,3.47
2017,March,25,2,3.1
2017,March,25,3,2.76
2017,March,25,4,2.76
2017,March,25,5,2.5
2017,March,25,6,2.78
2017,March,25,7,3.51
2017,March,25,8,6.89
2017,March,25,9,9
2017,March,25,10,10.19
2017,March,25,11,11.7
2017,March,25,12,12.84
2017,March,25,13,14.2
2017,March,25,14,15.18
2017,March,25,15,14.01
2017,March,25,16,13.55
2017,March,25,17,12.8
2017,March,25,18,10.9
2017,March,25,19,9.67
2017,March,25,20,9.67
2017,March,25,21,9.45
2017,March,25,22,7.8
2017,March,25,23,7.2
2017,March,26,0,5.7
2017,March,26,1,5.99
2017,March,26,2,6.51
2017,March,26,3,5.82
2017,March,26,4,5.7
2017,March,26,5,5.77
2017,March,26,6,5.19
2017,March,26,7,6.75
2017,March,26,8,8.62
2017,March,26,9,10.95
2017,March,26,10,12.44
2017,March,26,11,13.4
2017,March,26,12,14.17
2017,March,26,13,14.58
2017,March,26,14,14.68
2017,March,26,15,13.99
2017,March,26,16,13.37
2017,March,26,17,12.25
2017,March,26,18,10.53
2017,March,26,19,9.36
2017,March,26,20,8.66
2017,March,26,21,7.94
2017,March,26,22,7.38
2017,March,26,23,6.44
2017,March,27,0,5.74
2017,March,27,1,5.78
2017,March,27,2,5.48
2017,March,27,3,5.07
2017,March,27,4,5.13
2017,March,27,5,4.23
2017,March,27,6,3.88
2017,March,27,7,5.68
2017,March,27,8,7.41
2017,March,27,9,8.32
2017,March,27,10,8.15
2017,March,27,11,8.5
2017,March,27,12,9.21
2017,March,27,13,10.65
2017,March,27,14,11.08
2017,March,27,15,11.39
2017,March,27,16,10.93
2017,March,27,17,9.94
2017,March,27,18,8.6
2017,March,27,19,7.85
2017,March,27,20,7.17
2017,March,27,21,6.91
2017,March,27,22,6.53
2017,March,27,23,6.64
2017,March,28,0,6.24
2017,March,28,1,6.11
2017,March,28,2,5.33
2017,March,28,3,5.38
2017,March,28,4,4.92
2017,March,28,5,4.13
2017,March,28,6,4.07
2017,March,28,7,5.33
2017,March,28,8,7.17
2017,March,28,9,9.69
2017,March,28,10,11.26
2017,March,28,11,12.34
2017,March,28,12,12.15
2017,March,28,13,11.46
2017,March,28,14,10.7
2017,March,28,15,10.46
2017,March,28,16,11.25
2017,March,28,17,10.63
2017,March,28,18,9.74
2017,March,28,19,9.58
2017,March,28,20,9.39
2017,March,28,21,9.63
2017,March,28,22,9.35
2017,March,28,23,9.21
2017,March,29,0,9.09
2017,March,29,1,8.71
2017,March,29,2,8.64
2017,March,29,3,8.68
2017,March,29,4,8.85
2017,March,29,5,9.04
2017,March,29,6,9.31
2017,March,29,7,9.76
2017,March,29,8,10.13
2017,March,29,9,10.86
2017,March,29,10,11.58
2017,March,29,11,11.5
2017,March,29,12,11.79
2017,March,29,13,12.02
2017,March,29,14,12.42
2017,March,29,15,12.32
2017,March,29,16,12.38
2017,March,29,17,12.38
2017,March,29,18,12.38
2017,March,29,19,12.18
2017,March,29,20,11.87
2017,March,29,21,11.87
2017,March,29,22,11.86
2017,March,29,23,11.75
2017,March,30,0,11.79
2017,March,30,1,11.63
2017,March,30,2,11.57
2017,March,30,3,11.64
2017,March,30,4,11.7
2017,March,30,5,11.59
2017,March,30,6,11.4
2017,March,30,7,11.57
2017,March,30,8,11.64
2017,March,30,9,12.04
2017,March,30,10,12.86
2017,March,30,11,13.2
2017,March,30,12,13.3
2017,March,30,13,13.35
2017,March,30,14,12.89
2017,March,30,15,12.65
2017,March,30,16,13.24
2017,March,30,17,13.27
2017,March,30,18,13.05
2017,March,30,19,13.06
2017,March,30,20,14.07
2017,March,30,21,13.08
2017,March,30,22,12.32
2017,March,30,23,12.4
2017,March,31,0,12.67
2017,March,31,1,12.82
2017,March,31,2,12.52
2017,March,31,3,12.29
2017,March,31,4,12.65
2017,March,31,5,12.75
2017,March,31,6,12.42
2017,March,31,7,12.25
2017,March,31,8,11.72
2017,March,31,9,12.38
2017,March,31,10,12.29
2017,March,31,11,11.67
2017,March,31,12,11.93
2017,March,31,13,12.75
2017,March,31,14,13.33
2017,March,31,15,13.15
2017,March,31,16,13.07
2017,March,31,17,12.75
2017,March,31,18,11.86
2017,March,31,19,10.84
2017,March,31,20,10.62
2017,March,31,21,10.56
2017,March,31,22,10.45
2017,March,31,23,10.07
2017,April,1,0,9.8
2017,April,1,1,9.92
2017,April,1,2,9.92
2017,April,1,3,9.72
2017,April,1,4,9.48
2017,April,1,5,9.17
2017,April,1,6,9.2
2017,April,1,7,9.45
2017,April,1,8,9.68
2017,April,1,9,9.49
2017,April,1,10,9.3
2017,April,1,11,10.16
2017,April,1,12,10.23
2017,April,1,13,10.41
2017,April,1,14,10.38
2017,April,1,15,10.14
2017,April,1,16,9.73
2017,April,1,17,9.35
2017,April,1,18,9.17
2017,April,1,19,8.68
2017,April,1,20,8.07
2017,April,1,21,7.76
2017,April,1,22,7.61
2017,April,1,23,7.19
2017,April,2,0,6.87
2017,April,2,1,6.69
2017,April,2,2,6.72
2017,April,2,3,5.9
2017,April,2,4,5.26
2017,April,2,5,4.79
2017,April,2,6,4.82
2017,April,2,7,6.56
2017,April,2,8,7.48
2017,April,2,9,9.46
2017,April,2,10,10.03
2017,April,2,11,10.64
2017,April,2,12,10.28
2017,April,2,13,10.01
2017,April,2,14,10.04
2017,April,2,15,10.18
2017,April,2,16,10.1
2017,April,2,17,9.56
2017,April,2,18,8.42
2017,April,2,19,6.94
2017,April,2,20,6.02
2017,April,2,21,5.99
2017,April,2,22,6.08
2017,April,2,23,5.54
2017,April,3,0,5.8
2017,April,3,1,6.67
2017,April,3,2,7.06
2017,April,3,3,6.98
2017,April,3,4,6.7
2017,April,3,5,6.65
2017,April,3,6,6.8
2017,April,3,7,7.99
2017,April,3,8,9.33
2017,April,3,9,10.37
2017,April,3,10,11.36
2017,April,3,11,11.97
2017,April,3,12,12.84
2017,April,3,13,12.94
2017,April,3,14,12.43
2017,April,3,15,12.11
2017,April,3,16,11.29
2017,April,3,17,10.98
2017,April,3,18,10.57
2017,April,3,19,10.16
2017,April,3,20,9.91
2017,April,3,21,10.24
2017,April,3,22,10.2
2017,April,3,23,10.29
2017,April,4,0,10.29
2017,April,4,1,9.85
2017,April,4,2,9.19
2017,April,4,3,9.06
2017,April,4,4,9.12
2017,April,4,5,8.69
2017,April,4,6,8.56
2017,April,4,7,8.56
2017,April,4,8,8.51
2017,April,4,9,8.96
2017,April,4,10,9.39
2017,April,4,11,10.82
2017,April,4,12,10.71
2017,April,4,13,10.52
2017,April,4,14,10.52
2017,April,4,15,10.17
2017,April,4,16,9.94
2017,April,4,17,9.34
2017,April,4,18,8.85
2017,April,4,19,8.24
2017,April,4,20,7.58
2017,April,4,21,7.64
2017,April,4,22,7.52
2017,April,4,23,7.14
2017,April,5,0,7.12
2017,April,5,1,7.52
2017,April,5,2,7.9
2017,April,5,3,7.6
2017,April,5,4,7.61
2017,April,5,5,7.49
2017,April,5,6,7.67
2017,April,5,7,8.06
2017,April,5,8,8.31
2017,April,5,9,8.43
2017,April,5,10,8.85
2017,April,5,11,9.49
2017,April,5,12,9.52
2017,April,5,13,9.49
2017,April,5,14,9.76
2017,April,5,15,9.7
2017,April,5,16,9.54
2017,April,5,17,9.18
2017,April,5,18,8.47
2017,April,5,19,7.91
2017,April,5,20,7.73
2017,April,5,21,7.37
2017,April,5,22,6.32
2017,April,5,23,5.45
2017,April,6,0,5.11
2017,April,6,1,4.8
2017,April,6,2,4.74
2017,April,6,3,4.24
2017,April,6,4,3.89
2017,April,6,5,3.69
2017,April,6,6,4
2017,April,6,7,5.93
2017,April,6,8,7.07
2017,April,6,9,7.56
2017,April,6,10,8.29
2017,April,6,11,8.63
2017,April,6,12,8.9
2017,April,6,13,8.75
2017,April,6,14,8.92
2017,April,6,15,8.75
2017,April,6,16,8.47
2017,April,6,17,8.24
2017,April,6,18,8.08
2017,April,6,19,8.01
2017,April,6,20,8.03
2017,April,6,21,8.02
2017,April,6,22,8.01
2017,April,6,23,8.09
2017,April,7,0,8.1
2017,April,7,1,7.98
2017,April,7,2,7.88
2017,April,7,3,7.79
2017,April,7,4,7.62
2017,April,7,5,7.68
2017,April,7,6,7.79
2017,April,7,7,7.83
2017,April,7,8,7.95
2017,April,7,9,8.17
2017,April,7,10,8.44
2017,April,7,11,8.66
2017,April,7,12,8.92
2017,April,7,13,8.68
2017,April,7,14,8.47
2017,April,7,15,8.58
2017,April,7,16,8.68
2017,April,7,17,8.65
2017,April,7,18,7.71
2017,April,7,19,6.23
2017,April,7,20,4.71
2017,April,7,21,3.95
2017,April,7,22,3.9
2017,April,7,23,3.76
2017,April,8,0,4.08
2017,April,8,1,3.44
2017,April,8,2,3.18
2017,April,8,3,3.1
2017,April,8,4,2.44
2017,April,8,5,2.5
2017,April,8,6,3.57
2017,April,8,7,5.76
2017,April,8,8,8.2
2017,April,8,9,9.85
2017,April,8,10,11.51
2017,April,8,11,12.84
2017,April,8,12,14.19
2017,April,8,13,15.17
2017,April,8,14,14.21
2017,April,8,15,15.01
2017,April,8,16,16.12
2017,April,8,17,15.29
2017,April,8,18,13.2
2017,April,8,19,12.29
2017,April,8,20,12.71
2017,April,8,21,12.28
2017,April,8,22,12.69
2017,April,8,23,13.74
2017,April,9,0,13.17
2017,April,9,1,12.32
2017,April,9,2,11.98
2017,April,9,3,11.43
2017,April,9,4,10.79
2017,April,9,5,10.4
2017,April,9,6,10.93
2017,April,9,7,12.66
2017,April,9,8,13.84
2017,April,9,9,14.63
2017,April,9,10,15.23
2017,April,9,11,13.63
2017,April,9,12,11.87
2017,April,9,13,11.17
2017,April,9,14,11.11
2017,April,9,15,10.7
2017,April,9,16,10.35
2017,April,9,17,10.13
2017,April,9,18,9.78
2017,April,9,19,9.61
2017,April,9,20,8.8
2017,April,9,21,7.95
2017,April,9,22,7.15
2017,April,9,23,6.73
2017,April,10,0,6.46
2017,April,10,1,6.9
2017,April,10,2,7.06
2017,April,10,3,7.05
2017,April,10,4,6.53
2017,April,10,5,6.55
2017,April,10,6,6.83
2017,April,10,7,6.8
2017,April,10,8,7.14
2017,April,10,9,7.82
2017,April,10,10,7.74
2017,April,10,11,8.42
2017,April,10,12,9.1
2017,April,10,13,9.89
2017,April,10,14,9.81
2017,April,10,15,9.88
2017,April,10,16,9.87
2017,April,10,17,9.36
2017,April,10,18,8.36
2017,April,10,19,7.68
2017,April,10,20,7.67
2017,April,10,21,7.34
2017,April,10,22,6.84
2017,April,10,23,6.63
2017,April,11,0,6.25
2017,April,11,1,5.88
2017,April,11,2,5.82
2017,April,11,3,6.74
2017,April,11,4,6.59
2017,April,11,5,6.92
2017,April,11,6,7.3
2017,April,11,7,7.93
2017,April,11,8,8.31
2017,April,11,9,8.96
2017,April,11,10,9.46
2017,April,11,11,9.09
2017,April,11,12,9.04
2017,April,11,13,8.8
2017,April,11,14,9.45
2017,April,11,15,9.16
2017,April,11,16,8.84
2017,April,11,17,8.89
2017,April,11,18,8.98
2017,April,11,19,8.93
2017,April,11,20,8.57
2017,April,11,21,8.56
2017,April,11,22,8.59
2017,April,11,23,8.42
2017,April,12,0,8.31
2017,April,12,1,8.28
2017,April,12,2,8.18
2017,April,12,3,8.09
2017,April,12,4,8.17
2017,April,12,5,8.19
2017,April,12,6,8.27
2017,April,12,7,8.2
2017,April,12,8,8.06
2017,April,12,9,8.34
2017,April,12,10,8.73
2017,April,12,11,8.76
2017,April,12,12,8.64
2017,April,12,13,9.59
2017,April,12,14,10.17
2017,April,12,15,10.23
2017,April,12,16,9.9
2017,April,12,17,9.37
2017,April,12,18,8.51
2017,April,12,19,7.56
2017,April,12,20,7.14
2017,April,12,21,6.93
2017,April,12,22,6.86
2017,April,12,23,6.65
2017,April,13,0,6.74
2017,April,13,1,6.58
2017,April,13,2,6.61
2017,April,13,3,6.6
2017,April,13,4,6.35
2017,April,13,5,6.53
2017,April,13,6,6.58
2017,April,13,7,6.51
2017,April,13,8,6.87
2017,April,13,9,7.7
2017,April,13,10,7.8
2017,April,13,11,7.93
2017,April,13,12,9.11
2017,April,13,13,8.41
2017,April,13,14,8.84
2017,April,13,15,8.43
2017,April,13,16,8.29
2017,April,13,17,8.06
2017,April,13,18,7.98
2017,April,13,19,7.96
2017,April,13,20,7.92
2017,April,13,21,7.91
2017,April,13,22,7.96
2017,April,13,23,8.05
2017,April,14,0,8.05
2017,April,14,1,8.21
2017,April,14,2,8.07
2017,April,14,3,8.23
2017,April,14,4,8.27
2017,April,14,5,8.26
2017,April,14,6,8.17
2017,April,14,7,8.29
2017,April,14,8,8.71
2017,April,14,9,8.8
2017,April,14,10,9.1
2017,April,14,11,9.18
2017,April,14,12,9.21
2017,April,14,13,9.02
2017,April,14,14,8.64
2017,April,14,15,8.34
2017,April,14,16,7.85
2017,April,14,17,7.49
2017,April,14,18,7.82
2017,April,14,19,7.76
2017,April,14,20,7.4
2017,April,14,21,6.89
2017,April,14,22,6.73
2017,April,14,23,6.8
2017,April,15,0,6.87
2017,April,15,1,6.41
2017,April,15,2,6.3
2017,April,15,3,5.89
2017,April,15,4,5.77
2017,April,15,5,5.89
2017,April,15,6,6.02
2017,April,15,7,6.57
2017,April,15,8,6.9
2017,April,15,9,7.73
2017,April,15,10,8.18
2017,April,15,11,8.06
2017,April,15,12,8.88
2017,April,15,13,9.05
2017,April,15,14,8.79
2017,April,15,15,8.43
2017,April,15,16,8.91
2017,April,15,17,8.38
2017,April,15,18,7.44
2017,April,15,19,7
2017,April,15,20,6.67
2017,April,15,21,6.44
2017,April,15,22,6.09
2017,April,15,23,5.81
2017,April,16,0,6.45
2017,April,16,1,6.59
2017,April,16,2,6.55
2017,April,16,3,6.49
2017,April,16,4,6.49
2017,April,16,5,6.39
2017,April,16,6,6.83
2017,April,16,7,6.86
2017,April,16,8,6.65
2017,April,16,9,6.85
2017,April,16,10,6.91
2017,April,16,11,7.1
2017,April,16,12,7.88
2017,April,16,13,8.45
2017,April,16,14,8.94
2017,April,16,15,9.04
2017,April,16,16,8.84
2017,April,16,17,8.65
2017,April,16,18,8.42
2017,April,16,19,8
2017,April,16,20,7.82
2017,April,16,21,7.65
2017,April,16,22,7.55
2017,April,16,23,6.86
2017,April,17,0,6.09
2017,April,17,1,5.67
2017,April,17,2,5.63
2017,April,17,3,5.16
2017,April,17,4,5.14
2017,April,17,5,5.13
2017,April,17,6,5.6
2017,April,17,7,6.18
2017,April,17,8,6.94
2017,April,17,9,7.54
2017,April,17,10,8.18
2017,April,17,11,8.5
2017,April,17,12,8.94
2017,April,17,13,9.54
2017,April,17,14,9.55
2017,April,17,15,8.49
2017,April,17,16,8.12
2017,April,17,17,8.09
2017,April,17,18,8.28
2017,April,17,19,7.35
2017,April,17,20,7.04
2017,April,17,21,6.29
2017,April,17,22,5.87
2017,April,17,23,4.49
2017,April,18,0,3.12
2017,April,18,1,1.86
2017,April,18,2,1.35
2017,April,18,3,0.52
2017,April,18,4,0.56
2017,April,18,5,0.17
2017,April,18,6,1.78
2017,April,18,7,4.03
2017,April,18,8,5.86
2017,April,18,9,7.37
2017,April,18,10,8.46
2017,April,18,11,8.91
2017,April,18,12,8.93
2017,April,18,13,10
2017,April,18,14,9.82
2017,April,18,15,9.93
2017,April,18,16,8.63
2017,April,18,17,8.46
2017,April,18,18,8.4
2017,April,18,19,7.56
2017,April,18,20,6.77
2017,April,18,21,6.48
2017,April,18,22,6.13
2017,April,18,23,6.59
2017,April,19,0,6.52
2017,April,19,1,6.41
2017,April,19,2,6.17
2017,April,19,3,6.14
2017,April,19,4,5.91
2017,April,19,5,6.02
2017,April,19,6,6.24
2017,April,19,7,6.64
2017,April,19,8,6.98
2017,April,19,9,7.66
2017,April,19,10,8.58
2017,April,19,11,9.12
2017,April,19,12,10.03
2017,April,19,13,10.48
2017,April,19,14,9.99
2017,April,19,15,9.38
2017,April,19,16,9.55
2017,April,19,17,9.21
2017,April,19,18,8.9
2017,April,19,19,8.88
2017,April,19,20,8.78
2017,April,19,21,8.82
2017,April,19,22,8.8
2017,April,19,23,8.74
2017,April,20,0,8.65
2017,April,20,1,8.68
2017,April,20,2,8.78
2017,April,20,3,8.88
2017,April,20,4,8.94
2017,April,20,5,8.96
2017,April,20,6,9.04
2017,April,20,7,9.28
2017,April,20,8,9.77
2017,April,20,9,10.54
2017,April,20,10,10.93
2017,April,20,11,11.2
2017,April,20,12,11.18
2017,April,20,13,11.72
2017,April,20,14,11.62
2017,April,20,15,11.18
2017,April,20,16,10.64
2017,April,20,17,10.49
2017,April,20,18,10.04
2017,April,20,19,9.92
2017,April,20,20,9.88
2017,April,20,21,9.24
2017,April,20,22,9.1
2017,April,20,23,9.28
2017,April,21,0,9.32
2017,April,21,1,9.3
2017,April,21,2,9.3
2017,April,21,3,9.42
2017,April,21,4,9.43
2017,April,21,5,9.29
2017,April,21,6,9.44
2017,April,21,7,9.7
2017,April,21,8,10.28
2017,April,21,9,9.4
2017,April,21,10,9.65
2017,April,21,11,11.29
2017,April,21,12,11.45
2017,April,21,13,10.63
2017,April,21,14,11.01
2017,April,21,15,11.37
2017,April,21,16,11.01
2017,April,21,17,10.54
2017,April,21,18,10.01
2017,April,21,19,9.26
2017,April,21,20,8.47
2017,April,21,21,8.13
2017,April,21,22,7.61
2017,April,21,23,6.62
2017,April,22,0,6.06
2017,April,22,1,4.8
2017,April,22,2,4.72
2017,April,22,3,4.14
2017,April,22,4,3.49
2017,April,22,5,3.21
2017,April,22,6,4.22
2017,April,22,7,6.47
2017,April,22,8,7.61
2017,April,22,9,8.34
2017,April,22,10,8.82
2017,April,22,11,9.48
2017,April,22,12,10.27
2017,April,22,13,10.27
2017,April,22,14,10.39
2017,April,22,15,10.42
2017,April,22,16,9.87
2017,April,22,17,9.67
2017,April,22,18,8.98
2017,April,22,19,7.73
2017,April,22,20,6.48
2017,April,22,21,5.76
2017,April,22,22,6.08
2017,April,22,23,5.2
2017,April,23,0,4.32
2017,April,23,1,4.19
2017,April,23,2,4.39
2017,April,23,3,4.05
2017,April,23,4,3.81
2017,April,23,5,3.64
2017,April,23,6,4.4
2017,April,23,7,6.12
2017,April,23,8,7.44
2017,April,23,9,8.4
2017,April,23,10,9.4
2017,April,23,11,9.2
2017,April,23,12,9.43
2017,April,23,13,9.48
2017,April,23,14,9.56
2017,April,23,15,9.25
2017,April,23,16,9.27
2017,April,23,17,8.95
2017,April,23,18,8.35
2017,April,23,19,8.06
2017,April,23,20,8.16
2017,April,23,21,8.12
2017,April,23,22,8.46
2017,April,23,23,8.46
2017,April,24,0,8.41
2017,April,24,1,8.6
2017,April,24,2,8.73
2017,April,24,3,8.6
2017,April,24,4,8.51
2017,April,24,5,8.13
2017,April,24,6,8.33
2017,April,24,7,8.54
2017,April,24,8,8.31
2017,April,24,9,9.21
2017,April,24,10,9.65
2017,April,24,11,9.8
2017,April,24,12,8.87
2017,April,24,13,8.88
2017,April,24,14,8.66
2017,April,24,15,8.2
2017,April,24,16,7.74
2017,April,24,17,6.63
2017,April,24,18,5.58
2017,April,24,19,3.51
2017,April,24,20,0.84
2017,April,24,21,2.47
2017,April,24,22,2.85
2017,April,24,23,2.14
2017,April,25,0,1.11
2017,April,25,1,1.1
2017,April,25,2,-0.17
2017,April,25,3,-0.08
2017,April,25,4,-0.08
2017,April,25,5,-0.24
2017,April,25,6,1.2
2017,April,25,7,3.26
2017,April,25,8,4.92
2017,April,25,9,6.14
2017,April,25,10,6.26
2017,April,25,11,6.43
2017,April,25,12,7.06
2017,April,25,13,6.77
2017,April,25,14,7.95
2017,April,25,15,6.77
2017,April,25,16,6.71
2017,April,25,17,7.5
2017,April,25,18,5.22
2017,April,25,19,4.13
2017,April,25,20,3.37
2017,April,25,21,3.13
2017,April,25,22,2.86
2017,April,25,23,2.85
2017,April,26,0,2.54
2017,April,26,1,1.71
2017,April,26,2,1.58
2017,April,26,3,1.32
2017,April,26,4,0.52
2017,April,26,5,0.82
2017,April,26,6,2.37
2017,April,26,7,3.64
2017,April,26,8,4.78
2017,April,26,9,5.95
2017,April,26,10,6.83
2017,April,26,11,6.93
2017,April,26,12,7.36
2017,April,26,13,8
2017,April,26,14,8.41
2017,April,26,15,8.93
2017,April,26,16,9.06
2017,April,26,17,8.01
2017,April,26,18,7.64
2017,April,26,19,6.4
2017,April,26,20,6
2017,April,26,21,6.13
2017,April,26,22,5.46
2017,April,26,23,4.36
2017,April,27,0,3.81
2017,April,27,1,2.85
2017,April,27,2,3.36
2017,April,27,3,3.92
2017,April,27,4,4.45
2017,April,27,5,5.25
2017,April,27,6,6.64
2017,April,27,7,6.87
2017,April,27,8,6.92
2017,April,27,9,7.91
2017,April,27,10,8.26
2017,April,27,11,8.64
2017,April,27,12,8.97
2017,April,27,13,9.95
2017,April,27,14,10.45
2017,April,27,15,9.9
2017,April,27,16,10.88
2017,April,27,17,11.1
2017,April,27,18,11.06
2017,April,27,19,9.66
2017,April,27,20,9.04
2017,April,27,21,8.65
2017,April,27,22,8.65
2017,April,27,23,8.23
2017,April,28,0,7.03
2017,April,28,1,6.14
2017,April,28,2,5.15
2017,April,28,3,4.3
2017,April,28,4,4.45
2017,April,28,5,5.65
2017,April,28,6,6.07
2017,April,28,7,6.98
2017,April,28,8,8.32
2017,April,28,9,9.37
2017,April,28,10,9.66
2017,April,28,11,10.18
2017,April,28,12,10.92
2017,April,28,13,10.43
2017,April,28,14,9.6
2017,April,28,15,9.92
2017,April,28,16,9.42
2017,April,28,17,8.88
2017,April,28,18,8.5
2017,April,28,19,8.18
2017,April,28,20,7.81
2017,April,28,21,7.56
2017,April,28,22,7.29
2017,April,28,23,7.01
2017,April,29,0,6.83
2017,April,29,1,6.73
2017,April,29,2,6.62
2017,April,29,3,6.78
2017,April,29,4,6.68
2017,April,29,5,6.63
2017,April,29,6,7.39
2017,April,29,7,8.1
2017,April,29,8,8.98
2017,April,29,9,9.78
2017,April,29,10,10.56
2017,April,29,11,11.36
2017,April,29,12,12.01
2017,April,29,13,12.1
2017,April,29,14,12.3
2017,April,29,15,11.98
2017,April,29,16,11.58
2017,April,29,17,11.03
2017,April,29,18,10.56
2017,April,29,19,10.18
2017,April,29,20,10.23
2017,April,29,21,10.14
2017,April,29,22,9.51
2017,April,29,23,8.55
2017,April,30,0,8.54
2017,April,30,1,8.43
2017,April,30,2,8.59
2017,April,30,3,8.58
2017,April,30,4,8.22
2017,April,30,5,7.8
2017,April,30,6,8.01
2017,April,30,7,8.49
2017,April,30,8,9.55
2017,April,30,9,10.51
2017,April,30,10,11.94
2017,April,30,11,12.87
2017,April,30,12,13.38
2017,April,30,13,13.82
2017,April,30,14,13.43
2017,April,30,15,13.4
2017,April,30,16,13.08
2017,April,30,17,12.01
2017,April,30,18,11.38
2017,April,30,19,10.9
2017,April,30,20,11.02
2017,April,30,21,10.75
2017,April,30,22,10.77
2017,April,30,23,10.5
2017,May,1,0,10.59
2017,May,1,1,10.41
2017,May,1,2,10.15
2017,May,1,3,10.38
2017,May,1,4,9.96
2017,May,1,5,10.47
2017,May,1,6,10.21
2017,May,1,7,10.58
2017,May,1,8,11.88
2017,May,1,9,13.15
2017,May,1,10,14.86
2017,May,1,11,16.56
2017,May,1,12,15.86
2017,May,1,13,13.31
2017,May,1,14,13.48
2017,May,1,15,15.25
2017,May,1,16,14.36
2017,May,1,17,14.88
2017,May,1,18,13.39
2017,May,1,19,11.67
2017,May,1,20,10.18
2017,May,1,21,9.03
2017,May,1,22,7.77
2017,May,1,23,7.02
2017,May,2,0,6.4
2017,May,2,1,6.65
2017,May,2,2,6.44
2017,May,2,3,5.37
2017,May,2,4,6.82
2017,May,2,5,7.38
2017,May,2,6,8.77
2017,May,2,7,10.69
2017,May,2,8,11.7
2017,May,2,9,12.92
2017,May,2,10,13.88
2017,May,2,11,13.17
2017,May,2,12,15.04
2017,May,2,13,15.52
2017,May,2,14,15.5
2017,May,2,15,16.06
2017,May,2,16,15.41
2017,May,2,17,13.85
2017,May,2,18,11.59
2017,May,2,19,10.09
2017,May,2,20,8.55
2017,May,2,21,7.96
2017,May,2,22,7.37
2017,May,2,23,7.13
2017,May,3,0,6.68
2017,May,3,1,5.82
2017,May,3,2,5.22
2017,May,3,3,5.47
2017,May,3,4,4.69
2017,May,3,5,4.73
2017,May,3,6,6.36
2017,May,3,7,7.94
2017,May,3,8,10.65
2017,May,3,9,12.95
2017,May,3,10,14.22
2017,May,3,11,15.09
2017,May,3,12,15.5
2017,May,3,13,15.48
2017,May,3,14,15.08
2017,May,3,15,14.52
2017,May,3,16,14
2017,May,3,17,13.21
2017,May,3,18,11.75
2017,May,3,19,10.17
2017,May,3,20,9.01
2017,May,3,21,8.11
2017,May,3,22,7.9
2017,May,3,23,8.12
2017,May,4,0,7.9
2017,May,4,1,7.28
2017,May,4,2,7.65
2017,May,4,3,7.29
2017,May,4,4,6.96
2017,May,4,5,6.87
2017,May,4,6,8.36
2017,May,4,7,11.24
2017,May,4,8,13.32
2017,May,4,9,14.05
2017,May,4,10,14.98
2017,May,4,11,15.23
2017,May,4,12,15.84
2017,May,4,13,15.85
2017,May,4,14,15.58
2017,May,4,15,14.78
2017,May,4,16,13.71
2017,May,4,17,12.22
2017,May,4,18,10.85
2017,May,4,19,9.02
2017,May,4,20,7.53
2017,May,4,21,7.02
2017,May,4,22,6.61
2017,May,4,23,6.1
2017,May,5,0,5.68
2017,May,5,1,4.77
2017,May,5,2,4.37
2017,May,5,3,4.48
2017,May,5,4,5.18
2017,May,5,5,5.56
2017,May,5,6,7.13
2017,May,5,7,8.92
2017,May,5,8,10.94
2017,May,5,9,12.31
2017,May,5,10,13.27
2017,May,5,11,14.08
2017,May,5,12,14.81
2017,May,5,13,15.27
2017,May,5,14,15.57
2017,May,5,15,15.13
2017,May,5,16,14.6
2017,May,5,17,13.52
2017,May,5,18,12.22
2017,May,5,19,10.24
2017,May,5,20,7.93
2017,May,5,21,7.63
2017,May,5,22,7.2
2017,May,5,23,6.66
2017,May,6,0,6.28
2017,May,6,1,5.19
2017,May,6,2,5.58
2017,May,6,3,5.14
2017,May,6,4,5.36
2017,May,6,5,6.21
2017,May,6,6,7.66
2017,May,6,7,9.49
2017,May,6,8,10.48
2017,May,6,9,11.74
2017,May,6,10,11.96
2017,May,6,11,11.73
2017,May,6,12,13.1
2017,May,6,13,12.14
2017,May,6,14,12.15
2017,May,6,15,12.81
2017,May,6,16,12.39
2017,May,6,17,11.27
2017,May,6,18,10.86
2017,May,6,19,10.63
2017,May,6,20,10.1
2017,May,6,21,8.13
2017,May,6,22,6.97
2017,May,6,23,6.17
2017,May,7,0,5.3
2017,May,7,1,5.13
2017,May,7,2,5.06
2017,May,7,3,5.87
2017,May,7,4,7.44
2017,May,7,5,7.68
2017,May,7,6,8.2
2017,May,7,7,9.99
2017,May,7,8,11.25
2017,May,7,9,12.6
2017,May,7,10,13.76
2017,May,7,11,14.82
2017,May,7,12,15.86
2017,May,7,13,16.6
2017,May,7,14,16.7
2017,May,7,15,16.15
2017,May,7,16,14.6
2017,May,7,17,13.48
2017,May,7,18,12.53
2017,May,7,19,11.16
2017,May,7,20,8.96
2017,May,7,21,6.88
2017,May,7,22,5.79
2017,May,7,23,4.9
2017,May,8,0,4.62
2017,May,8,1,4
2017,May,8,2,3.71
2017,May,8,3,3.08
2017,May,8,4,3.12
2017,May,8,5,4.13
2017,May,8,6,6.14
2017,May,8,7,7.58
2017,May,8,8,8.78
2017,May,8,9,10.14
2017,May,8,10,10.98
2017,May,8,11,11.78
2017,May,8,12,12.36
2017,May,8,13,13.15
2017,May,8,14,13.4
2017,May,8,15,13.56
2017,May,8,16,12.98
2017,May,8,17,11.93
2017,May,8,18,10.49
2017,May,8,19,8.44
2017,May,8,20,6.11
2017,May,8,21,5.05
2017,May,8,22,4.66
2017,May,8,23,4.6
2017,May,9,0,3.87
2017,May,9,1,3.76
2017,May,9,2,2.64
2017,May,9,3,2.17
2017,May,9,4,2.14
2017,May,9,5,3.17
2017,May,9,6,5.32
2017,May,9,7,6.72
2017,May,9,8,6.97
2017,May,9,9,7.89
2017,May,9,10,9.57
2017,May,9,11,10.03
2017,May,9,12,9.86
2017,May,9,13,11
2017,May,9,14,10.46
2017,May,9,15,10.6
2017,May,9,16,10.66
2017,May,9,17,10.45
2017,May,9,18,10.41
2017,May,9,19,9.7
2017,May,9,20,7.46
2017,May,9,21,6.53
2017,May,9,22,5.83
2017,May,9,23,5.45
2017,May,10,0,4.68
2017,May,10,1,4.26
2017,May,10,2,4.71
2017,May,10,3,4.19
2017,May,10,4,4.34
2017,May,10,5,4.8
2017,May,10,6,6.64
2017,May,10,7,8.5
2017,May,10,8,10.09
2017,May,10,9,10.93
2017,May,10,10,12.32
2017,May,10,11,13.05
2017,May,10,12,13.47
2017,May,10,13,13.87
2017,May,10,14,13.97
2017,May,10,15,14.09
2017,May,10,16,14.07
2017,May,10,17,14.14
2017,May,10,18,14.08
2017,May,10,19,12.97
2017,May,10,20,10.1
2017,May,10,21,9.01
2017,May,10,22,8.4
2017,May,10,23,9.12
2017,May,11,0,8.25
2017,May,11,1,7.88
2017,May,11,2,7.86
2017,May,11,3,8.08
2017,May,11,4,7.72
2017,May,11,5,8.19
2017,May,11,6,10.28
2017,May,11,7,12.04
2017,May,11,8,13.1
2017,May,11,9,14.29
2017,May,11,10,15.73
2017,May,11,11,16.82
2017,May,11,12,17.85
2017,May,11,13,18.44
2017,May,11,14,18.76
2017,May,11,15,18.83
2017,May,11,16,18
2017,May,11,17,16.93
2017,May,11,18,15.35
2017,May,11,19,13.89
2017,May,11,20,12.4
2017,May,11,21,11.27
2017,May,11,22,10.96
2017,May,11,23,10.94
2017,May,12,0,10.68
2017,May,12,1,10.74
2017,May,12,2,11.06
2017,May,12,3,10.94
2017,May,12,4,11.26
2017,May,12,5,11.26
2017,May,12,6,12.39
2017,May,12,7,14.25
2017,May,12,8,15.78
2017,May,12,9,16.01
2017,May,12,10,14.44
2017,May,12,11,12.47
2017,May,12,12,12.17
2017,May,12,13,12.03
2017,May,12,14,12.14
2017,May,12,15,12.25
2017,May,12,16,12.67
2017,May,12,17,12.91
2017,May,12,18,13.04
2017,May,12,19,12.43
2017,May,12,20,12.5
2017,May,12,21,12.46
2017,May,12,22,12.45
2017,May,12,23,11.93
2017,May,13,0,11.95
2017,May,13,1,12.06
2017,May,13,2,11.65
2017,May,13,3,11.63
2017,May,13,4,11.44
2017,May,13,5,11.38
2017,May,13,6,10.43
2017,May,13,7,10.06
2017,May,13,8,10.29
2017,May,13,9,10.84
2017,May,13,10,11.69
2017,May,13,11,12.16
2017,May,13,12,13.28
2017,May,13,13,14.25
2017,May,13,14,14.83
2017,May,13,15,15.05
2017,May,13,16,15.14
2017,May,13,17,14.86
2017,May,13,18,14.27
2017,May,13,19,13.04
2017,May,13,20,12.83
2017,May,13,21,12.87
2017,May,13,22,13.3
2017,May,13,23,11.93
2017,May,14,0,11.2
2017,May,14,1,11.18
2017,May,14,2,10.76
2017,May,14,3,10.23
2017,May,14,4,10.01
2017,May,14,5,9.94
2017,May,14,6,10.35
2017,May,14,7,10.75
2017,May,14,8,11.17
2017,May,14,9,11.6
2017,May,14,10,11.9
2017,May,14,11,12.92
2017,May,14,12,13.45
2017,May,14,13,13.6
2017,May,14,14,13.53
2017,May,14,15,13.8
2017,May,14,16,14.14
2017,May,14,17,14.05
2017,May,14,18,13.23
2017,May,14,19,12.11
2017,May,14,20,10.71
2017,May,14,21,9.65
2017,May,14,22,9.74
2017,May,14,23,9.47
2017,May,15,0,9.19
2017,May,15,1,10.32
2017,May,15,2,10.52
2017,May,15,3,10.76
2017,May,15,4,10.96
2017,May,15,5,9.99
2017,May,15,6,9.71
2017,May,15,7,10.02
2017,May,15,8,10.42
2017,May,15,9,11.16
2017,May,15,10,12.33
2017,May,15,11,13.19
2017,May,15,12,14.05
2017,May,15,13,14.43
2017,May,15,14,14.63
2017,May,15,15,14.74
2017,May,15,16,14.83
2017,May,15,17,15.12
2017,May,15,18,15.22
2017,May,15,19,15.11
2017,May,15,20,14.91
2017,May,15,21,14.79
2017,May,15,22,14.6
2017,May,15,23,14.5
2017,May,16,0,14.57
2017,May,16,1,14.48
2017,May,16,2,14.41
2017,May,16,3,14.49
2017,May,16,4,14.67
2017,May,16,5,14.78
2017,May,16,6,14.87
2017,May,16,7,14.76
2017,May,16,8,14.28
2017,May,16,9,14.34
2017,May,16,10,15.1
2017,May,16,11,15.98
2017,May,16,12,16.29
2017,May,16,13,14.98
2017,May,16,14,15.33
2017,May,16,15,15.59
2017,May,16,16,15.68
2017,May,16,17,15.4
2017,May,16,18,14.81
2017,May,16,19,13.61
2017,May,16,20,12.73
2017,May,16,21,11.88
2017,May,16,22,11.05
2017,May,16,23,10.44
2017,May,17,0,10.24
2017,May,17,1,10.23
2017,May,17,2,10.39
2017,May,17,3,10.14
2017,May,17,4,9.92
2017,May,17,5,10.41
2017,May,17,6,11.36
2017,May,17,7,12.1
2017,May,17,8,12.67
2017,May,17,9,12.55
2017,May,17,10,12.53
2017,May,17,11,12.14
2017,May,17,12,11.49
2017,May,17,13,11.09
2017,May,17,14,11.14
2017,May,17,15,11.18
2017,May,17,16,11.26
2017,May,17,17,11.58
2017,May,17,18,11.71
2017,May,17,19,11.28
2017,May,17,20,9.76
2017,May,17,21,8.67
2017,May,17,22,7.82
2017,May,17,23,7.26
2017,May,18,0,8.15
2017,May,18,1,8.96
2017,May,18,2,9.04
2017,May,18,3,8.91
2017,May,18,4,8.56
2017,May,18,5,8.46
2017,May,18,6,9.42
2017,May,18,7,10.77
2017,May,18,8,11.42
2017,May,18,9,11.7
2017,May,18,10,12.16
2017,May,18,11,12.59
2017,May,18,12,13.04
2017,May,18,13,13.21
2017,May,18,14,13.26
2017,May,18,15,12.94
2017,May,18,16,12.78
2017,May,18,17,12.18
2017,May,18,18,11.67
2017,May,18,19,11.14
2017,May,18,20,10.67
2017,May,18,21,9.78
2017,May,18,22,9.39
2017,May,18,23,8.68
2017,May,19,0,8.28
2017,May,19,1,8.05
2017,May,19,2,7.62
2017,May,19,3,7.58
2017,May,19,4,7.48
2017,May,19,5,7.64
2017,May,19,6,8.75
2017,May,19,7,9.96
2017,May,19,8,10.85
2017,May,19,9,11.24
2017,May,19,10,11.42
2017,May,19,11,12.03
2017,May,19,12,12.41
2017,May,19,13,12.82
2017,May,19,14,12.63
2017,May,19,15,12.06
2017,May,19,16,11.74
2017,May,19,17,11.46
2017,May,19,18,11.17
2017,May,19,19,10.74
2017,May,19,20,10.17
2017,May,19,21,9.69
2017,May,19,22,8.96
2017,May,19,23,8.62
2017,May,20,0,8.46
2017,May,20,1,8.22
2017,May,20,2,7.74
2017,May,20,3,7.66
2017,May,20,4,7.75
2017,May,20,5,8.16
2017,May,20,6,8.81
2017,May,20,7,9.54
2017,May,20,8,10.96
2017,May,20,9,12.41
2017,May,20,10,11.56
2017,May,20,11,10.55
2017,May,20,12,10.75
2017,May,20,13,10.88
2017,May,20,14,11.26
2017,May,20,15,12.06
2017,May,20,16,12.45
2017,May,20,17,12.43
2017,May,20,18,11.82
2017,May,20,19,11.31
2017,May,20,20,10.86
2017,May,20,21,10.2
2017,May,20,22,9.28
2017,May,20,23,9.33
2017,May,21,0,9.34
2017,May,21,1,9.49
2017,May,21,2,9.17
2017,May,21,3,8.97
2017,May,21,4,8.92
2017,May,21,5,9.14
2017,May,21,6,10.11
2017,May,21,7,10.44
2017,May,21,8,10.98
2017,May,21,9,11.04
2017,May,21,10,12.36
2017,May,21,11,13.94
2017,May,21,12,14.34
2017,May,21,13,14.63
2017,May,21,14,15.33
2017,May,21,15,15.61
2017,May,21,16,15.49
2017,May,21,17,15.52
2017,May,21,18,15.61
2017,May,21,19,14.64
2017,May,21,20,12.72
2017,May,21,21,11.99
2017,May,21,22,12
2017,May,21,23,12.06
2017,May,22,0,12.01
2017,May,22,1,12.13
2017,May,22,2,12.34
2017,May,22,3,12.12
2017,May,22,4,12.52
2017,May,22,5,12.55
2017,May,22,6,14.23
2017,May,22,7,15.5
2017,May,22,8,16.32
2017,May,22,9,16.83
2017,May,22,10,17.03
2017,May,22,11,18.16
2017,May,22,12,18.37
2017,May,22,13,19.36
2017,May,22,14,20.22
2017,May,22,15,19.42
2017,May,22,16,15.49
2017,May,22,17,14.74
2017,May,22,18,13.96
2017,May,22,19,13.92
2017,May,22,20,12.71
2017,May,22,21,12.45
2017,May,22,22,12.35
2017,May,22,23,12.21
2017,May,23,0,12.02
2017,May,23,1,11.67
2017,May,23,2,11.11
2017,May,23,3,11.08
2017,May,23,4,11.3
2017,May,23,5,11.65
2017,May,23,6,12.31
2017,May,23,7,12.92
2017,May,23,8,13.32
2017,May,23,9,14.22
2017,May,23,10,14.4
2017,May,23,11,14.92
2017,May,23,12,15.13
2017,May,23,13,15.33
2017,May,23,14,15.58
2017,May,23,15,15.46
2017,May,23,16,15.57
2017,May,23,17,15.43
2017,May,23,18,15.15
2017,May,23,19,14.69
2017,May,23,20,14.3
2017,May,23,21,14.2
2017,May,23,22,14.11
2017,May,23,23,13.98
2017,May,24,0,13.64
2017,May,24,1,13.27
2017,May,24,2,13.03
2017,May,24,3,12.96
2017,May,24,4,13.04
2017,May,24,5,13.34
2017,May,24,6,13.43
2017,May,24,7,13.82
2017,May,24,8,13.84
2017,May,24,9,13.64
2017,May,24,10,14.89
2017,May,24,11,15.54
2017,May,24,12,15.38
2017,May,24,13,15.51
2017,May,24,14,15.72
2017,May,24,15,15.93
2017,May,24,16,15.6
2017,May,24,17,15.4
2017,May,24,18,14.6
2017,May,24,19,14.4
2017,May,24,20,13.91
2017,May,24,21,13.56
2017,May,24,22,13.28
2017,May,24,23,13.31
2017,May,25,0,13.24
2017,May,25,1,12.77
2017,May,25,2,12.35
2017,May,25,3,11.19
2017,May,25,4,10.34
2017,May,25,5,10.58
2017,May,25,6,11.62
2017,May,25,7,13.55
2017,May,25,8,17.1
2017,May,25,9,19.96
2017,May,25,10,21.78
2017,May,25,11,23.07
2017,May,25,12,24.03
2017,May,25,13,24.49
2017,May,25,14,24.53
2017,May,25,15,24.69
2017,May,25,16,24.65
2017,May,25,17,24.88
2017,May,25,18,25.05
2017,May,25,19,23.92
2017,May,25,20,21.18
2017,May,25,21,18.83
2017,May,25,22,18.53
2017,May,25,23,18.67
2017,May,26,0,18.2
2017,May,26,1,18.01
2017,May,26,2,18.46
2017,May,26,3,16.81
2017,May,26,4,16.5
2017,May,26,5,17.74
2017,May,26,6,18.8
2017,May,26,7,19.8
2017,May,26,8,21.05
2017,May,26,9,22.04
2017,May,26,10,23.03
2017,May,26,11,23.7
2017,May,26,12,24.73
2017,May,26,13,25.25
2017,May,26,14,25.51
2017,May,26,15,25.53
2017,May,26,16,25.2
2017,May,26,17,24.8
2017,May,26,18,24.16
2017,May,26,19,22.36
2017,May,26,20,20.58
2017,May,26,21,19.28
2017,May,26,22,18.06
2017,May,26,23,17.53
2017,May,27,0,17.36
2017,May,27,1,17.44
2017,May,27,2,17.33
2017,May,27,3,16.49
2017,May,27,4,15.8
2017,May,27,5,17.11
2017,May,27,6,17.32
2017,May,27,7,19.05
2017,May,27,8,19.93
2017,May,27,9,20.2
2017,May,27,10,21.21
2017,May,27,11,23.8
2017,May,27,12,23.78
2017,May,27,13,22.09
2017,May,27,14,20.59
2017,May,27,15,19.06
2017,May,27,16,17.66
2017,May,27,17,15.55
2017,May,27,18,15.48
2017,May,27,19,14.55
2017,May,27,20,14.13
2017,May,27,21,13.43
2017,May,27,22,12.82
2017,May,27,23,12.75
2017,May,28,0,12.9
2017,May,28,1,12.66
2017,May,28,2,12.52
2017,May,28,3,12.24
2017,May,28,4,12.11
2017,May,28,5,12.14
2017,May,28,6,12.27
2017,May,28,7,12.19
2017,May,28,8,12.37
2017,May,28,9,12.56
2017,May,28,10,12.49
2017,May,28,11,12.81
2017,May,28,12,13.84
2017,May,28,13,13.87
2017,May,28,14,13.8
2017,May,28,15,13.84
2017,May,28,16,13.72
2017,May,28,17,13.86
2017,May,28,18,14.18
2017,May,28,19,13.41
2017,May,28,20,12.53
2017,May,28,21,12.06
2017,May,28,22,12.24
2017,May,28,23,13.72
2017,May,29,0,14.43
2017,May,29,1,13.97
2017,May,29,2,13.77
2017,May,29,3,13.26
2017,May,29,4,12.91
2017,May,29,5,13.38
2017,May,29,6,13.43
2017,May,29,7,13.11
2017,May,29,8,12.28
2017,May,29,9,12.22
2017,May,29,10,12.06
2017,May,29,11,12.36
2017,May,29,12,13.12
2017,May,29,13,13.66
2017,May,29,14,14.27
2017,May,29,15,14.15
2017,May,29,16,13.76
2017,May,29,17,13.89
2017,May,29,18,13.86
2017,May,29,19,14.07
2017,May,29,20,13.47
2017,May,29,21,13.37
2017,May,29,22,13.2
2017,May,29,23,13.43
2017,May,30,0,13.15
2017,May,30,1,12.67
2017,May,30,2,12.49
2017,May,30,3,12.52
2017,May,30,4,12.51
2017,May,30,5,12.57
2017,May,30,6,12.8
2017,May,30,7,13.17
2017,May,30,8,13.8
2017,May,30,9,13.83
2017,May,30,10,14.61
2017,May,30,11,14.92
2017,May,30,12,14.34
2017,May,30,13,14.64
2017,May,30,14,14.52
2017,May,30,15,13.7
2017,May,30,16,12.91
2017,May,30,17,13.03
2017,May,30,18,12.95
2017,May,30,19,13.37
2017,May,30,20,11.99
2017,May,30,21,10.81
2017,May,30,22,10.09
2017,May,30,23,9.87
2017,May,31,0,9.35
2017,May,31,1,8.74
2017,May,31,2,8.22
2017,May,31,3,8.11
2017,May,31,4,8.57
2017,May,31,5,8.56
2017,May,31,6,10.63
2017,May,31,7,12.28
2017,May,31,8,13.27
2017,May,31,9,14.19
2017,May,31,10,15.13
2017,May,31,11,15.75
2017,May,31,12,17.22
2017,May,31,13,18.07
2017,May,31,14,18.79
2017,May,31,15,19.44
2017,May,31,16,19.75
2017,May,31,17,19.18
2017,May,31,18,17.57
2017,May,31,19,16.12
2017,May,31,20,15.62
2017,May,31,21,15.22
2017,May,31,22,14.53
2017,May,31,23,14.31
